sku_id,stock_quantity,warehouse,last_updated
SKU-BEAU-05592,353,Wellington,2026-01-09
SKU-OFFI-09975,421,Auckland,2026-03-11
SKU-HEAL-11618,63,Brisbane,2026-04-27
SKU-ELEC-00601,239,Adelaide,2026-05-04
SKU-APPA-01994,141,Wellington,2026-07-04
SKU-BEAU-05608,,Christchurch,2026-05-22
SKU-OFFI-10131,92,Adelaide,2026-06-24
SKU-ELEC-00154,331,Perth,2026-05-14
SKU-HOME-03107,281,Christchurch,2026-04-12
SKU-ELEC-01142,292,Adelaide,2026-06-14
SKU-AUTO-08149,275,Melbourne,2026-05-28
SKU-HOME-03506,180,Melbourne,2026-06-21
SKU-GROC-08796,110,Christchurch,2026-05-28
SKU-HEAL-10820,252,Wellington,2026-05-17
SKU-HOME-02983,252,Wellington,2026-01-02
SKU-APPA-02380,135,Melbourne,2026-04-04
SKU-APPA-01989,195,Wellington,2026-04-15
SKU-APPA-01969,,Adelaide,2026-06-19
SKU-HOME-03477,444,Perth,2026-01-23
SKU-HEAL-11787,446,Wellington,2026-02-11
SKU-HEAL-11248,119,Auckland,2026-03-14
SKU-SPOR-03831,123,Adelaide,2026-07-07
SKU-OFFI-09979,492,Perth,2026-07-23
SKU-BEAU-04955,479,Perth,2026-05-28
SKU-OFFI-10548,181,Sydney,2026-05-08
SKU-HEAL-11607,472,Perth,2026-01-15
SKU-TOYS-07029,292,Perth,2026-05-25
SKU-BEAU-05077,94,Adelaide,2026-04-22
SKU-SPOR-04144,285,Melbourne,2026-04-05
SKU-TOYS-06310,410,Adelaide,2026-07-10
SKU-ELEC-00247,164,Perth,2026-01-21
SKU-ELEC-00486,71,Melbourne,2026-06-21
SKU-AUTO-08339,,Adelaide,2026-03-15
SKU-GROC-08840,406,Wellington,2026-01-14
SKU-TOYS-06809,280,Brisbane,2026-02-08
SKU-ELEC-00646,323,Auckland,2026-05-05
SKU-HOME-02803,402,Auckland,2026-02-06
SKU-BEAU-04993,126,Wellington,2026-07-27
SKU-APPA-02157,456,Adelaide,2026-07-26
SKU-ELEC-00688,,Auckland,2026-07-16
SKU-GROC-08702,314,Auckland,2026-04-13
SKU-AUTO-07482,25,Melbourne,2026-07-13
SKU-BEAU-05262,148,Adelaide,2026-06-27
SKU-TOYS-07153,69,Wellington,2026-05-23
SKU-AUTO-07394,192,Brisbane,2026-06-18
SKU-OFFI-10106,173,Auckland,2026-05-28
SKU-OFFI-09773,455,Auckland,2026-05-27
SKU-BEAU-05972,14,Christchurch,2026-03-20
SKU-APPA-01940,6,Brisbane,2026-01-04
SKU-HOME-02715,117,Sydney,2026-01-22
SKU-TOYS-06032,446,Adelaide,2026-07-27
SKU-SPOR-04568,486,Sydney,2026-06-19
SKU-AUTO-08060,136,Perth,2026-07-09
SKU-GROC-09503,177,Melbourne,2026-04-13
SKU-ELEC-00129,494,Christchurch,2026-01-21
SKU-AUTO-08304,383,Perth,2026-05-08
SKU-TOYS-06281,440,Wellington,2026-04-01
SKU-BEAU-05260,131,Sydney,2026-06-12
SKU-GROC-09597,429,Christchurch,2026-03-09
SKU-GROC-08504,233,Melbourne,2026-04-24
SKU-ELEC-00399,243,Perth,2026-01-11
SKU-HEAL-11023,199,Wellington,2026-05-04
SKU-TOYS-06634,107,Christchurch,2026-03-08
SKU-HOME-03513,218,Sydney,2026-06-10
SKU-AUTO-07811,191,Brisbane,2026-02-26
SKU-TOYS-06989,89,Auckland,2026-01-04
SKU-OFFI-10645,199,Auckland,2026-04-12
SKU-OFFI-10612,323,Brisbane,2026-05-11
SKU-APPA-01597,332,Perth,2026-02-03
SKU-GROC-08666,23,Melbourne,2026-04-05
SKU-BEAU-05106,50,Wellington,2026-02-01
SKU-AUTO-07413,81,Adelaide,2026-03-11
SKU-AUTO-08372,232,Melbourne,2026-06-18
SKU-HOME-02617,420,Brisbane,2026-03-15
SKU-TOYS-07190,382,Sydney,2026-07-18
SKU-APPA-01294,83,Brisbane,2026-04-10
SKU-OFFI-10797,405,Sydney,2026-07-14
SKU-TOYS-06123,445,Adelaide,2026-05-11
SKU-SPOR-04377,45,Sydney,2026-01-23
SKU-HOME-02701,275,Adelaide,2026-06-17
SKU-HOME-03530,,Auckland,2026-02-14
SKU-AUTO-07354,109,Melbourne,2026-05-24
SKU-HEAL-11568,81,Sydney,2026-05-17
SKU-SPOR-04751,362,Auckland,2026-06-24
SKU-HOME-03585,476,Melbourne,2026-04-03
SKU-BEAU-05467,424,Christchurch,2026-07-07
SKU-ELEC-01002,91,Christchurch,2026-05-13
SKU-OFFI-10653,,Perth,2026-02-20
SKU-APPA-02030,445,Sydney,2026-03-25
SKU-HOME-03385,299,Christchurch,2026-04-02
SKU-APPA-01304,141,Melbourne,2026-04-22
SKU-OFFI-09813,371,Brisbane,2026-06-05
SKU-HEAL-11579,382,Wellington,2026-06-28
SKU-BEAU-05955,492,Christchurch,2026-07-28
SKU-BEAU-05644,473,Brisbane,2026-01-07
SKU-AUTO-07915,77,Auckland,2026-02-27
SKU-ELEC-00248,469,Brisbane,2026-01-21
SKU-TOYS-06151,125,Christchurch,2026-05-14
SKU-TOYS-06290,323,Perth,2026-03-04
SKU-APPA-02175,164,Adelaide,2026-03-11
SKU-BEAU-04946,484,Auckland,2026-06-17
SKU-HEAL-10826,85,Perth,2026-07-06
SKU-TOYS-06173,284,Sydney,2026-06-24
SKU-GROC-08839,476,Perth,2026-03-23
SKU-APPA-01613,319,Melbourne,2026-04-03
SKU-HOME-02673,448,Sydney,2026-07-26
SKU-APPA-02044,52,Brisbane,2026-04-28
SKU-HEAL-11000,89,Sydney,2026-03-06
SKU-APPA-02191,487,Melbourne,2026-06-25
SKU-OFFI-09871,296,Melbourne,2026-04-06
SKU-TOYS-06135,245,Adelaide,2026-03-28
SKU-HOME-03342,268,Melbourne,2026-01-26
SKU-APPA-01343,85,Wellington,2026-07-10
SKU-TOYS-06455,25,Wellington,2026-04-05
SKU-GROC-09533,47,Brisbane,2026-07-23
SKU-AUTO-07578,483,Wellington,2026-01-04
SKU-HEAL-11305,455,Wellington,2026-02-17
SKU-ELEC-00813,473,Sydney,2026-02-03
SKU-AUTO-07607,20,Brisbane,2026-07-06
SKU-ELEC-00883,281,Brisbane,2026-06-22
SKU-TOYS-06889,191,Brisbane,2026-05-06
SKU-SPOR-04418,228,Wellington,2026-06-20
SKU-ELEC-00024,355,Sydney,2026-06-05
SKU-OFFI-09613,207,Christchurch,2026-05-11
SKU-OFFI-10549,480,Christchurch,2026-04-24
SKU-TOYS-06726,273,Sydney,2026-05-24
SKU-HOME-02788,75,Wellington,2026-02-01
SKU-SPOR-04313,456,Perth,2026-07-27
SKU-HEAL-11758,126,Adelaide,2026-06-08
SKU-TOYS-07044,231,Brisbane,2026-06-01
SKU-GROC-08460,486,Auckland,2026-07-19
SKU-APPA-01663,131,Brisbane,2026-02-16
SKU-ELEC-00340,93,Brisbane,2026-07-20
SKU-BEAU-04873,421,Christchurch,2026-01-10
SKU-APPA-01575,440,Melbourne,2026-03-03
SKU-ELEC-00488,392,Perth,2026-06-22
SKU-OFFI-10135,413,Sydney,2026-07-13
SKU-AUTO-07684,499,Melbourne,2026-07-23
SKU-APPA-02369,411,Brisbane,2026-01-09
SKU-APPA-02258,442,Perth,2026-01-28
SKU-ELEC-01146,282,Wellington,2026-04-16
SKU-AUTO-07670,486,Brisbane,2026-05-28
SKU-OFFI-10685,425,Melbourne,2026-04-08
SKU-GROC-08736,268,Auckland,2026-02-06
SKU-HEAL-11954,245,Melbourne,2026-07-14
SKU-BEAU-04974,236,Perth,2026-01-09
SKU-TOYS-06811,313,Perth,2026-05-25
SKU-SPOR-03905,172,Wellington,2026-07-05
SKU-BEAU-04857,,Melbourne,2026-01-03
SKU-BEAU-04876,391,Christchurch,2026-04-08
SKU-TOYS-06958,41,Wellington,2026-07-02
SKU-GROC-08703,481,Melbourne,2026-04-17
SKU-HEAL-11304,226,Auckland,2026-04-22
SKU-SPOR-03756,441,Sydney,2026-05-17
SKU-OFFI-10519,,Auckland,2026-02-02
SKU-HEAL-11079,258,Perth,2026-06-07
SKU-AUTO-08210,175,Wellington,2026-05-24
SKU-AUTO-07412,404,Christchurch,2026-05-13
SKU-TOYS-06616,418,Christchurch,2026-02-06
SKU-AUTO-07614,498,Wellington,2026-02-14
SKU-BEAU-05000,351,Perth,2026-06-06
SKU-BEAU-05533,414,Melbourne,2026-07-27
SKU-ELEC-01056,307,Auckland,2026-06-19
SKU-OFFI-09821,187,Melbourne,2026-03-25
SKU-APPA-01986,423,Melbourne,2026-07-06
SKU-TOYS-07039,114,Brisbane,2026-06-17
SKU-GROC-08431,30,Wellington,2026-07-04
SKU-AUTO-08192,138,Adelaide,2026-01-22
SKU-OFFI-10124,188,Sydney,2026-06-03
SKU-APPA-01966,471,Christchurch,2026-06-12
SKU-OFFI-10559,346,Melbourne,2026-02-02
SKU-SPOR-04375,20,Auckland,2026-01-15
SKU-TOYS-06926,28,Adelaide,2026-02-09
SKU-HOME-02481,358,Melbourne,2026-04-27
SKU-BEAU-05693,244,Perth,2026-04-25
SKU-AUTO-07810,100,Adelaide,2026-02-06
SKU-BEAU-05725,454,Wellington,2026-03-09
SKU-HOME-02916,404,Brisbane,2026-03-21
SKU-AUTO-07419,205,Auckland,2026-01-24
SKU-SPOR-04385,239,Christchurch,2026-06-14
SKU-GROC-08419,174,Adelaide,2026-01-13
SKU-APPA-02095,305,Melbourne,2026-05-25
SKU-AUTO-07481,181,Perth,2026-05-17
SKU-GROC-09393,174,Sydney,2026-03-01
SKU-AUTO-08187,319,Perth,2026-07-09
SKU-APPA-02078,112,Sydney,2026-01-04
SKU-APPA-02088,474,Melbourne,2026-03-22
SKU-TOYS-06081,203,Christchurch,2026-06-21
SKU-HEAL-11170,396,Perth,2026-03-23
SKU-AUTO-08296,212,Adelaide,2026-03-15
SKU-HEAL-11637,395,Perth,2026-04-14
SKU-SPOR-03603,341,Auckland,2026-03-11
SKU-APPA-01533,180,Adelaide,2026-07-24
SKU-GROC-08661,,Sydney,2026-05-16
SKU-HOME-03262,66,Perth,2026-07-05
SKU-TOYS-07175,35,Perth,2026-01-24
SKU-APPA-01751,,Perth,2026-04-16
SKU-ELEC-00653,,Melbourne,2026-02-03
SKU-GROC-09106,413,Perth,2026-01-15
SKU-APPA-02374,361,Christchurch,2026-07-06
SKU-APPA-01857,190,Adelaide,2026-05-14
SKU-HOME-03542,462,Perth,2026-03-23
SKU-HEAL-11880,408,Adelaide,2026-04-17
SKU-BEAU-05547,239,Adelaide,2026-06-04
SKU-HEAL-11025,472,Wellington,2026-07-07
SKU-HEAL-11011,405,Adelaide,2026-04-03
SKU-APPA-02024,200,Sydney,2026-07-03
SKU-APPA-01489,223,Auckland,2026-04-01
SKU-BEAU-05223,118,Auckland,2026-06-28
SKU-BEAU-05686,58,Melbourne,2026-05-25
SKU-HEAL-11853,,Perth,2026-03-23
SKU-TOYS-06402,277,Christchurch,2026-07-07
SKU-TOYS-06979,209,Brisbane,2026-03-02
SKU-HOME-03554,184,Melbourne,2026-04-04
SKU-TOYS-06670,271,Auckland,2026-02-24
SKU-HOME-03190,423,Perth,2026-03-01
SKU-ELEC-00182,485,Adelaide,2026-04-27
SKU-HOME-02910,,Brisbane,2026-02-22
SKU-TOYS-06764,234,Sydney,2026-02-19
SKU-ELEC-00995,258,Melbourne,2026-01-18
SKU-HOME-02463,237,Auckland,2026-01-17
SKU-AUTO-07723,213,Auckland,2026-07-25
SKU-AUTO-07777,307,Brisbane,2026-01-23
SKU-GROC-08629,489,Sydney,2026-07-15
SKU-GROC-09206,312,Auckland,2026-03-22
SKU-HEAL-10898,118,Adelaide,2026-07-19
SKU-ELEC-00915,157,Auckland,2026-06-13
SKU-ELEC-00319,72,Auckland,2026-02-21
SKU-TOYS-06351,362,Perth,2026-02-01
SKU-AUTO-07475,233,Sydney,2026-03-03
SKU-HEAL-11218,186,Auckland,2026-04-16
SKU-HOME-02592,182,Melbourne,2026-03-25
SKU-GROC-08745,497,Wellington,2026-02-28
SKU-APPA-02011,470,Melbourne,2026-07-09
SKU-HOME-02779,453,Christchurch,2026-01-02
SKU-HEAL-11572,101,Auckland,2026-03-07
SKU-BEAU-04949,486,Melbourne,2026-05-19
SKU-HEAL-11402,253,Brisbane,2026-03-14
SKU-BEAU-05340,257,Adelaide,2026-04-17
SKU-AUTO-07369,,Adelaide,2026-02-01
SKU-HEAL-11680,311,Christchurch,2026-03-08
SKU-SPOR-04452,440,Brisbane,2026-02-18
SKU-ELEC-00162,276,Sydney,2026-05-19
SKU-AUTO-07429,105,Adelaide,2026-07-01
SKU-ELEC-00670,428,Sydney,2026-07-05
SKU-TOYS-06825,,Auckland,2026-06-11
SKU-OFFI-10197,,Brisbane,2026-07-24
SKU-APPA-01529,43,Auckland,2026-04-19
SKU-HOME-03427,277,Sydney,2026-03-25
SKU-TOYS-06005,68,Brisbane,2026-05-23
SKU-APPA-01289,36,Sydney,2026-07-18
SKU-TOYS-06838,472,Melbourne,2026-02-04
SKU-BEAU-05283,367,Wellington,2026-05-23
SKU-BEAU-05301,423,Auckland,2026-05-11
SKU-BEAU-05031,,Adelaide,2026-04-03
SKU-ELEC-00757,74,Auckland,2026-06-27
SKU-APPA-01671,4,Brisbane,2026-06-18
SKU-HEAL-11562,,Brisbane,2026-06-10
SKU-OFFI-10330,433,Perth,2026-06-17
SKU-HOME-02974,135,Adelaide,2026-05-03
SKU-GROC-09293,172,Brisbane,2026-03-11
SKU-AUTO-08229,299,Brisbane,2026-02-20
SKU-GROC-08847,36,Wellington,2026-01-25
SKU-TOYS-06944,29,Auckland,2026-04-25
SKU-SPOR-04220,153,Auckland,2026-04-16
SKU-APPA-01987,355,Brisbane,2026-06-11
SKU-HEAL-11487,,Adelaide,2026-06-11
SKU-OFFI-10752,81,Auckland,2026-06-14
SKU-HOME-03324,,Adelaide,2026-02-03
SKU-HEAL-11224,455,Melbourne,2026-06-28
SKU-HEAL-11652,359,Melbourne,2026-04-20
SKU-BEAU-05538,317,Adelaide,2026-05-25
SKU-OFFI-10001,151,Christchurch,2026-03-05
SKU-ELEC-00665,86,Wellington,2026-05-03
SKU-TOYS-06973,127,Wellington,2026-07-08
SKU-APPA-01779,283,Brisbane,2026-07-20
SKU-BEAU-05358,174,Brisbane,2026-02-20
SKU-APPA-01792,214,Christchurch,2026-02-22
SKU-TOYS-06420,268,Brisbane,2026-05-15
SKU-HEAL-11663,366,Auckland,2026-07-07
SKU-APPA-02348,,Auckland,2026-03-23
SKU-HOME-03179,269,Brisbane,2026-02-02
SKU-APPA-02263,113,Brisbane,2026-07-10
SKU-APPA-02317,3,Wellington,2026-04-02
SKU-HOME-02628,108,Brisbane,2026-05-04
SKU-APPA-01887,270,Brisbane,2026-04-05
SKU-GROC-09062,474,Christchurch,2026-07-19
SKU-BEAU-05019,318,Auckland,2026-06-13
SKU-HEAL-11120,23,Auckland,2026-01-07
SKU-BEAU-04856,74,Sydney,2026-03-22
SKU-HEAL-10819,214,Adelaide,2026-02-22
SKU-ELEC-00870,36,Auckland,2026-04-12
SKU-APPA-01402,470,Wellington,2026-03-24
SKU-HOME-03214,28,Brisbane,2026-06-17
SKU-HEAL-11466,,Perth,2026-06-21
SKU-HOME-02595,,Brisbane,2026-01-09
SKU-TOYS-06389,444,Sydney,2026-06-23
SKU-AUTO-07667,406,Auckland,2026-07-14
SKU-TOYS-06007,337,Perth,2026-04-08
SKU-TOYS-06153,59,Melbourne,2026-04-01
SKU-HEAL-10855,428,Perth,2026-02-20
SKU-BEAU-05211,452,Auckland,2026-01-11
SKU-AUTO-08348,49,Sydney,2026-02-12
SKU-SPOR-03614,39,Auckland,2026-07-21
SKU-AUTO-07728,53,Auckland,2026-02-16
SKU-APPA-01519,99,Wellington,2026-05-02
SKU-HEAL-10972,125,Brisbane,2026-05-20
SKU-TOYS-06864,299,Wellington,2026-03-04
SKU-SPOR-04065,309,Perth,2026-07-17
SKU-APPA-02274,308,Brisbane,2026-07-01
SKU-ELEC-00157,200,Wellington,2026-03-10
SKU-HEAL-11139,465,Brisbane,2026-02-10
SKU-TOYS-06684,339,Perth,2026-06-27
SKU-HEAL-11488,162,Sydney,2026-03-21
SKU-GROC-09182,400,Sydney,2026-01-01
SKU-GROC-09168,74,Brisbane,2026-04-07
SKU-OFFI-10219,114,Wellington,2026-02-08
SKU-GROC-08534,138,Brisbane,2026-04-23
SKU-ELEC-00421,380,Melbourne,2026-01-03
SKU-OFFI-10157,128,Brisbane,2026-03-18
SKU-BEAU-05695,379,Wellington,2026-01-07
SKU-APPA-02232,134,Christchurch,2026-03-16
SKU-ELEC-00899,21,Christchurch,2026-04-08
SKU-OFFI-09802,71,Adelaide,2026-04-06
SKU-BEAU-05115,381,Perth,2026-02-25
SKU-HOME-02539,463,Adelaide,2026-06-05
SKU-AUTO-07977,478,Auckland,2026-06-14
SKU-BEAU-05677,98,Perth,2026-04-22
SKU-APPA-01477,321,Brisbane,2026-03-22
SKU-SPOR-03740,188,Adelaide,2026-02-26
SKU-ELEC-00573,179,Adelaide,2026-06-12
SKU-TOYS-07019,453,Wellington,2026-04-01
SKU-GROC-09115,16,Melbourne,2026-02-26
SKU-APPA-02182,492,Perth,2026-07-07
SKU-APPA-02177,140,Brisbane,2026-04-08
SKU-TOYS-06364,307,Wellington,2026-04-22
SKU-HEAL-11354,138,Wellington,2026-07-11
SKU-TOYS-06335,241,Melbourne,2026-02-21
SKU-HOME-03425,174,Auckland,2026-04-25
SKU-HEAL-11394,,Perth,2026-02-20
SKU-HOME-03461,267,Perth,2026-03-03
SKU-OFFI-09716,126,Sydney,2026-05-04
SKU-APPA-01391,103,Christchurch,2026-06-17
SKU-HEAL-11753,181,Wellington,2026-03-02
SKU-AUTO-08016,432,Sydney,2026-03-06
SKU-HEAL-11802,281,Melbourne,2026-07-03
SKU-TOYS-07195,284,Adelaide,2026-01-08
SKU-HOME-03541,241,Melbourne,2026-06-03
SKU-HEAL-10877,250,Wellington,2026-03-15
SKU-HEAL-10982,211,Wellington,2026-03-09
SKU-HOME-03067,390,Perth,2026-02-11
SKU-BEAU-04948,193,Perth,2026-03-01
SKU-BEAU-05561,246,Brisbane,2026-02-24
SKU-HOME-03391,463,Wellington,2026-01-18
SKU-OFFI-10655,374,Perth,2026-03-19
SKU-HEAL-11243,3,Wellington,2026-06-13
SKU-AUTO-07938,205,Sydney,2026-03-20
SKU-HOME-03307,,Perth,2026-05-04
SKU-OFFI-10470,385,Wellington,2026-01-20
SKU-SPOR-04021,474,Brisbane,2026-07-10
SKU-OFFI-10719,228,Brisbane,2026-02-21
SKU-HOME-03526,22,Melbourne,2026-02-10
SKU-BEAU-05097,438,Brisbane,2026-05-09
SKU-BEAU-05224,,Christchurch,2026-02-14
SKU-ELEC-01010,13,Auckland,2026-03-07
SKU-APPA-01372,19,Christchurch,2026-06-03
SKU-APPA-01709,495,Melbourne,2026-04-06
SKU-AUTO-07280,217,Auckland,2026-03-10
SKU-ELEC-01044,299,Christchurch,2026-04-24
SKU-ELEC-00386,11,Melbourne,2026-06-06
SKU-ELEC-00322,320,Christchurch,2026-05-12
SKU-SPOR-04058,,Adelaide,2026-04-03
SKU-BEAU-04964,81,Sydney,2026-03-18
SKU-GROC-09057,8,Melbourne,2026-05-17
SKU-AUTO-08383,124,Christchurch,2026-07-16
SKU-APPA-01436,341,Perth,2026-04-01
SKU-ELEC-00699,480,Perth,2026-04-22
SKU-HOME-03587,422,Perth,2026-01-19
SKU-APPA-01534,124,Auckland,2026-02-14
SKU-APPA-01244,285,Christchurch,2026-06-05
SKU-AUTO-08007,263,Wellington,2026-01-21
SKU-TOYS-06249,207,Sydney,2026-01-09
SKU-OFFI-10503,361,Brisbane,2026-03-28
SKU-ELEC-01144,489,Sydney,2026-04-12
SKU-OFFI-09785,465,Christchurch,2026-07-27
SKU-OFFI-10652,48,Brisbane,2026-04-19
SKU-HEAL-10829,389,Adelaide,2026-07-12
SKU-APPA-02156,170,Melbourne,2026-03-18
SKU-TOYS-07119,428,Sydney,2026-04-22
SKU-AUTO-08004,392,Christchurch,2026-07-26
SKU-HEAL-11208,10,Christchurch,2026-05-04
SKU-SPOR-04720,274,Adelaide,2026-06-23
SKU-SPOR-03853,420,Melbourne,2026-07-22
SKU-OFFI-10340,92,Wellington,2026-07-16
SKU-HEAL-11329,461,Melbourne,2026-07-19
SKU-APPA-01327,,Auckland,2026-06-09
SKU-GROC-09478,,Adelaide,2026-05-28
SKU-APPA-01833,107,Brisbane,2026-02-23
SKU-AUTO-08224,263,Sydney,2026-02-03
SKU-APPA-01796,114,Christchurch,2026-06-09
SKU-AUTO-07707,197,Christchurch,2026-04-09
SKU-HEAL-11817,393,Sydney,2026-06-20
SKU-GROC-08936,500,Sydney,2026-01-22
SKU-BEAU-05441,301,Sydney,2026-05-02
SKU-HOME-03038,169,Adelaide,2026-07-09
SKU-HOME-02795,19,Melbourne,2026-01-18
SKU-ELEC-01195,371,Perth,2026-05-08
SKU-HEAL-11137,497,Melbourne,2026-07-24
SKU-SPOR-03752,447,Sydney,2026-03-13
SKU-GROC-08569,464,Brisbane,2026-03-15
SKU-OFFI-09759,432,Auckland,2026-04-24
SKU-OFFI-10009,355,Melbourne,2026-04-10
SKU-HOME-02623,97,Christchurch,2026-04-07
SKU-HOME-02465,228,Auckland,2026-03-14
SKU-HEAL-11408,44,Wellington,2026-02-14
SKU-TOYS-06524,82,Brisbane,2026-06-18
SKU-HEAL-11027,452,Perth,2026-05-12
SKU-ELEC-00575,200,Sydney,2026-02-19
SKU-OFFI-09604,488,Perth,2026-01-02
SKU-TOYS-06733,408,Sydney,2026-04-07
SKU-APPA-02080,191,Melbourne,2026-05-27
SKU-OFFI-10282,2,Brisbane,2026-04-08
SKU-APPA-01472,94,Sydney,2026-03-11
SKU-SPOR-03988,274,Adelaide,2026-05-22
SKU-ELEC-00296,20,Auckland,2026-05-14
SKU-BEAU-05525,444,Melbourne,2026-02-17
SKU-SPOR-04024,198,Perth,2026-06-28
SKU-ELEC-00339,130,Adelaide,2026-02-04
SKU-ELEC-01099,454,Perth,2026-01-04
SKU-TOYS-06689,82,Auckland,2026-06-11
SKU-BEAU-04834,238,Melbourne,2026-03-05
SKU-TOYS-07170,291,Perth,2026-03-10
SKU-ELEC-01181,277,Christchurch,2026-05-06
SKU-AUTO-07616,118,Sydney,2026-01-05
SKU-AUTO-07960,110,Sydney,2026-07-14
SKU-ELEC-00081,147,Wellington,2026-06-05
SKU-OFFI-10161,387,Christchurch,2026-02-22
SKU-HOME-03561,364,Perth,2026-01-17
SKU-BEAU-05672,356,Brisbane,2026-01-20
SKU-HOME-03444,189,Christchurch,2026-05-02
SKU-BEAU-04848,260,Adelaide,2026-06-03
SKU-BEAU-05575,371,Christchurch,2026-04-03
SKU-OFFI-10288,255,Perth,2026-07-26
SKU-BEAU-04988,9,Adelaide,2026-06-20
SKU-OFFI-10596,272,Wellington,2026-07-17
SKU-OFFI-10581,9,Christchurch,2026-05-24
SKU-APPA-01462,48,Christchurch,2026-02-08
SKU-AUTO-08063,89,Brisbane,2026-03-03
SKU-SPOR-04608,120,Christchurch,2026-06-08
SKU-OFFI-09725,498,Melbourne,2026-06-14
SKU-HOME-02935,,Brisbane,2026-06-16
SKU-BEAU-05779,132,Adelaide,2026-04-12
SKU-ELEC-00378,37,Christchurch,2026-03-04
SKU-ELEC-00838,134,Adelaide,2026-01-16
SKU-ELEC-00577,290,Brisbane,2026-04-03
SKU-BEAU-05674,157,Christchurch,2026-01-15
SKU-HOME-03149,363,Adelaide,2026-07-14
SKU-HOME-03012,433,Christchurch,2026-03-07
SKU-HEAL-11690,192,Adelaide,2026-04-15
SKU-APPA-02363,375,Melbourne,2026-07-23
SKU-BEAU-04802,301,Melbourne,2026-03-20
SKU-OFFI-10027,144,Christchurch,2026-03-17
SKU-HOME-03437,251,Wellington,2026-07-24
SKU-GROC-08775,202,Auckland,2026-04-06
SKU-APPA-01251,1,Christchurch,2026-07-25
SKU-APPA-01319,438,Perth,2026-06-24
SKU-HEAL-10894,496,Brisbane,2026-04-01
SKU-HEAL-11590,473,Perth,2026-02-13
SKU-OFFI-10177,251,Auckland,2026-02-20
SKU-ELEC-00714,354,Perth,2026-07-04
SKU-HEAL-10815,33,Sydney,2026-07-07
SKU-BEAU-05391,194,Christchurch,2026-01-04
SKU-APPA-01568,12,Brisbane,2026-01-23
SKU-HOME-02498,461,Brisbane,2026-06-19
SKU-GROC-09380,31,Auckland,2026-07-23
SKU-TOYS-06416,100,Perth,2026-02-09
SKU-AUTO-08153,34,Adelaide,2026-03-17
SKU-SPOR-04715,37,Melbourne,2026-01-12
SKU-HEAL-11607,472,Perth,2026-01-15
SKU-OFFI-10082,21,Adelaide,2026-05-13
SKU-GROC-08725,435,Perth,2026-05-04
SKU-APPA-01731,56,Christchurch,2026-03-04
SKU-OFFI-10473,127,Melbourne,2026-01-15
SKU-HEAL-11554,416,Auckland,2026-04-16
SKU-HOME-03564,279,Melbourne,2026-04-17
SKU-GROC-08449,270,Auckland,2026-07-17
SKU-SPOR-04771,437,Auckland,2026-06-28
SKU-APPA-02032,,Sydney,2026-06-13
SKU-OFFI-10002,205,Christchurch,2026-06-10
SKU-OFFI-10480,99,Adelaide,2026-03-25
SKU-HEAL-11659,349,Melbourne,2026-04-28
SKU-GROC-09387,13,Wellington,2026-07-15
SKU-SPOR-03971,199,Brisbane,2026-03-22
SKU-GROC-08841,419,Auckland,2026-07-07
SKU-BEAU-05737,7,Melbourne,2026-02-04
SKU-TOYS-06496,488,Auckland,2026-03-24
SKU-BEAU-04933,305,Christchurch,2026-02-05
SKU-HEAL-11740,438,Perth,2026-07-16
SKU-OFFI-10706,479,Sydney,2026-04-24
SKU-ELEC-00336,473,Sydney,2026-04-16
SKU-TOYS-06396,359,Christchurch,2026-04-12
SKU-AUTO-08263,263,Auckland,2026-02-22
SKU-SPOR-03977,89,Perth,2026-03-08
SKU-HEAL-11670,216,Adelaide,2026-07-24
SKU-ELEC-00045,293,Auckland,2026-07-06
SKU-ELEC-00385,421,Melbourne,2026-05-23
SKU-BEAU-05429,3,Wellington,2026-04-28
SKU-OFFI-10301,138,Auckland,2026-05-17
SKU-TOYS-06773,216,Auckland,2026-04-07
SKU-HEAL-12000,497,Christchurch,2026-06-25
SKU-TOYS-06955,446,Brisbane,2026-01-01
SKU-SPOR-03635,277,Wellington,2026-01-27
SKU-OFFI-10688,427,Wellington,2026-05-26
SKU-ELEC-00700,209,Wellington,2026-04-19
SKU-AUTO-08206,43,Christchurch,2026-04-23
SKU-TOYS-07012,41,Brisbane,2026-04-04
SKU-APPA-02006,165,Christchurch,2026-04-22
SKU-SPOR-04620,1,Christchurch,2026-05-12
SKU-OFFI-10637,322,Brisbane,2026-04-12
SKU-SPOR-03647,164,Adelaide,2026-04-07
SKU-SPOR-03903,212,Christchurch,2026-01-02
SKU-BEAU-05536,401,Christchurch,2026-07-13
SKU-GROC-08485,446,Christchurch,2026-06-27
SKU-ELEC-00568,48,Wellington,2026-04-28
SKU-GROC-09131,379,Christchurch,2026-07-16
SKU-AUTO-08100,322,Sydney,2026-02-12
SKU-AUTO-08017,95,Perth,2026-04-11
SKU-TOYS-06050,181,Auckland,2026-07-14
SKU-ELEC-00631,51,Christchurch,2026-05-27
SKU-ELEC-00098,498,Perth,2026-06-14
SKU-HEAL-11965,190,Brisbane,2026-05-19
SKU-OFFI-10457,33,Sydney,2026-05-26
SKU-APPA-01938,256,Adelaide,2026-02-15
SKU-OFFI-10696,320,Sydney,2026-02-03
SKU-HEAL-11511,481,Sydney,2026-06-15
SKU-HEAL-11355,43,Perth,2026-05-27
SKU-HEAL-11084,261,Sydney,2026-06-27
SKU-GROC-09087,129,Brisbane,2026-04-10
SKU-OFFI-10166,82,Christchurch,2026-01-18
SKU-BEAU-05001,398,Auckland,2026-03-16
SKU-HEAL-11775,237,Adelaide,2026-03-04
SKU-TOYS-07097,337,Adelaide,2026-03-25
SKU-TOYS-06306,464,Adelaide,2026-06-28
SKU-AUTO-07213,164,Wellington,2026-02-20
SKU-OFFI-10422,404,Sydney,2026-07-18
SKU-APPA-01595,,Auckland,2026-05-10
SKU-SPOR-04106,186,Wellington,2026-01-08
SKU-GROC-08465,39,Sydney,2026-04-21
SKU-HOME-03155,87,Auckland,2026-02-02
SKU-HEAL-11961,470,Brisbane,2026-07-04
SKU-HOME-02654,240,Auckland,2026-07-20
SKU-HEAL-10813,378,Wellington,2026-07-06
SKU-HOME-03147,412,Melbourne,2026-05-18
SKU-AUTO-07586,304,Wellington,2026-05-28
SKU-AUTO-08227,302,Wellington,2026-02-27
SKU-APPA-02196,56,Melbourne,2026-04-02
SKU-OFFI-10003,259,Adelaide,2026-05-20
SKU-OFFI-10102,473,Adelaide,2026-07-17
SKU-APPA-01405,417,Wellington,2026-02-03
SKU-APPA-02161,172,Auckland,2026-01-04
SKU-APPA-02173,54,Adelaide,2026-04-05
SKU-SPOR-04062,392,Adelaide,2026-03-06
SKU-APPA-02125,48,Christchurch,2026-02-16
SKU-SPOR-04248,220,Auckland,2026-06-12
SKU-HEAL-11586,210,Wellington,2026-05-10
SKU-APPA-02142,353,Brisbane,2026-07-08
SKU-BEAU-04929,313,Perth,2026-04-01
SKU-HOME-02403,125,Brisbane,2026-04-13
SKU-BEAU-05518,217,Melbourne,2026-01-20
SKU-HOME-02996,468,Sydney,2026-01-13
SKU-HEAL-11576,,Christchurch,2026-06-13
SKU-AUTO-07425,246,Adelaide,2026-03-05
SKU-AUTO-07968,166,Sydney,2026-07-26
SKU-AUTO-07274,55,Auckland,2026-07-12
SKU-OFFI-10460,46,Wellington,2026-07-11
SKU-SPOR-03987,,Christchurch,2026-03-27
SKU-AUTO-08254,11,Wellington,2026-05-18
SKU-HOME-03527,383,Wellington,2026-03-25
SKU-SPOR-03790,376,Melbourne,2026-03-19
SKU-BEAU-05249,146,Auckland,2026-06-20
SKU-ELEC-01149,337,Wellington,2026-07-07
SKU-HOME-03102,494,Melbourne,2026-01-04
SKU-HEAL-11899,217,Melbourne,2026-04-06
SKU-TOYS-06921,13,Wellington,2026-06-20
SKU-HEAL-11942,138,Christchurch,2026-03-22
SKU-OFFI-10651,121,Christchurch,2026-07-03
SKU-HOME-02516,,Melbourne,2026-01-21
SKU-SPOR-03746,200,Christchurch,2026-04-20
SKU-SPOR-03773,431,Wellington,2026-04-20
SKU-HOME-02553,242,Adelaide,2026-05-26
SKU-HEAL-11091,472,Wellington,2026-04-07
SKU-SPOR-04493,195,Christchurch,2026-05-24
SKU-BEAU-05527,189,Brisbane,2026-05-27
SKU-TOYS-06181,55,Auckland,2026-05-10
SKU-GROC-08472,307,Auckland,2026-06-08
SKU-AUTO-07892,248,Melbourne,2026-06-10
SKU-OFFI-10518,355,Wellington,2026-02-11
SKU-HOME-02774,59,Brisbane,2026-01-18
SKU-BEAU-05186,256,Melbourne,2026-01-28
SKU-HEAL-11890,180,Auckland,2026-01-08
SKU-APPA-02099,290,Melbourne,2026-05-14
SKU-BEAU-05706,493,Sydney,2026-04-26
SKU-OFFI-10694,391,Adelaide,2026-03-05
SKU-TOYS-06654,184,Sydney,2026-07-05
SKU-APPA-02200,386,Sydney,2026-01-26
SKU-TOYS-06735,42,Wellington,2026-04-07
SKU-AUTO-07803,52,Brisbane,2026-02-23
SKU-TOYS-06142,366,Perth,2026-05-22
SKU-GROC-09363,472,Adelaide,2026-01-24
SKU-OFFI-09963,139,Perth,2026-04-01
SKU-OFFI-09880,444,Auckland,2026-01-13
SKU-TOYS-07084,367,Melbourne,2026-01-13
SKU-SPOR-03730,460,Perth,2026-06-11
SKU-SPOR-04653,223,Adelaide,2026-04-03
SKU-GROC-08462,337,Sydney,2026-03-22
SKU-HOME-02992,,Perth,2026-03-11
SKU-HOME-02622,155,Adelaide,2026-05-23
SKU-APPA-01537,172,Perth,2026-01-11
SKU-TOYS-06873,103,Melbourne,2026-01-21
SKU-TOYS-06485,,Melbourne,2026-04-02
SKU-BEAU-05479,182,Sydney,2026-01-27
SKU-HEAL-10920,213,Adelaide,2026-07-28
SKU-OFFI-09763,72,Melbourne,2026-01-28
SKU-TOYS-06663,95,Perth,2026-05-10
SKU-AUTO-07753,323,Christchurch,2026-05-04
SKU-APPA-01725,204,Brisbane,2026-03-22
SKU-SPOR-04490,,Christchurch,2026-02-21
SKU-OFFI-09902,131,Auckland,2026-03-15
SKU-OFFI-10121,476,Melbourne,2026-05-03
SKU-AUTO-08072,215,Christchurch,2026-01-19
SKU-AUTO-08281,188,Brisbane,2026-07-08
SKU-AUTO-08384,463,Brisbane,2026-04-08
SKU-HOME-02957,467,Melbourne,2026-02-09
SKU-AUTO-07990,146,Adelaide,2026-05-07
SKU-HOME-02573,,Christchurch,2026-02-21
SKU-ELEC-00284,0,Wellington,2026-03-16
SKU-HEAL-11259,401,Sydney,2026-07-16
SKU-GROC-08557,59,Christchurch,2026-07-13
SKU-HEAL-11694,113,Christchurch,2026-05-21
SKU-ELEC-00871,,Perth,2026-03-16
SKU-HEAL-11676,42,Sydney,2026-01-05
SKU-OFFI-10405,63,Sydney,2026-02-05
SKU-HEAL-11822,430,Sydney,2026-05-04
SKU-OFFI-09682,310,Christchurch,2026-03-12
SKU-APPA-01397,280,Brisbane,2026-05-17
SKU-SPOR-04510,6,Perth,2026-03-26
SKU-SPOR-04173,120,Brisbane,2026-07-13
SKU-SPOR-04088,348,Melbourne,2026-04-02
SKU-AUTO-07281,122,Adelaide,2026-04-20
SKU-APPA-01261,499,Brisbane,2026-05-21
SKU-GROC-09288,,Auckland,2026-04-25
SKU-HOME-03521,207,Christchurch,2026-02-27
SKU-AUTO-07353,193,Wellington,2026-05-23
SKU-SPOR-04128,66,Sydney,2026-01-24
SKU-SPOR-03821,41,Wellington,2026-04-14
SKU-SPOR-04324,351,Auckland,2026-01-16
SKU-HEAL-10818,34,Perth,2026-05-25
SKU-OFFI-09774,448,Wellington,2026-03-22
SKU-GROC-08852,447,Brisbane,2026-02-13
SKU-GROC-09304,402,Wellington,2026-06-04
SKU-HEAL-10804,429,Adelaide,2026-03-13
SKU-HOME-02847,139,Wellington,2026-03-11
SKU-TOYS-06468,394,Adelaide,2026-03-21
SKU-SPOR-04336,288,Adelaide,2026-05-02
SKU-GROC-09592,101,Christchurch,2026-03-28
SKU-OFFI-10562,407,Adelaide,2026-04-09
SKU-HOME-02661,402,Brisbane,2026-02-17
SKU-OFFI-10596,272,Wellington,2026-07-17
SKU-HEAL-11130,116,Wellington,2026-02-24
SKU-SPOR-03737,350,Brisbane,2026-05-14
SKU-HOME-02786,,Wellington,2026-04-28
SKU-HEAL-11580,291,Adelaide,2026-07-14
SKU-ELEC-00540,219,Adelaide,2026-06-07
SKU-APPA-01562,273,Christchurch,2026-03-12
SKU-APPA-01571,117,Brisbane,2026-04-07
SKU-BEAU-04930,29,Melbourne,2026-05-02
SKU-TOYS-06624,37,Wellington,2026-02-07
SKU-SPOR-04407,39,Melbourne,2026-01-27
SKU-HEAL-11555,7,Wellington,2026-05-03
SKU-SPOR-03659,177,Wellington,2026-06-21
SKU-HOME-03533,228,Wellington,2026-05-08
SKU-TOYS-06202,,Adelaide,2026-07-15
SKU-TOYS-07128,67,Christchurch,2026-06-17
SKU-HEAL-11414,204,Wellington,2026-06-22
SKU-TOYS-06253,,Sydney,2026-02-21
SKU-TOYS-06218,229,Melbourne,2026-05-22
SKU-SPOR-03898,357,Melbourne,2026-01-20
SKU-TOYS-06648,,Perth,2026-02-22
SKU-GROC-08508,103,Brisbane,2026-07-15
SKU-GROC-09275,181,Perth,2026-01-12
SKU-AUTO-07792,156,Melbourne,2026-02-19
SKU-APPA-01819,368,Wellington,2026-01-22
SKU-GROC-08906,11,Melbourne,2026-01-10
SKU-APPA-02135,419,Brisbane,2026-03-05
SKU-APPA-01734,310,Christchurch,2026-05-11
SKU-HOME-03287,385,Perth,2026-05-07
SKU-AUTO-07367,118,Adelaide,2026-02-06
SKU-GROC-09594,310,Sydney,2026-04-25
SKU-OFFI-09913,491,Brisbane,2026-04-27
SKU-OFFI-10162,298,Adelaide,2026-05-15
SKU-TOYS-06343,496,Brisbane,2026-03-08
SKU-APPA-01815,393,Adelaide,2026-05-03
SKU-TOYS-06759,282,Sydney,2026-03-18
SKU-HOME-03592,372,Perth,2026-04-18
SKU-APPA-01995,50,Auckland,2026-06-27
SKU-GROC-08808,78,Adelaide,2026-05-10
SKU-BEAU-05802,,Brisbane,2026-04-17
SKU-HEAL-11698,483,Wellington,2026-03-12
SKU-BEAU-04970,321,Sydney,2026-04-09
SKU-HEAL-11365,110,Melbourne,2026-05-28
SKU-BEAU-05952,327,Melbourne,2026-01-21
SKU-HEAL-11109,375,Auckland,2026-01-26
SKU-HEAL-10958,95,Adelaide,2026-07-10
SKU-AUTO-07856,30,Auckland,2026-01-15
SKU-APPA-02035,2,Melbourne,2026-07-14
SKU-AUTO-08093,398,Auckland,2026-04-08
SKU-TOYS-06029,312,Auckland,2026-02-09
SKU-HEAL-10945,470,Auckland,2026-07-17
SKU-TOYS-06987,100,Christchurch,2026-06-04
SKU-AUTO-07779,256,Sydney,2026-07-14
SKU-HEAL-11182,328,Brisbane,2026-02-24
SKU-AUTO-07933,403,Wellington,2026-05-01
SKU-APPA-01918,398,Brisbane,2026-04-20
SKU-OFFI-10793,212,Christchurch,2026-06-10
SKU-APPA-01848,256,Wellington,2026-02-16
SKU-AUTO-07699,6,Auckland,2026-06-14
SKU-APPA-02345,116,Wellington,2026-07-23
SKU-TOYS-06030,252,Sydney,2026-03-12
SKU-OFFI-09940,154,Perth,2026-02-23
SKU-BEAU-05327,145,Auckland,2026-01-21
SKU-ELEC-00969,29,Sydney,2026-07-20
SKU-GROC-08791,483,Auckland,2026-07-13
SKU-BEAU-05009,152,Wellington,2026-01-26
SKU-AUTO-07445,243,Brisbane,2026-01-14
SKU-HEAL-11037,401,Sydney,2026-06-24
SKU-TOYS-07166,122,Brisbane,2026-05-09
SKU-AUTO-07788,49,Sydney,2026-04-16
SKU-SPOR-04191,178,Perth,2026-06-15
SKU-SPOR-04558,119,Wellington,2026-04-08
SKU-ELEC-00960,142,Wellington,2026-01-03
SKU-SPOR-04720,274,Adelaide,2026-06-23
SKU-TOYS-06881,35,Perth,2026-01-04
SKU-SPOR-04251,342,Perth,2026-04-26
SKU-BEAU-05599,201,Melbourne,2026-02-16
SKU-HEAL-11938,168,Brisbane,2026-02-27
SKU-OFFI-09708,427,Sydney,2026-02-11
SKU-SPOR-04791,26,Melbourne,2026-01-17
SKU-APPA-01946,401,Christchurch,2026-04-05
SKU-TOYS-06010,166,Brisbane,2026-02-07
SKU-TOYS-06278,,Auckland,2026-04-02
SKU-HOME-02532,293,Wellington,2026-02-28
SKU-ELEC-00025,414,Melbourne,2026-01-15
SKU-HEAL-10935,317,Auckland,2026-02-06
SKU-TOYS-06137,56,Perth,2026-02-13
SKU-SPOR-04192,342,Adelaide,2026-05-28
SKU-OFFI-09610,105,Brisbane,2026-07-17
SKU-AUTO-07807,109,Perth,2026-03-03
SKU-GROC-09446,431,Christchurch,2026-04-21
SKU-OFFI-09628,257,Perth,2026-02-13
SKU-ELEC-00490,195,Melbourne,2026-04-23
SKU-BEAU-05838,25,Perth,2026-02-09
SKU-HOME-03535,124,Melbourne,2026-03-21
SKU-AUTO-08096,394,Sydney,2026-06-26
SKU-SPOR-04499,463,Wellington,2026-05-07
SKU-SPOR-04450,408,Wellington,2026-01-13
SKU-AUTO-07985,448,Sydney,2026-02-01
SKU-ELEC-00744,95,Melbourne,2026-01-16
SKU-SPOR-04773,459,Wellington,2026-07-06
SKU-BEAU-05117,449,Christchurch,2026-03-10
SKU-OFFI-09897,70,Brisbane,2026-01-16
SKU-HEAL-11154,,Sydney,2026-01-23
SKU-OFFI-10650,0,Sydney,2026-07-18
SKU-TOYS-06194,361,Melbourne,2026-01-18
SKU-SPOR-04013,340,Christchurch,2026-04-26
SKU-HOME-03308,331,Christchurch,2026-01-13
SKU-HOME-02890,166,Adelaide,2026-06-08
SKU-ELEC-00468,402,Perth,2026-07-16
SKU-HOME-03549,375,Christchurch,2026-02-26
SKU-BEAU-05579,59,Auckland,2026-03-24
SKU-HOME-02450,176,Perth,2026-07-13
SKU-ELEC-00217,205,Christchurch,2026-05-07
SKU-ELEC-00225,220,Brisbane,2026-06-25
SKU-HEAL-11795,,Melbourne,2026-07-01
SKU-AUTO-08347,201,Adelaide,2026-01-20
SKU-ELEC-00343,402,Perth,2026-04-24
SKU-HEAL-11145,11,Perth,2026-01-04
SKU-GROC-08968,178,Wellington,2026-07-24
SKU-BEAU-05918,406,Christchurch,2026-01-17
SKU-APPA-01785,345,Brisbane,2026-06-09
SKU-APPA-01458,219,Wellington,2026-02-13
SKU-HOME-02869,168,Auckland,2026-01-27
SKU-APPA-01655,217,Brisbane,2026-03-25
SKU-ELEC-00169,499,Melbourne,2026-07-14
SKU-HOME-02666,240,Adelaide,2026-07-03
SKU-TOYS-06334,76,Christchurch,2026-05-03
SKU-BEAU-05345,339,Wellington,2026-02-06
SKU-SPOR-04597,219,Auckland,2026-01-02
SKU-HEAL-11163,207,Brisbane,2026-06-28
SKU-SPOR-03663,7,Brisbane,2026-01-11
SKU-APPA-01380,390,Christchurch,2026-02-21
SKU-AUTO-08189,446,Brisbane,2026-07-24
SKU-BEAU-05152,368,Perth,2026-02-22
SKU-GROC-09447,422,Wellington,2026-07-08
SKU-OFFI-09943,459,Perth,2026-06-09
SKU-BEAU-05307,155,Melbourne,2026-04-17
SKU-SPOR-04299,322,Brisbane,2026-03-14
SKU-BEAU-05782,362,Adelaide,2026-06-16
SKU-OFFI-10662,0,Adelaide,2026-05-28
SKU-HOME-03270,,Wellington,2026-05-12
SKU-BEAU-05344,353,Sydney,2026-04-04
SKU-ELEC-00562,372,Sydney,2026-04-10
SKU-SPOR-04636,438,Wellington,2026-06-07
SKU-HOME-03507,215,Adelaide,2026-05-03
SKU-HOME-02457,,Auckland,2026-04-11
SKU-SPOR-04752,475,Melbourne,2026-04-23
SKU-OFFI-10165,427,Adelaide,2026-07-22
SKU-HEAL-11062,,Perth,2026-06-15
SKU-OFFI-10315,159,Melbourne,2026-07-11
SKU-APPA-01582,230,Brisbane,2026-01-22
SKU-HEAL-11619,453,Sydney,2026-04-23
SKU-TOYS-07056,452,Wellington,2026-06-01
SKU-ELEC-00372,188,Perth,2026-07-16
SKU-GROC-08491,31,Perth,2026-02-27
SKU-SPOR-04700,143,Wellington,2026-06-24
SKU-ELEC-00830,345,Brisbane,2026-01-04
SKU-HOME-02946,357,Auckland,2026-04-08
SKU-HOME-03070,,Auckland,2026-07-08
SKU-TOYS-06063,179,Christchurch,2026-01-10
SKU-SPOR-04318,456,Melbourne,2026-07-09
SKU-ELEC-00305,205,Wellington,2026-02-12
SKU-APPA-02209,69,Auckland,2026-04-16
SKU-AUTO-07228,471,Adelaide,2026-03-09
SKU-SPOR-03816,152,Wellington,2026-06-21
SKU-ELEC-00913,221,Brisbane,2026-05-09
SKU-GROC-08758,55,Melbourne,2026-02-19
SKU-OFFI-10513,434,Adelaide,2026-02-09
SKU-GROC-09214,259,Melbourne,2026-02-01
SKU-HOME-02530,118,Christchurch,2026-03-14
SKU-HOME-03242,489,Auckland,2026-07-20
SKU-GROC-09179,475,Auckland,2026-02-17
SKU-ELEC-00765,239,Adelaide,2026-06-09
SKU-SPOR-03932,258,Sydney,2026-04-10
SKU-SPOR-03688,23,Brisbane,2026-01-17
SKU-APPA-02166,348,Auckland,2026-02-11
SKU-HOME-02554,56,Melbourne,2026-06-18
SKU-SPOR-03627,63,Perth,2026-07-01
SKU-GROC-08574,257,Sydney,2026-05-27
SKU-ELEC-00155,412,Perth,2026-03-10
SKU-AUTO-08142,224,Christchurch,2026-07-24
SKU-APPA-02350,73,Brisbane,2026-03-04
SKU-HEAL-10835,94,Melbourne,2026-03-28
SKU-BEAU-05454,57,Wellington,2026-07-09
SKU-GROC-09300,221,Adelaide,2026-07-07
SKU-HEAL-11282,393,Perth,2026-01-25
SKU-GROC-09267,460,Brisbane,2026-03-04
SKU-APPA-01726,491,Auckland,2026-05-28
SKU-HEAL-11760,,Perth,2026-04-04
SKU-TOYS-06052,200,Brisbane,2026-01-08
SKU-APPA-01878,,Auckland,2026-04-03
SKU-AUTO-07305,52,Adelaide,2026-07-03
SKU-APPA-01300,474,Adelaide,2026-04-17
SKU-GROC-08940,,Adelaide,2026-01-02
SKU-BEAU-04854,444,Brisbane,2026-05-17
SKU-TOYS-06046,478,Brisbane,2026-01-25
SKU-GROC-08827,,Wellington,2026-01-03
SKU-TOYS-06742,258,Auckland,2026-02-08
SKU-HEAL-11864,491,Brisbane,2026-01-19
SKU-AUTO-07659,356,Sydney,2026-03-21
SKU-BEAU-05992,211,Sydney,2026-06-15
SKU-OFFI-10205,38,Sydney,2026-04-26
SKU-GROC-09258,197,Sydney,2026-05-14
SKU-HEAL-11861,189,Christchurch,2026-02-09
SKU-AUTO-07326,,Sydney,2026-05-11
SKU-OFFI-09968,180,Melbourne,2026-01-20
SKU-GROC-09488,118,Wellington,2026-06-10
SKU-ELEC-01168,393,Sydney,2026-02-01
SKU-ELEC-00113,500,Adelaide,2026-03-08
SKU-HOME-02758,472,Auckland,2026-01-15
SKU-HEAL-11482,410,Perth,2026-06-22
SKU-TOYS-06928,294,Perth,2026-03-01
SKU-APPA-01411,285,Auckland,2026-02-02
SKU-APPA-01825,360,Brisbane,2026-05-13
SKU-HOME-02811,146,Perth,2026-05-22
SKU-OFFI-10556,98,Wellington,2026-03-18
SKU-AUTO-08356,,Auckland,2026-07-12
SKU-APPA-01566,293,Brisbane,2026-05-16
SKU-HOME-02583,356,Adelaide,2026-04-10
SKU-SPOR-04632,123,Christchurch,2026-05-06
SKU-TOYS-06631,216,Sydney,2026-04-07
SKU-SPOR-04420,406,Sydney,2026-02-24
SKU-OFFI-09954,,Wellington,2026-01-08
SKU-ELEC-00768,0,Sydney,2026-02-24
SKU-HOME-03145,154,Wellington,2026-06-18
SKU-APPA-01620,1,Perth,2026-05-13
SKU-ELEC-00505,113,Brisbane,2026-03-05
SKU-OFFI-10274,183,Sydney,2026-04-15
SKU-ELEC-00468,402,Perth,2026-07-16
SKU-TOYS-06637,110,Wellington,2026-06-18
SKU-SPOR-04735,,Auckland,2026-07-24
SKU-ELEC-00810,299,Adelaide,2026-05-21
SKU-TOYS-06886,26,Perth,2026-01-07
SKU-SPOR-03810,397,Adelaide,2026-02-16
SKU-HOME-02719,217,Adelaide,2026-03-26
SKU-AUTO-08310,,Perth,2026-06-03
SKU-GROC-08819,466,Wellington,2026-03-23
SKU-APPA-02037,490,Perth,2026-03-22
SKU-TOYS-06606,104,Perth,2026-01-03
SKU-SPOR-03840,359,Wellington,2026-07-21
SKU-SPOR-04153,259,Wellington,2026-05-05
SKU-ELEC-00686,168,Sydney,2026-05-12
SKU-BEAU-05105,243,Adelaide,2026-07-12
SKU-GROC-09390,,Brisbane,2026-07-24
SKU-APPA-01588,214,Adelaide,2026-02-17
SKU-OFFI-10016,349,Auckland,2026-03-05
SKU-ELEC-00369,166,Melbourne,2026-03-18
SKU-HEAL-11989,345,Adelaide,2026-04-12
SKU-SPOR-03645,340,Auckland,2026-05-27
SKU-GROC-08470,74,Auckland,2026-01-23
SKU-HEAL-11813,239,Sydney,2026-04-08
SKU-BEAU-05539,351,Perth,2026-01-25
SKU-BEAU-05731,4,Perth,2026-07-25
SKU-AUTO-08369,102,Brisbane,2026-05-10
SKU-SPOR-03983,244,Perth,2026-04-28
SKU-HEAL-11539,1,Sydney,2026-03-04
SKU-AUTO-07837,413,Christchurch,2026-06-18
SKU-BEAU-05315,181,Melbourne,2026-07-01
SKU-GROC-08480,322,Wellington,2026-06-16
SKU-HOME-02416,216,Melbourne,2026-01-22
SKU-ELEC-00513,240,Christchurch,2026-03-17
SKU-HEAL-11197,431,Christchurch,2026-05-13
SKU-TOYS-06932,14,Melbourne,2026-07-14
SKU-AUTO-08111,18,Adelaide,2026-04-12
SKU-ELEC-00815,,Melbourne,2026-01-05
SKU-SPOR-04051,401,Adelaide,2026-05-03
SKU-OFFI-10222,45,Adelaide,2026-02-25
SKU-APPA-01771,37,Sydney,2026-02-14
SKU-ELEC-00168,431,Christchurch,2026-07-03
SKU-OFFI-10646,13,Christchurch,2026-04-01
SKU-HOME-03054,264,Sydney,2026-04-22
SKU-SPOR-04512,298,Sydney,2026-07-11
SKU-APPA-01450,434,Wellington,2026-05-11
SKU-HEAL-11947,279,Sydney,2026-02-07
SKU-APPA-01544,221,Sydney,2026-05-05
SKU-HEAL-11863,436,Christchurch,2026-05-22
SKU-BEAU-05472,181,Wellington,2026-07-20
SKU-APPA-01257,230,Adelaide,2026-01-07
SKU-BEAU-05929,487,Adelaide,2026-06-12
SKU-GROC-08749,363,Christchurch,2026-07-03
SKU-GROC-09320,296,Auckland,2026-06-13
SKU-HEAL-11382,,Melbourne,2026-04-10
SKU-TOYS-06544,408,Adelaide,2026-02-13
SKU-HEAL-11400,191,Wellington,2026-03-19
SKU-GROC-08995,,Sydney,2026-02-21
SKU-AUTO-07341,198,Auckland,2026-07-11
SKU-AUTO-08261,487,Christchurch,2026-05-09
SKU-TOYS-06161,499,Auckland,2026-01-11
SKU-TOYS-06209,294,Brisbane,2026-05-20
SKU-SPOR-03976,120,Adelaide,2026-05-09
SKU-OFFI-10328,196,Sydney,2026-05-07
SKU-SPOR-03982,172,Brisbane,2026-01-07
SKU-SPOR-04222,407,Adelaide,2026-06-07
SKU-SPOR-03914,,Auckland,2026-04-15
SKU-HEAL-11405,351,Sydney,2026-05-03
SKU-HEAL-11043,411,Wellington,2026-04-11
SKU-AUTO-07292,311,Christchurch,2026-03-05
SKU-BEAU-05372,278,Christchurch,2026-01-24
SKU-OFFI-10120,33,Auckland,2026-06-23
SKU-OFFI-09738,443,Perth,2026-02-26
SKU-GROC-09395,252,Auckland,2026-05-21
SKU-AUTO-08034,59,Melbourne,2026-04-12
SKU-APPA-01903,343,Melbourne,2026-05-14
SKU-GROC-09436,9,Sydney,2026-07-13
SKU-AUTO-07212,444,Christchurch,2026-07-24
SKU-SPOR-04010,189,Auckland,2026-03-28
SKU-HEAL-10833,341,Brisbane,2026-03-10
SKU-BEAU-05727,243,Brisbane,2026-03-05
SKU-APPA-01337,133,Perth,2026-06-06
SKU-TOYS-06212,31,Christchurch,2026-02-27
SKU-GROC-09427,347,Auckland,2026-04-13
SKU-BEAU-05029,181,Adelaide,2026-05-24
SKU-HEAL-11614,136,Wellington,2026-06-28
SKU-HOME-02555,477,Wellington,2026-07-16
SKU-GROC-08556,54,Auckland,2026-05-09
SKU-APPA-02314,49,Sydney,2026-05-19
SKU-HOME-03219,12,Melbourne,2026-02-02
SKU-ELEC-00874,,Christchurch,2026-03-19
SKU-TOYS-06453,100,Sydney,2026-01-07
SKU-SPOR-04371,2,Sydney,2026-04-02
SKU-HEAL-11948,133,Christchurch,2026-06-12
SKU-TOYS-06890,65,Brisbane,2026-01-21
SKU-HOME-03550,449,Perth,2026-07-19
SKU-ELEC-00783,365,Melbourne,2026-07-28
SKU-BEAU-05283,367,Wellington,2026-05-23
SKU-BEAU-05500,237,Adelaide,2026-07-07
SKU-TOYS-07183,400,Adelaide,2026-06-04
SKU-HEAL-10904,213,Perth,2026-06-14
SKU-HEAL-11991,428,Wellington,2026-07-10
SKU-TOYS-07142,331,Auckland,2026-06-16
SKU-GROC-09217,470,Sydney,2026-03-20
SKU-GROC-09014,354,Auckland,2026-05-17
SKU-ELEC-00894,468,Perth,2026-07-11
SKU-HOME-03300,451,Wellington,2026-04-02
SKU-ELEC-00449,111,Auckland,2026-05-01
SKU-SPOR-04245,397,Brisbane,2026-03-23
SKU-HEAL-11045,268,Sydney,2026-06-28
SKU-HEAL-11669,233,Brisbane,2026-05-02
SKU-ELEC-00497,440,Wellington,2026-01-20
SKU-AUTO-08193,258,Auckland,2026-02-12
SKU-HOME-02656,51,Brisbane,2026-04-07
SKU-HOME-03568,282,Auckland,2026-03-16
SKU-OFFI-10722,,Adelaide,2026-03-25
SKU-OFFI-09654,30,Christchurch,2026-02-16
SKU-AUTO-08136,64,Christchurch,2026-02-23
SKU-GROC-09359,380,Brisbane,2026-01-10
SKU-BEAU-05666,215,Adelaide,2026-07-01
SKU-BEAU-05669,342,Christchurch,2026-03-16
SKU-GROC-08523,476,Adelaide,2026-03-04
SKU-BEAU-05629,478,Wellington,2026-03-09
SKU-APPA-01733,468,Sydney,2026-07-12
SKU-HOME-03493,221,Adelaide,2026-03-01
SKU-TOYS-06028,463,Auckland,2026-02-08
SKU-SPOR-04181,100,Melbourne,2026-03-06
SKU-HEAL-11844,265,Sydney,2026-04-09
SKU-GROC-08738,299,Perth,2026-02-03
SKU-HOME-02949,124,Perth,2026-01-13
SKU-OFFI-10718,41,Sydney,2026-06-27
SKU-GROC-08674,,Christchurch,2026-04-25
SKU-TOYS-06156,400,Christchurch,2026-07-07
SKU-ELEC-00586,9,Adelaide,2026-01-08
SKU-APPA-01971,396,Melbourne,2026-02-11
SKU-HEAL-11348,105,Sydney,2026-01-18
SKU-AUTO-07681,98,Perth,2026-07-23
SKU-OFFI-10582,263,Christchurch,2026-06-10
SKU-HOME-02791,112,Wellington,2026-07-23
SKU-APPA-02073,384,Perth,2026-06-10
SKU-HOME-02512,58,Adelaide,2026-04-06
SKU-OFFI-10778,239,Perth,2026-04-08
SKU-TOYS-06617,335,Wellington,2026-02-10
SKU-OFFI-10217,162,Sydney,2026-07-01
SKU-APPA-02184,283,Melbourne,2026-05-24
SKU-ELEC-00314,404,Adelaide,2026-02-17
SKU-ELEC-01034,,Perth,2026-04-01
SKU-APPA-01277,477,Wellington,2026-04-13
SKU-BEAU-05787,110,Brisbane,2026-07-02
SKU-SPOR-03722,441,Wellington,2026-04-26
SKU-BEAU-05523,495,Wellington,2026-02-24
SKU-SPOR-04320,421,Christchurch,2026-02-14
SKU-ELEC-00796,193,Christchurch,2026-02-03
SKU-BEAU-05597,71,Melbourne,2026-03-11
SKU-TOYS-06432,48,Auckland,2026-07-18
SKU-OFFI-09939,309,Christchurch,2026-01-20
SKU-HOME-02561,307,Auckland,2026-05-26
SKU-APPA-02215,,Auckland,2026-05-28
SKU-BEAU-04937,114,Sydney,2026-03-05
SKU-OFFI-09669,215,Melbourne,2026-03-13
SKU-APPA-01374,482,Wellington,2026-01-15
SKU-GROC-08501,45,Wellington,2026-07-06
SKU-HOME-03537,270,Wellington,2026-01-10
SKU-SPOR-03930,268,Brisbane,2026-02-04
SKU-APPA-02028,287,Sydney,2026-04-10
SKU-HOME-03089,358,Perth,2026-05-07
SKU-ELEC-00933,80,Wellington,2026-02-22
SKU-OFFI-10171,104,Wellington,2026-04-17
SKU-ELEC-00982,172,Brisbane,2026-04-16
SKU-BEAU-05589,426,Perth,2026-03-06
SKU-SPOR-03820,401,Christchurch,2026-05-11
SKU-ELEC-00236,229,Christchurch,2026-02-01
SKU-OFFI-09666,463,Auckland,2026-01-02
SKU-SPOR-03836,141,Perth,2026-02-25
SKU-GROC-08836,,Perth,2026-02-16
SKU-ELEC-00367,422,Brisbane,2026-03-26
SKU-HOME-03388,85,Sydney,2026-03-23
SKU-SPOR-03644,53,Sydney,2026-06-24
SKU-APPA-02194,310,Perth,2026-07-01
SKU-ELEC-00365,448,Brisbane,2026-07-04
SKU-TOYS-06679,75,Christchurch,2026-05-02
SKU-GROC-08476,274,Wellington,2026-05-06
SKU-OFFI-10641,68,Melbourne,2026-01-03
SKU-SPOR-03712,351,Brisbane,2026-06-09
SKU-ELEC-00148,211,Brisbane,2026-03-12
SKU-ELEC-00167,276,Adelaide,2026-03-07
SKU-BEAU-04938,1,Brisbane,2026-03-04
SKU-GROC-09309,0,Brisbane,2026-02-16
SKU-ELEC-00869,414,Adelaide,2026-07-18
SKU-GROC-09270,218,Brisbane,2026-04-22
SKU-HEAL-10927,52,Adelaide,2026-03-27
SKU-HEAL-11601,211,Adelaide,2026-07-22
SKU-GROC-09296,288,Christchurch,2026-04-28
SKU-ELEC-01113,306,Sydney,2026-03-07
SKU-APPA-01647,,Adelaide,2026-06-28
SKU-HOME-02643,119,Brisbane,2026-02-02
SKU-HOME-02686,410,Perth,2026-04-14
SKU-HEAL-11602,360,Christchurch,2026-01-22
SKU-APPA-01996,221,Perth,2026-07-18
SKU-GROC-08742,169,Wellington,2026-01-28
SKU-HEAL-11819,,Sydney,2026-02-03
SKU-SPOR-04743,283,Perth,2026-06-22
SKU-BEAU-05552,483,Brisbane,2026-06-15
SKU-BEAU-04864,405,Sydney,2026-05-16
SKU-HOME-03167,184,Auckland,2026-04-13
SKU-HEAL-10854,22,Melbourne,2026-04-16
SKU-BEAU-05010,308,Brisbane,2026-02-09
SKU-AUTO-08014,201,Brisbane,2026-07-09
SKU-OFFI-10428,45,Brisbane,2026-01-14
SKU-SPOR-04740,232,Adelaide,2026-03-27
SKU-AUTO-08346,44,Adelaide,2026-02-12
SKU-OFFI-10006,232,Christchurch,2026-02-05
SKU-TOYS-06641,490,Brisbane,2026-07-18
SKU-SPOR-04781,66,Sydney,2026-01-24
SKU-TOYS-06340,130,Adelaide,2026-05-10
SKU-SPOR-03612,382,Perth,2026-02-14
SKU-GROC-08616,391,Sydney,2026-01-05
SKU-HEAL-11200,21,Adelaide,2026-02-25
SKU-BEAU-04958,49,Perth,2026-04-23
SKU-SPOR-04365,,Auckland,2026-04-21
SKU-HEAL-11848,142,Melbourne,2026-04-06
SKU-SPOR-04261,,Melbourne,2026-05-14
SKU-HEAL-11868,460,Wellington,2026-05-23
SKU-ELEC-00261,203,Wellington,2026-03-27
SKU-AUTO-08367,149,Perth,2026-03-03
SKU-HEAL-11485,375,Wellington,2026-01-10
SKU-SPOR-03732,195,Auckland,2026-04-24
SKU-AUTO-07646,146,Sydney,2026-07-22
SKU-ELEC-00109,359,Brisbane,2026-04-26
SKU-TOYS-06977,446,Perth,2026-03-14
SKU-OFFI-10488,391,Auckland,2026-07-08
SKU-OFFI-10730,497,Adelaide,2026-03-04
SKU-OFFI-10395,441,Brisbane,2026-07-27
SKU-TOYS-06538,322,Melbourne,2026-07-02
SKU-ELEC-00514,313,Brisbane,2026-01-28
SKU-TOYS-07076,201,Perth,2026-04-22
SKU-APPA-01553,102,Adelaide,2026-03-09
SKU-SPOR-03701,119,Wellington,2026-07-18
SKU-ELEC-00595,101,Melbourne,2026-01-15
SKU-ELEC-00215,219,Melbourne,2026-01-20
SKU-HEAL-11522,,Perth,2026-01-05
SKU-TOYS-06970,47,Adelaide,2026-07-02
SKU-HOME-03071,414,Brisbane,2026-05-18
SKU-SPOR-03949,213,Adelaide,2026-05-04
SKU-APPA-01280,32,Brisbane,2026-03-02
SKU-HEAL-11238,42,Adelaide,2026-07-02
SKU-SPOR-04073,,Adelaide,2026-03-04
SKU-GROC-09482,232,Sydney,2026-06-20
SKU-BEAU-05471,433,Adelaide,2026-06-04
SKU-APPA-01444,124,Melbourne,2026-01-02
SKU-AUTO-08056,167,Perth,2026-02-06
SKU-OFFI-10356,,Sydney,2026-01-19
SKU-OFFI-10540,251,Wellington,2026-01-19
SKU-HOME-03566,199,Auckland,2026-06-10
SKU-TOYS-06276,207,Christchurch,2026-04-13
SKU-GROC-09243,333,Wellington,2026-07-08
SKU-AUTO-07641,59,Perth,2026-03-02
SKU-GROC-08773,158,Auckland,2026-06-10
SKU-AUTO-07902,245,Sydney,2026-04-17
SKU-TOYS-06304,300,Christchurch,2026-05-23
SKU-HOME-02678,158,Melbourne,2026-01-26
SKU-HEAL-10849,32,Auckland,2026-03-04
SKU-AUTO-08234,194,Adelaide,2026-03-02
SKU-BEAU-05256,254,Perth,2026-02-05
SKU-HOME-02565,57,Sydney,2026-01-03
SKU-BEAU-05928,31,Wellington,2026-02-26
SKU-AUTO-07911,23,Perth,2026-05-11
SKU-OFFI-09916,14,Brisbane,2026-04-28
SKU-HOME-03489,225,Wellington,2026-06-26
SKU-GROC-09160,385,Wellington,2026-07-05
SKU-APPA-01934,391,Perth,2026-02-28
SKU-SPOR-04595,243,Christchurch,2026-02-14
SKU-HOME-02911,369,Auckland,2026-06-05
SKU-HOME-02823,420,Melbourne,2026-01-18
SKU-ELEC-01198,376,Sydney,2026-06-08
SKU-APPA-01915,382,Sydney,2026-04-16
SKU-HOME-02476,378,Wellington,2026-05-15
SKU-GROC-09271,343,Melbourne,2026-06-02
SKU-SPOR-04290,236,Melbourne,2026-06-03
SKU-SPOR-03634,129,Brisbane,2026-01-13
SKU-SPOR-04567,,Perth,2026-03-06
SKU-ELEC-00532,468,Brisbane,2026-06-05
SKU-HEAL-11388,475,Perth,2026-03-03
SKU-HEAL-11312,336,Auckland,2026-05-17
SKU-SPOR-04361,261,Perth,2026-02-02
SKU-APPA-02256,302,Perth,2026-03-15
SKU-SPOR-03799,433,Adelaide,2026-02-02
SKU-AUTO-07550,68,Brisbane,2026-03-17
SKU-TOYS-07132,195,Wellington,2026-03-20
SKU-HOME-03021,139,Perth,2026-06-23
SKU-APPA-01414,342,Christchurch,2026-06-24
SKU-HOME-02976,131,Auckland,2026-01-23
SKU-BEAU-04887,390,Christchurch,2026-03-11
SKU-GROC-08699,,Melbourne,2026-06-13
SKU-ELEC-00745,29,Christchurch,2026-04-20
SKU-OFFI-10251,,Melbourne,2026-05-22
SKU-APPA-01548,362,Wellington,2026-06-11
SKU-HOME-02942,224,Melbourne,2026-03-26
SKU-APPA-01340,122,Brisbane,2026-02-14
SKU-OFFI-10757,207,Adelaide,2026-01-19
SKU-BEAU-05395,237,Adelaide,2026-01-11
SKU-OFFI-09917,369,Sydney,2026-06-06
SKU-APPA-01523,,Sydney,2026-03-28
SKU-APPA-01422,335,Wellington,2026-03-14
SKU-HOME-02518,259,Sydney,2026-02-10
SKU-HEAL-11936,242,Brisbane,2026-06-07
SKU-APPA-01949,50,Brisbane,2026-01-11
SKU-SPOR-04309,38,Perth,2026-02-27
SKU-APPA-01483,63,Melbourne,2026-07-01
SKU-OFFI-09713,83,Melbourne,2026-04-16
SKU-HEAL-11489,404,Perth,2026-05-24
SKU-APPA-01386,162,Christchurch,2026-07-12
SKU-OFFI-09697,149,Wellington,2026-07-15
SKU-HOME-03314,88,Brisbane,2026-02-27
SKU-TOYS-06939,79,Brisbane,2026-05-06
SKU-AUTO-07401,79,Adelaide,2026-01-19
SKU-APPA-01917,,Auckland,2026-06-22
SKU-AUTO-07829,262,Perth,2026-03-15
SKU-OFFI-10031,,Adelaide,2026-05-18
SKU-BEAU-05648,100,Melbourne,2026-07-07
SKU-GROC-08937,220,Brisbane,2026-05-02
SKU-ELEC-00245,89,Brisbane,2026-07-13
SKU-APPA-02329,130,Auckland,2026-04-06
SKU-SPOR-03997,355,Christchurch,2026-05-19
SKU-HEAL-10993,148,Sydney,2026-07-28
SKU-ELEC-00207,173,Melbourne,2026-01-24
SKU-BEAU-05968,456,Perth,2026-06-02
SKU-HOME-03510,347,Adelaide,2026-01-24
SKU-GROC-08543,82,Perth,2026-07-07
SKU-OFFI-10491,,Brisbane,2026-04-14
SKU-APPA-01360,274,Melbourne,2026-04-08
SKU-APPA-01659,267,Adelaide,2026-02-14
SKU-ELEC-01105,,Auckland,2026-06-27
SKU-TOYS-06348,343,Wellington,2026-01-23
SKU-AUTO-08035,354,Wellington,2026-04-28
SKU-HOME-03112,246,Perth,2026-07-15
SKU-OFFI-09767,138,Perth,2026-05-18
SKU-BEAU-04931,378,Adelaide,2026-07-21
SKU-OFFI-10547,378,Sydney,2026-02-05
SKU-AUTO-07834,417,Auckland,2026-07-23
SKU-BEAU-05662,53,Christchurch,2026-06-22
SKU-OFFI-10423,222,Adelaide,2026-07-23
SKU-OFFI-10578,122,Sydney,2026-06-20
SKU-TOYS-07189,281,Christchurch,2026-05-05
SKU-BEAU-05800,390,Melbourne,2026-06-28
SKU-HEAL-11423,233,Wellington,2026-04-09
SKU-AUTO-07858,428,Melbourne,2026-03-16
SKU-HOME-03572,,Perth,2026-03-08
SKU-GROC-08453,58,Perth,2026-05-01
SKU-APPA-01264,8,Christchurch,2026-04-08
SKU-OFFI-10605,459,Sydney,2026-06-26
SKU-OFFI-10125,91,Melbourne,2026-05-03
SKU-GROC-09573,209,Wellington,2026-06-16
SKU-ELEC-00166,,Adelaide,2026-01-14
SKU-GROC-08949,484,Wellington,2026-05-09
SKU-BEAU-04850,416,Christchurch,2026-05-27
SKU-HEAL-11757,279,Melbourne,2026-01-06
SKU-GROC-08489,292,Perth,2026-04-18
SKU-APPA-01494,294,Auckland,2026-07-08
SKU-BEAU-05819,4,Brisbane,2026-02-03
SKU-AUTO-07312,271,Sydney,2026-03-25
SKU-GROC-08423,316,Christchurch,2026-07-09
SKU-GROC-08533,338,Wellington,2026-05-08
SKU-AUTO-07366,73,Wellington,2026-05-09
SKU-HOME-02998,166,Wellington,2026-01-13
SKU-HOME-03525,469,Christchurch,2026-04-13
SKU-BEAU-05462,,Wellington,2026-04-12
SKU-GROC-09347,217,Perth,2026-01-01
SKU-HEAL-11786,91,Sydney,2026-04-10
SKU-HEAL-10988,,Melbourne,2026-05-04
SKU-ELEC-00412,262,Wellington,2026-03-09
SKU-ELEC-00657,204,Perth,2026-04-19
SKU-TOYS-06869,205,Perth,2026-07-25
SKU-HOME-02461,279,Christchurch,2026-06-21
SKU-BEAU-05320,314,Christchurch,2026-01-06
SKU-APPA-01742,90,Auckland,2026-02-25
SKU-APPA-02324,145,Melbourne,2026-02-01
SKU-HEAL-11641,460,Perth,2026-01-25
SKU-AUTO-07785,263,Melbourne,2026-07-17
SKU-OFFI-10255,344,Brisbane,2026-07-23
SKU-HOME-03039,195,Melbourne,2026-02-27
SKU-HEAL-10845,466,Melbourne,2026-02-15
SKU-BEAU-05420,453,Auckland,2026-06-27
SKU-SPOR-04284,498,Christchurch,2026-02-21
SKU-HEAL-10881,250,Christchurch,2026-02-12
SKU-HOME-02832,360,Sydney,2026-07-01
SKU-GROC-09041,2,Sydney,2026-06-12
SKU-HOME-03457,123,Wellington,2026-05-16
SKU-OFFI-10017,228,Melbourne,2026-01-28
SKU-BEAU-05082,130,Melbourne,2026-05-07
SKU-TOYS-07125,158,Christchurch,2026-05-06
SKU-BEAU-05494,357,Wellington,2026-03-14
SKU-HEAL-11073,417,Melbourne,2026-02-09
SKU-TOYS-07154,87,Perth,2026-04-08
SKU-AUTO-07588,426,Christchurch,2026-07-06
SKU-BEAU-05061,103,Sydney,2026-01-14
SKU-BEAU-05101,79,Christchurch,2026-02-03
SKU-OFFI-10085,196,Auckland,2026-02-17
SKU-TOYS-06628,61,Auckland,2026-05-02
SKU-ELEC-00093,307,Sydney,2026-03-18
SKU-HEAL-11114,469,Brisbane,2026-03-08
SKU-BEAU-04927,402,Auckland,2026-03-20
SKU-BEAU-04849,378,Wellington,2026-06-23
SKU-GROC-09306,80,Sydney,2026-06-26
SKU-HOME-03367,420,Adelaide,2026-06-22
SKU-HOME-03485,325,Wellington,2026-03-26
SKU-HOME-03599,331,Auckland,2026-05-05
SKU-TOYS-06404,102,Brisbane,2026-03-21
SKU-HOME-03206,212,Melbourne,2026-01-27
SKU-BEAU-05881,492,Brisbane,2026-03-04
SKU-AUTO-07850,51,Sydney,2026-02-12
SKU-ELEC-00062,314,Melbourne,2026-03-21
SKU-BEAU-05499,245,Sydney,2026-03-17
SKU-TOYS-06085,155,Adelaide,2026-02-12
SKU-SPOR-04263,55,Melbourne,2026-06-01
SKU-TOYS-06905,78,Brisbane,2026-01-26
SKU-GROC-09015,459,Christchurch,2026-02-10
SKU-HOME-02624,167,Auckland,2026-03-20
SKU-BEAU-05218,345,Melbourne,2026-02-12
SKU-HOME-03025,312,Wellington,2026-02-10
SKU-HEAL-11347,389,Melbourne,2026-05-05
SKU-GROC-08465,39,Sydney,2026-04-21
SKU-AUTO-07856,30,Auckland,2026-01-15
SKU-ELEC-00846,195,Auckland,2026-07-18
SKU-SPOR-03654,0,Melbourne,2026-06-24
SKU-HEAL-11264,439,Sydney,2026-06-20
SKU-AUTO-07521,378,Perth,2026-06-18
SKU-HOME-03158,413,Perth,2026-07-07
SKU-GROC-08756,399,Sydney,2026-03-15
SKU-GROC-08756,399,Sydney,2026-03-15
SKU-AUTO-08110,307,Sydney,2026-02-21
SKU-OFFI-09740,74,Perth,2026-03-10
SKU-BEAU-05588,277,Adelaide,2026-04-04
SKU-SPOR-03694,405,Wellington,2026-04-22
SKU-APPA-02283,220,Perth,2026-04-19
SKU-SPOR-04164,43,Perth,2026-04-14
SKU-ELEC-00921,115,Adelaide,2026-02-11
SKU-BEAU-05825,131,Brisbane,2026-03-05
SKU-AUTO-07528,363,Wellington,2026-02-21
SKU-HEAL-11175,407,Melbourne,2026-03-10
SKU-GROC-08441,496,Adelaide,2026-07-22
SKU-GROC-09259,322,Wellington,2026-04-25
SKU-AUTO-07877,360,Melbourne,2026-05-20
SKU-HEAL-11871,261,Auckland,2026-02-26
SKU-APPA-01565,430,Christchurch,2026-06-16
SKU-HEAL-11539,1,Sydney,2026-03-04
SKU-GROC-08420,196,Perth,2026-04-17
SKU-TOYS-06509,266,Perth,2026-02-14
SKU-APPA-01379,272,Auckland,2026-04-28
SKU-SPOR-03934,322,Sydney,2026-06-08
SKU-HEAL-11827,90,Brisbane,2026-02-19
SKU-AUTO-07787,422,Adelaide,2026-02-25
SKU-GROC-09004,368,Adelaide,2026-06-09
SKU-GROC-08960,245,Christchurch,2026-01-19
SKU-HOME-02487,102,Wellington,2026-03-07
SKU-HEAL-11966,445,Perth,2026-03-05
SKU-HEAL-11346,260,Auckland,2026-06-28
SKU-TOYS-07155,246,Christchurch,2026-07-02
SKU-SPOR-04513,491,Sydney,2026-06-03
SKU-GROC-09337,295,Sydney,2026-04-28
SKU-HOME-02604,153,Adelaide,2026-07-05
SKU-AUTO-07931,500,Christchurch,2026-04-24
SKU-AUTO-07437,403,Auckland,2026-06-13
SKU-BEAU-05425,400,Adelaide,2026-05-23
SKU-HOME-02528,492,Adelaide,2026-06-03
SKU-HEAL-11328,159,Brisbane,2026-01-22
SKU-BEAU-04804,345,Adelaide,2026-05-27
SKU-TOYS-07095,244,Melbourne,2026-04-26
SKU-SPOR-04772,43,Sydney,2026-01-21
SKU-HEAL-11725,180,Auckland,2026-02-19
SKU-TOYS-06862,484,Perth,2026-05-11
SKU-APPA-01406,145,Brisbane,2026-03-07
SKU-BEAU-05119,203,Auckland,2026-03-02
SKU-OFFI-10347,399,Perth,2026-07-27
SKU-OFFI-10361,297,Sydney,2026-01-19
SKU-HOME-03326,121,Auckland,2026-02-23
SKU-BEAU-04810,25,Auckland,2026-07-18
SKU-BEAU-04808,236,Wellington,2026-07-28
SKU-OFFI-10627,481,Adelaide,2026-03-24
SKU-ELEC-00121,60,Sydney,2026-05-24
SKU-BEAU-04814,417,Adelaide,2026-03-10
SKU-APPA-01431,388,Christchurch,2026-06-22
SKU-HOME-03249,222,Auckland,2026-05-11
SKU-APPA-01764,382,Wellington,2026-05-03
SKU-OFFI-10246,401,Melbourne,2026-02-08
SKU-ELEC-00653,,Melbourne,2026-02-03
SKU-HOME-03226,117,Melbourne,2026-03-24
SKU-TOYS-06267,372,Perth,2026-01-22
SKU-APPA-01729,228,Brisbane,2026-05-04
SKU-HEAL-11697,494,Wellington,2026-05-26
SKU-GROC-08732,397,Christchurch,2026-04-19
SKU-ELEC-01170,376,Melbourne,2026-02-06
SKU-HEAL-11157,384,Brisbane,2026-04-04
SKU-GROC-09433,421,Melbourne,2026-02-10
SKU-BEAU-05487,422,Auckland,2026-05-28
SKU-OFFI-10783,302,Sydney,2026-03-16
SKU-SPOR-04101,194,Melbourne,2026-03-19
SKU-HEAL-11379,364,Perth,2026-05-14
SKU-ELEC-00839,6,Melbourne,2026-02-04
SKU-ELEC-01039,495,Melbourne,2026-02-25
SKU-SPOR-03715,,Auckland,2026-04-27
SKU-BEAU-05012,51,Brisbane,2026-05-05
SKU-HOME-03048,13,Wellington,2026-04-19
SKU-AUTO-07921,305,Perth,2026-06-17
SKU-AUTO-08218,235,Adelaide,2026-04-22
SKU-HOME-02789,28,Melbourne,2026-05-10
SKU-GROC-08925,267,Auckland,2026-07-21
SKU-GROC-08870,421,Wellington,2026-06-13
SKU-OFFI-09647,356,Adelaide,2026-07-13
SKU-HEAL-11491,321,Melbourne,2026-01-04
SKU-OFFI-09942,11,Sydney,2026-03-14
SKU-ELEC-00701,220,Wellington,2026-06-14
SKU-GROC-08452,423,Wellington,2026-02-01
SKU-HOME-03417,365,Christchurch,2026-06-24
SKU-OFFI-09645,471,Wellington,2026-06-04
SKU-HOME-02619,400,Christchurch,2026-06-18
SKU-SPOR-04040,365,Brisbane,2026-04-28
SKU-SPOR-03884,164,Adelaide,2026-05-08
SKU-GROC-08527,230,Christchurch,2026-01-03
SKU-SPOR-04441,82,Auckland,2026-06-19
SKU-SPOR-03946,370,Auckland,2026-05-05
SKU-SPOR-03736,198,Wellington,2026-01-23
SKU-BEAU-05440,123,Christchurch,2026-06-03
SKU-TOYS-07157,30,Christchurch,2026-04-07
SKU-APPA-01572,389,Auckland,2026-06-24
SKU-TOYS-06834,338,Adelaide,2026-07-04
SKU-ELEC-01040,273,Sydney,2026-05-02
SKU-GROC-09137,63,Sydney,2026-04-07
SKU-ELEC-00617,437,Perth,2026-01-26
SKU-SPOR-04217,38,Sydney,2026-07-22
SKU-AUTO-07823,429,Wellington,2026-04-08
SKU-SPOR-03719,273,Auckland,2026-03-15
SKU-SPOR-03728,66,Perth,2026-02-04
SKU-HEAL-10918,309,Wellington,2026-04-04
SKU-AUTO-08282,329,Wellington,2026-06-08
SKU-SPOR-04274,49,Brisbane,2026-06-24
SKU-HEAL-11210,141,Auckland,2026-05-10
SKU-HEAL-11087,344,Christchurch,2026-04-02
SKU-AUTO-08082,289,Auckland,2026-01-17
SKU-AUTO-07453,29,Christchurch,2026-03-24
SKU-AUTO-07706,390,Perth,2026-02-09
SKU-ELEC-00230,465,Brisbane,2026-06-04
SKU-HEAL-10809,393,Perth,2026-03-16
SKU-HEAL-11820,407,Melbourne,2026-02-12
SKU-APPA-01243,176,Auckland,2026-04-24
SKU-APPA-02022,,Wellington,2026-02-08
SKU-HOME-03027,72,Christchurch,2026-01-03
SKU-HOME-03581,159,Melbourne,2026-06-02
SKU-ELEC-00233,410,Sydney,2026-02-15
SKU-BEAU-05264,184,Perth,2026-05-03
SKU-BEAU-05369,462,Christchurch,2026-02-24
SKU-TOYS-06185,406,Adelaide,2026-04-22
SKU-GROC-09572,303,Adelaide,2026-07-09
SKU-BEAU-05905,112,Auckland,2026-03-07
SKU-GROC-08803,458,Wellington,2026-02-23
SKU-GROC-09311,215,Melbourne,2026-02-06
SKU-HOME-02888,22,Adelaide,2026-03-03
SKU-HEAL-11421,34,Adelaide,2026-02-26
SKU-HOME-03364,493,Perth,2026-06-16
SKU-TOYS-06371,,Brisbane,2026-01-23
SKU-APPA-02264,485,Sydney,2026-01-08
SKU-TOYS-06730,444,Melbourne,2026-04-17
SKU-SPOR-04171,94,Brisbane,2026-03-10
SKU-TOYS-06336,90,Melbourne,2026-03-01
SKU-TOYS-06003,254,Adelaide,2026-06-12
SKU-APPA-02290,411,Adelaide,2026-07-19
SKU-HEAL-10954,406,Brisbane,2026-02-03
SKU-SPOR-04354,310,Christchurch,2026-05-15
SKU-HOME-03433,222,Sydney,2026-05-04
SKU-HEAL-11344,100,Christchurch,2026-01-09
SKU-SPOR-04334,400,Wellington,2026-06-24
SKU-OFFI-10288,255,Perth,2026-07-26
SKU-ELEC-00199,145,Adelaide,2026-01-12
SKU-BEAU-05334,166,Wellington,2026-06-17
SKU-AUTO-07936,362,Christchurch,2026-04-13
SKU-HEAL-11946,248,Christchurch,2026-01-09
SKU-ELEC-00580,7,Auckland,2026-03-13
SKU-OFFI-10788,204,Sydney,2026-02-20
SKU-OFFI-10536,78,Christchurch,2026-06-11
SKU-SPOR-04500,346,Melbourne,2026-01-21
SKU-BEAU-05234,80,Adelaide,2026-07-07
SKU-SPOR-03666,350,Brisbane,2026-01-05
SKU-HEAL-10964,137,Brisbane,2026-05-05
SKU-SPOR-04219,273,Auckland,2026-05-17
SKU-GROC-08762,244,Melbourne,2026-07-13
SKU-TOYS-06411,154,Wellington,2026-02-07
SKU-TOYS-06436,497,Adelaide,2026-06-12
SKU-APPA-02133,12,Adelaide,2026-04-13
SKU-SPOR-04373,479,Christchurch,2026-02-10
SKU-OFFI-10368,31,Wellington,2026-03-25
SKU-ELEC-00460,13,Christchurch,2026-05-23
SKU-HEAL-11286,376,Wellington,2026-04-21
SKU-APPA-02357,236,Adelaide,2026-06-17
SKU-ELEC-00864,254,Adelaide,2026-05-13
SKU-AUTO-07630,474,Auckland,2026-03-06
SKU-ELEC-00218,467,Christchurch,2026-07-27
SKU-GROC-09139,295,Brisbane,2026-02-19
SKU-SPOR-03697,176,Perth,2026-06-13
SKU-APPA-01408,256,Christchurch,2026-07-24
SKU-SPOR-03734,143,Christchurch,2026-05-21
SKU-BEAU-04841,500,Perth,2026-04-23
SKU-ELEC-00476,216,Melbourne,2026-05-11
SKU-AUTO-07763,,Melbourne,2026-06-14
SKU-BEAU-05409,265,Perth,2026-07-09
SKU-OFFI-10658,450,Christchurch,2026-05-06
SKU-TOYS-06580,243,Brisbane,2026-03-06
SKU-GROC-08987,100,Adelaide,2026-02-13
SKU-BEAU-05841,,Perth,2026-03-13
SKU-APPA-01514,344,Auckland,2026-01-19
SKU-OFFI-09938,176,Adelaide,2026-05-21
SKU-HOME-02987,184,Christchurch,2026-01-21
SKU-BEAU-04894,279,Sydney,2026-03-26
SKU-SPOR-03913,85,Wellington,2026-07-22
SKU-TOYS-06818,,Adelaide,2026-02-24
SKU-BEAU-05270,291,Melbourne,2026-07-19
SKU-TOYS-06677,105,Perth,2026-02-11
SKU-ELEC-00639,408,Melbourne,2026-02-07
SKU-OFFI-10213,468,Melbourne,2026-04-23
SKU-APPA-02072,,Sydney,2026-04-28
SKU-GROC-09480,325,Perth,2026-07-09
SKU-OFFI-09755,,Auckland,2026-05-03
SKU-TOYS-07035,10,Sydney,2026-04-12
SKU-GROC-09159,292,Auckland,2026-06-08
SKU-BEAU-05422,263,Melbourne,2026-06-22
SKU-GROC-08577,73,Melbourne,2026-06-02
SKU-SPOR-03877,322,Adelaide,2026-02-03
SKU-BEAU-04968,110,Perth,2026-06-22
SKU-APPA-01739,63,Wellington,2026-05-18
SKU-AUTO-07452,279,Adelaide,2026-07-21
SKU-ELEC-00841,98,Wellington,2026-07-16
SKU-TOYS-07127,357,Brisbane,2026-07-08
SKU-HEAL-11083,390,Sydney,2026-04-17
SKU-APPA-01716,31,Auckland,2026-03-20
SKU-AUTO-07478,210,Adelaide,2026-02-03
SKU-SPOR-03954,200,Melbourne,2026-05-03
SKU-APPA-01970,440,Wellington,2026-05-24
SKU-BEAU-05184,15,Sydney,2026-04-04
SKU-BEAU-05133,351,Sydney,2026-02-13
SKU-APPA-02159,475,Melbourne,2026-05-18
SKU-AUTO-08360,417,Melbourne,2026-04-08
SKU-HEAL-11442,425,Auckland,2026-05-14
SKU-ELEC-01086,125,Wellington,2026-04-06
SKU-APPA-01869,183,Wellington,2026-01-21
SKU-GROC-09520,,Adelaide,2026-07-07
SKU-OFFI-09879,252,Wellington,2026-01-08
SKU-HOME-02861,459,Melbourne,2026-06-26
SKU-ELEC-00664,287,Christchurch,2026-04-18
SKU-ELEC-00076,70,Melbourne,2026-06-05
SKU-GROC-09343,178,Perth,2026-05-11
SKU-ELEC-00564,92,Melbourne,2026-06-19
SKU-GROC-09553,169,Perth,2026-07-17
SKU-GROC-09254,159,Wellington,2026-03-23
SKU-GROC-09301,455,Melbourne,2026-05-11
SKU-ELEC-00769,98,Brisbane,2026-07-10
SKU-GROC-08760,175,Wellington,2026-05-16
SKU-APPA-02399,212,Auckland,2026-01-15
SKU-TOYS-06255,238,Melbourne,2026-01-16
SKU-OFFI-09612,209,Brisbane,2026-04-09
SKU-OFFI-10744,399,Brisbane,2026-03-16
SKU-ELEC-00433,,Christchurch,2026-03-06
SKU-ELEC-01161,,Sydney,2026-06-03
SKU-AUTO-07349,373,Wellington,2026-05-21
SKU-TOYS-06331,46,Melbourne,2026-05-21
SKU-ELEC-01097,,Adelaide,2026-05-09
SKU-HEAL-11127,41,Perth,2026-02-03
SKU-TOYS-06788,165,Auckland,2026-06-19
SKU-AUTO-07638,216,Christchurch,2026-05-10
SKU-HEAL-10831,277,Christchurch,2026-03-11
SKU-HEAL-11800,400,Auckland,2026-06-11
SKU-APPA-01651,291,Brisbane,2026-07-14
SKU-HEAL-11407,293,Adelaide,2026-01-07
SKU-SPOR-04763,496,Christchurch,2026-04-10
SKU-APPA-01828,387,Perth,2026-05-12
SKU-SPOR-04446,303,Auckland,2026-07-23
SKU-BEAU-05940,277,Perth,2026-07-28
SKU-APPA-02121,414,Christchurch,2026-05-18
SKU-TOYS-06651,290,Perth,2026-05-25
SKU-OFFI-09730,252,Sydney,2026-01-12
SKU-GROC-08589,13,Perth,2026-06-18
SKU-HEAL-11499,340,Perth,2026-01-03
SKU-HEAL-10995,190,Christchurch,2026-05-05
SKU-AUTO-08230,15,Adelaide,2026-07-10
SKU-ELEC-00323,474,Sydney,2026-05-04
SKU-APPA-01692,6,Wellington,2026-05-25
SKU-GROC-09107,279,Adelaide,2026-06-28
SKU-HOME-03225,56,Wellington,2026-02-19
SKU-HEAL-11692,159,Brisbane,2026-05-03
SKU-OFFI-10319,339,Sydney,2026-05-17
SKU-AUTO-07735,176,Sydney,2026-02-03
SKU-APPA-01951,178,Melbourne,2026-04-20
SKU-SPOR-04790,5,Perth,2026-01-25
SKU-OFFI-10350,161,Auckland,2026-04-03
SKU-OFFI-09959,125,Brisbane,2026-03-27
SKU-AUTO-07350,202,Perth,2026-01-19
SKU-TOYS-06901,12,Perth,2026-04-24
SKU-APPA-01698,438,Sydney,2026-04-08
SKU-GROC-09486,346,Auckland,2026-07-08
SKU-SPOR-04779,44,Perth,2026-01-05
SKU-BEAU-05783,181,Christchurch,2026-01-22
SKU-GROC-09494,348,Auckland,2026-07-24
SKU-HOME-03142,26,Brisbane,2026-03-07
SKU-APPA-01814,103,Melbourne,2026-02-08
SKU-GROC-08478,235,Sydney,2026-04-20
SKU-AUTO-08200,109,Brisbane,2026-05-07
SKU-OFFI-10019,56,Brisbane,2026-03-24
SKU-GROC-09079,,Auckland,2026-01-09
SKU-HEAL-11782,408,Christchurch,2026-06-06
SKU-SPOR-04249,62,Brisbane,2026-06-08
SKU-AUTO-07732,173,Adelaide,2026-02-10
SKU-APPA-01435,298,Perth,2026-07-17
SKU-APPA-01777,111,Melbourne,2026-03-09
SKU-AUTO-07454,95,Auckland,2026-04-28
SKU-APPA-01329,286,Melbourne,2026-01-15
SKU-HEAL-10869,59,Brisbane,2026-01-07
SKU-BEAU-05416,2,Christchurch,2026-02-08
SKU-BEAU-05890,231,Christchurch,2026-06-21
SKU-SPOR-04047,492,Perth,2026-07-10
SKU-ELEC-01200,25,Melbourne,2026-05-03
SKU-BEAU-04852,276,Melbourne,2026-07-25
SKU-APPA-02378,9,Sydney,2026-05-02
SKU-BEAU-05773,291,Wellington,2026-02-09
SKU-ELEC-00704,95,Adelaide,2026-05-14
SKU-ELEC-00952,119,Adelaide,2026-04-10
SKU-TOYS-07062,404,Perth,2026-05-10
SKU-SPOR-04250,372,Brisbane,2026-07-13
SKU-AUTO-07282,426,Christchurch,2026-03-08
SKU-SPOR-04178,328,Melbourne,2026-05-24
SKU-HOME-03157,341,Wellington,2026-06-08
SKU-GROC-08466,385,Brisbane,2026-07-23
SKU-TOYS-06466,97,Brisbane,2026-05-12
SKU-HOME-02475,129,Brisbane,2026-07-11
SKU-APPA-01853,365,Auckland,2026-07-05
SKU-OFFI-09962,239,Auckland,2026-02-21
SKU-ELEC-00576,498,Wellington,2026-06-03
SKU-BEAU-04831,156,Christchurch,2026-06-03
SKU-APPA-02233,161,Auckland,2026-04-09
SKU-OFFI-10060,274,Christchurch,2026-02-03
SKU-AUTO-07969,395,Auckland,2026-01-19
SKU-APPA-02069,59,Perth,2026-03-08
SKU-HEAL-11211,,Perth,2026-07-01
SKU-ELEC-00629,325,Perth,2026-07-01
SKU-SPOR-03751,499,Brisbane,2026-01-06
SKU-AUTO-07463,192,Auckland,2026-07-08
SKU-HOME-02599,248,Christchurch,2026-04-12
SKU-APPA-01557,141,Melbourne,2026-02-12
SKU-AUTO-07295,205,Brisbane,2026-01-17
SKU-SPOR-03741,40,Auckland,2026-01-03
SKU-SPOR-04068,213,Melbourne,2026-03-26
SKU-SPOR-03875,462,Wellington,2026-07-24
SKU-TOYS-06448,326,Perth,2026-04-05
SKU-OFFI-10648,445,Melbourne,2026-01-09
SKU-BEAU-05635,191,Adelaide,2026-02-01
SKU-BEAU-05357,18,Perth,2026-05-15
SKU-ELEC-00023,265,Auckland,2026-07-11
SKU-GROC-09241,26,Christchurch,2026-01-27
SKU-SPOR-04532,369,Brisbane,2026-03-28
SKU-APPA-01541,191,Adelaide,2026-06-21
SKU-ELEC-00095,215,Adelaide,2026-05-04
SKU-OFFI-10707,205,Brisbane,2026-06-11
SKU-BEAU-05877,109,Brisbane,2026-03-02
SKU-SPOR-04605,343,Sydney,2026-06-11
SKU-SPOR-03609,451,Auckland,2026-07-25
SKU-HOME-02871,480,Christchurch,2026-02-04
SKU-HOME-03424,478,Perth,2026-03-15
SKU-GROC-09093,109,Perth,2026-01-26
SKU-GROC-08779,471,Brisbane,2026-07-01
SKU-APPA-01739,63,Wellington,2026-05-18
SKU-AUTO-07709,388,Perth,2026-07-02
SKU-ELEC-00331,377,Melbourne,2026-03-03
SKU-OFFI-10451,118,Perth,2026-02-10
SKU-HOME-02711,349,Wellington,2026-05-24
SKU-HEAL-11841,259,Melbourne,2026-03-27
SKU-AUTO-08256,57,Brisbane,2026-01-05
SKU-OFFI-09976,228,Wellington,2026-05-05
SKU-BEAU-04872,325,Auckland,2026-01-01
SKU-HOME-03498,477,Adelaide,2026-02-21
SKU-SPOR-04705,344,Perth,2026-07-02
SKU-AUTO-07970,,Adelaide,2026-01-14
SKU-APPA-01583,83,Christchurch,2026-01-10
SKU-AUTO-07605,333,Auckland,2026-07-28
SKU-OFFI-10483,37,Perth,2026-06-19
SKU-ELEC-00141,208,Auckland,2026-06-17
SKU-HEAL-11706,405,Melbourne,2026-01-03
SKU-HOME-02608,5,Wellington,2026-01-02
SKU-HEAL-11192,72,Auckland,2026-07-23
SKU-HEAL-10901,186,Perth,2026-04-04
SKU-BEAU-05426,451,Brisbane,2026-05-20
SKU-APPA-01815,393,Adelaide,2026-05-03
SKU-GROC-09003,357,Auckland,2026-01-02
SKU-GROC-09029,266,Brisbane,2026-03-06
SKU-GROC-08709,426,Melbourne,2026-03-22
SKU-AUTO-08273,91,Auckland,2026-02-22
SKU-BEAU-04905,311,Perth,2026-03-22
SKU-TOYS-06131,92,Adelaide,2026-05-26
SKU-AUTO-07360,181,Perth,2026-02-11
SKU-AUTO-08126,289,Brisbane,2026-07-23
SKU-GROC-09183,48,Perth,2026-04-11
SKU-HOME-03553,376,Perth,2026-02-08
SKU-SPOR-03996,341,Adelaide,2026-01-22
SKU-SPOR-04223,416,Adelaide,2026-04-04
SKU-APPA-01766,456,Melbourne,2026-04-19
SKU-HEAL-11493,420,Christchurch,2026-01-09
SKU-AUTO-07472,189,Sydney,2026-05-20
SKU-TOYS-06410,158,Auckland,2026-05-22
SKU-APPA-01322,,Adelaide,2026-05-23
SKU-ELEC-01101,,Christchurch,2026-04-19
SKU-ELEC-00844,302,Melbourne,2026-04-01
SKU-GROC-09098,221,Perth,2026-03-20
SKU-BEAU-05702,404,Perth,2026-06-22
SKU-GROC-09006,20,Wellington,2026-02-17
SKU-BEAU-05217,187,Christchurch,2026-05-27
SKU-HOME-03448,208,Perth,2026-04-14
SKU-SPOR-04397,346,Perth,2026-06-07
SKU-TOYS-07103,54,Melbourne,2026-01-06
SKU-ELEC-01153,43,Auckland,2026-04-17
SKU-ELEC-00059,366,Wellington,2026-07-18
SKU-AUTO-08082,289,Auckland,2026-01-17
SKU-OFFI-09928,33,Auckland,2026-06-24
SKU-GROC-08728,60,Melbourne,2026-01-05
SKU-APPA-02275,297,Sydney,2026-02-22
SKU-HOME-02596,,Sydney,2026-02-16
SKU-OFFI-09745,252,Christchurch,2026-04-05
SKU-APPA-01459,178,Wellington,2026-01-12
SKU-ELEC-00493,202,Melbourne,2026-05-16
SKU-BEAU-05051,42,Brisbane,2026-07-06
SKU-TOYS-07006,216,Adelaide,2026-02-14
SKU-HOME-03131,,Adelaide,2026-06-04
SKU-TOYS-06425,374,Wellington,2026-01-01
SKU-ELEC-00610,434,Adelaide,2026-05-21
SKU-OFFI-09742,119,Christchurch,2026-02-22
SKU-HEAL-10878,461,Wellington,2026-02-11
SKU-APPA-02219,174,Christchurch,2026-06-11
SKU-HOME-02526,402,Christchurch,2026-07-19
SKU-HOME-02738,64,Wellington,2026-06-02
SKU-ELEC-00178,2,Brisbane,2026-06-06
SKU-BEAU-05710,333,Brisbane,2026-04-21
SKU-ELEC-01164,427,Wellington,2026-06-19
SKU-SPOR-04183,158,Wellington,2026-02-12
SKU-HEAL-11190,410,Sydney,2026-02-23
SKU-SPOR-03756,441,Sydney,2026-05-17
SKU-GROC-08696,221,Auckland,2026-01-01
SKU-OFFI-09651,139,Wellington,2026-07-15
SKU-OFFI-09778,236,Adelaide,2026-03-25
SKU-ELEC-00344,458,Sydney,2026-03-07
SKU-APPA-01606,242,Melbourne,2026-03-04
SKU-HOME-02689,6,Auckland,2026-06-13
SKU-SPOR-03687,51,Wellington,2026-02-27
SKU-SPOR-04741,58,Sydney,2026-02-27
SKU-SPOR-03823,171,Brisbane,2026-04-03
SKU-GROC-09248,340,Perth,2026-04-25
SKU-APPA-02294,407,Adelaide,2026-04-22
SKU-HOME-02799,189,Brisbane,2026-07-05
SKU-OFFI-09953,126,Adelaide,2026-03-06
SKU-HEAL-11222,244,Perth,2026-01-04
SKU-SPOR-03900,460,Wellington,2026-06-04
SKU-OFFI-10764,138,Brisbane,2026-06-05
SKU-ELEC-00820,237,Wellington,2026-05-28
SKU-HEAL-11254,309,Melbourne,2026-02-05
SKU-ELEC-00001,472,Adelaide,2026-07-18
SKU-BEAU-05498,385,Auckland,2026-01-11
SKU-HEAL-11353,476,Brisbane,2026-02-17
SKU-OFFI-10194,397,Christchurch,2026-06-10
SKU-APPA-01286,,Christchurch,2026-04-13
SKU-AUTO-07356,275,Christchurch,2026-07-08
SKU-APPA-02368,254,Auckland,2026-02-24
SKU-GROC-08813,40,Perth,2026-07-09
SKU-GROC-09058,62,Brisbane,2026-07-14
SKU-BEAU-05222,480,Wellington,2026-02-06
SKU-SPOR-03714,61,Melbourne,2026-06-07
SKU-AUTO-07246,147,Adelaide,2026-05-20
SKU-AUTO-07205,,Adelaide,2026-02-07
SKU-HOME-02496,424,Christchurch,2026-01-06
SKU-HEAL-11146,84,Wellington,2026-04-25
SKU-ELEC-00585,105,Melbourne,2026-03-14
SKU-APPA-01898,220,Adelaide,2026-01-21
SKU-APPA-02340,469,Perth,2026-07-08
SKU-GROC-09333,234,Melbourne,2026-04-19
SKU-TOYS-06645,398,Sydney,2026-03-07
SKU-SPOR-04527,175,Adelaide,2026-04-11
SKU-AUTO-07324,431,Christchurch,2026-03-22
SKU-AUTO-07216,56,Wellington,2026-02-23
SKU-HOME-03028,297,Melbourne,2026-07-21
SKU-AUTO-08128,169,Sydney,2026-03-10
SKU-OFFI-09693,120,Christchurch,2026-06-12
SKU-HEAL-11983,393,Adelaide,2026-06-17
SKU-HEAL-11892,186,Adelaide,2026-07-09
SKU-HOME-03544,96,Christchurch,2026-06-18
SKU-ELEC-00413,213,Adelaide,2026-07-03
SKU-TOYS-06904,53,Sydney,2026-06-04
SKU-GROC-08477,459,Perth,2026-04-19
SKU-AUTO-07759,221,Melbourne,2026-05-05
SKU-BEAU-05104,112,Perth,2026-07-22
SKU-OFFI-10682,30,Brisbane,2026-07-06
SKU-BEAU-05512,388,Adelaide,2026-07-26
SKU-APPA-01339,151,Christchurch,2026-02-28
SKU-TOYS-07090,448,Christchurch,2026-06-10
SKU-OFFI-09709,394,Brisbane,2026-03-03
SKU-SPOR-04447,274,Melbourne,2026-05-11
SKU-HOME-02974,135,Adelaide,2026-05-03
SKU-BEAU-04913,472,Auckland,2026-04-08
SKU-BEAU-04846,229,Wellington,2026-06-01
SKU-HEAL-11923,91,Wellington,2026-06-26
SKU-HEAL-11828,221,Brisbane,2026-07-13
SKU-SPOR-03731,12,Brisbane,2026-03-16
SKU-HOME-03408,53,Brisbane,2026-04-07
SKU-AUTO-07984,122,Perth,2026-04-10
SKU-AUTO-07279,134,Melbourne,2026-01-21
SKU-AUTO-07558,479,Sydney,2026-04-06
SKU-APPA-01245,442,Wellington,2026-05-18
SKU-HEAL-11843,47,Brisbane,2026-03-06
SKU-TOYS-06401,210,Auckland,2026-03-06
SKU-BEAU-05085,345,Sydney,2026-06-02
SKU-APPA-01410,112,Adelaide,2026-06-12
SKU-SPOR-03774,480,Auckland,2026-05-02
SKU-HOME-02977,35,Wellington,2026-05-15
SKU-AUTO-08278,270,Sydney,2026-05-07
SKU-TOYS-06344,5,Perth,2026-03-26
SKU-HEAL-11998,110,Melbourne,2026-01-15
SKU-OFFI-10221,485,Auckland,2026-07-14
SKU-HOME-02417,135,Perth,2026-06-22
SKU-OFFI-09691,478,Adelaide,2026-06-14
SKU-ELEC-00262,320,Melbourne,2026-02-09
SKU-BEAU-05962,469,Christchurch,2026-02-03
SKU-OFFI-09665,54,Sydney,2026-06-25
SKU-TOYS-06189,35,Christchurch,2026-01-23
SKU-AUTO-08073,198,Brisbane,2026-04-25
SKU-GROC-08410,431,Brisbane,2026-01-17
SKU-APPA-02036,,Auckland,2026-05-25
SKU-SPOR-04206,304,Adelaide,2026-07-05
SKU-BEAU-05895,68,Melbourne,2026-01-05
SKU-APPA-01644,244,Auckland,2026-04-10
SKU-SPOR-04579,451,Wellington,2026-04-06
SKU-HEAL-11916,271,Sydney,2026-01-04
SKU-OFFI-10757,207,Adelaide,2026-01-19
SKU-HOME-02485,63,Melbourne,2026-06-10
SKU-HOME-02578,105,Wellington,2026-06-22
SKU-OFFI-10363,102,Perth,2026-06-12
SKU-BEAU-05190,431,Auckland,2026-01-01
SKU-APPA-02081,40,Christchurch,2026-07-23
SKU-SPOR-03797,111,Auckland,2026-07-05
SKU-ELEC-00597,75,Auckland,2026-01-07
SKU-AUTO-08392,184,Wellington,2026-04-12
SKU-BEAU-05811,246,Christchurch,2026-05-07
SKU-APPA-01856,67,Melbourne,2026-04-21
SKU-APPA-02183,287,Brisbane,2026-04-27
SKU-APPA-02023,54,Adelaide,2026-07-25
SKU-SPOR-04345,242,Sydney,2026-06-22
SKU-APPA-01919,457,Adelaide,2026-05-10
SKU-OFFI-10702,339,Perth,2026-06-16
SKU-OFFI-09715,306,Christchurch,2026-04-21
SKU-AUTO-07974,125,Perth,2026-07-21
SKU-APPA-01991,61,Wellington,2026-05-03
SKU-AUTO-08258,165,Adelaide,2026-03-01
SKU-ELEC-00747,387,Perth,2026-05-20
SKU-GROC-09127,299,Brisbane,2026-02-14
SKU-BEAU-05401,320,Brisbane,2026-04-05
SKU-SPOR-04295,163,Melbourne,2026-03-22
SKU-AUTO-07539,340,Sydney,2026-05-03
SKU-APPA-01249,375,Christchurch,2026-02-21
SKU-HOME-02411,,Auckland,2026-02-01
SKU-HEAL-11223,87,Christchurch,2026-05-19
SKU-HEAL-11004,466,Auckland,2026-02-03
SKU-GROC-09471,214,Auckland,2026-04-07
SKU-GROC-09190,139,Brisbane,2026-06-27
SKU-AUTO-08233,323,Adelaide,2026-01-09
SKU-HOME-03441,160,Auckland,2026-03-11
SKU-APPA-02029,,Auckland,2026-01-19
SKU-APPA-01909,267,Melbourne,2026-02-22
SKU-GROC-09319,57,Melbourne,2026-01-08
SKU-APPA-01303,143,Melbourne,2026-06-11
SKU-SPOR-03787,186,Auckland,2026-04-01
SKU-APPA-02244,151,Adelaide,2026-01-28
SKU-SPOR-04090,236,Auckland,2026-07-13
SKU-GROC-08956,230,Christchurch,2026-02-16
SKU-APPA-01357,121,Perth,2026-06-06
SKU-HOME-03267,279,Sydney,2026-06-24
SKU-HEAL-11647,486,Melbourne,2026-07-02
SKU-AUTO-07498,92,Sydney,2026-05-14
SKU-HEAL-10858,,Auckland,2026-01-06
SKU-SPOR-03782,220,Adelaide,2026-04-02
SKU-OFFI-10074,458,Christchurch,2026-03-09
SKU-SPOR-03812,324,Wellington,2026-01-22
SKU-GROC-08868,162,Perth,2026-07-27
SKU-APPA-01423,56,Auckland,2026-03-11
SKU-OFFI-10310,42,Christchurch,2026-05-15
SKU-AUTO-07431,263,Christchurch,2026-01-20
SKU-GROC-08786,446,Perth,2026-04-24
SKU-HEAL-10864,64,Melbourne,2026-01-12
SKU-TOYS-06980,293,Christchurch,2026-03-05
SKU-HEAL-10983,68,Adelaide,2026-01-03
SKU-GROC-08830,329,Sydney,2026-02-11
SKU-HOME-03352,411,Sydney,2026-02-27
SKU-BEAU-05638,70,Sydney,2026-04-16
SKU-HOME-03159,315,Perth,2026-05-03
SKU-AUTO-08329,402,Adelaide,2026-07-05
SKU-TOYS-06365,,Melbourne,2026-04-13
SKU-BEAU-05697,347,Wellington,2026-03-08
SKU-HEAL-11447,274,Perth,2026-07-17
SKU-AUTO-07590,460,Adelaide,2026-06-21
SKU-APPA-01506,310,Sydney,2026-05-16
SKU-ELEC-00750,248,Brisbane,2026-04-25
SKU-HEAL-11594,397,Brisbane,2026-07-02
SKU-ELEC-01072,230,Perth,2026-07-14
SKU-OFFI-10346,440,Wellington,2026-02-06
SKU-HOME-03043,145,Christchurch,2026-03-24
SKU-BEAU-05967,395,Melbourne,2026-06-11
SKU-BEAU-04984,407,Sydney,2026-03-20
SKU-ELEC-00597,75,Auckland,2026-01-07
SKU-GROC-09294,101,Christchurch,2026-03-21
SKU-GROC-09280,461,Christchurch,2026-02-16
SKU-TOYS-06241,173,Christchurch,2026-06-22
SKU-BEAU-05925,1,Brisbane,2026-07-12
SKU-HEAL-11166,381,Sydney,2026-06-10
SKU-HOME-02499,99,Brisbane,2026-01-11
SKU-OFFI-10609,364,Christchurch,2026-04-11
SKU-OFFI-10690,,Brisbane,2026-06-26
SKU-SPOR-04592,110,Perth,2026-04-14
SKU-ELEC-01111,176,Wellington,2026-07-09
SKU-GROC-09593,35,Christchurch,2026-06-27
SKU-APPA-01866,20,Perth,2026-03-07
SKU-BEAU-05625,293,Adelaide,2026-04-07
SKU-APPA-01305,278,Brisbane,2026-02-13
SKU-AUTO-08243,463,Adelaide,2026-07-20
SKU-SPOR-03933,1,Perth,2026-01-17
SKU-GROC-08454,434,Adelaide,2026-07-28
SKU-OFFI-10564,235,Brisbane,2026-06-04
SKU-TOYS-07112,169,Perth,2026-05-21
SKU-GROC-08611,472,Melbourne,2026-04-08
SKU-OFFI-10588,289,Wellington,2026-02-07
SKU-ELEC-00607,152,Brisbane,2026-06-17
SKU-ELEC-01047,425,Christchurch,2026-03-11
SKU-HEAL-11322,44,Christchurch,2026-05-17
SKU-ELEC-00684,462,Brisbane,2026-04-19
SKU-AUTO-07548,272,Brisbane,2026-07-18
SKU-HEAL-11014,357,Brisbane,2026-06-28
SKU-BEAU-04825,227,Christchurch,2026-07-26
SKU-GROC-08858,120,Adelaide,2026-04-20
SKU-TOYS-06762,452,Perth,2026-07-02
SKU-GROC-09067,410,Brisbane,2026-04-27
SKU-HOME-02851,90,Adelaide,2026-01-04
SKU-BEAU-05668,155,Wellington,2026-03-10
SKU-OFFI-09703,401,Wellington,2026-06-04
SKU-HOME-03082,150,Brisbane,2026-06-09
SKU-HOME-03115,150,Perth,2026-06-09
SKU-SPOR-04269,144,Auckland,2026-01-26
SKU-HOME-03430,45,Adelaide,2026-03-14
SKU-OFFI-09998,470,Auckland,2026-07-16
SKU-TOYS-06430,402,Wellington,2026-06-15
SKU-ELEC-00654,131,Sydney,2026-05-13
SKU-TOYS-06499,73,Brisbane,2026-01-05
SKU-GROC-09350,,Adelaide,2026-06-16
SKU-GROC-08411,44,Brisbane,2026-02-17
SKU-SPOR-04242,324,Christchurch,2026-04-15
SKU-AUTO-08009,413,Brisbane,2026-02-08
SKU-GROC-09513,28,Brisbane,2026-01-08
SKU-APPA-01855,399,Melbourne,2026-05-26
SKU-OFFI-10647,225,Auckland,2026-05-14
SKU-HEAL-11893,,Sydney,2026-01-05
SKU-APPA-01974,46,Christchurch,2026-01-10
SKU-BEAU-04823,32,Melbourne,2026-05-10
SKU-TOYS-06968,499,Melbourne,2026-02-04
SKU-BEAU-05826,380,Sydney,2026-03-18
SKU-HOME-03239,80,Brisbane,2026-01-16
SKU-AUTO-08041,243,Sydney,2026-01-09
SKU-HEAL-11424,86,Sydney,2026-01-24
SKU-OFFI-10401,190,Adelaide,2026-03-12
SKU-HEAL-11232,335,Christchurch,2026-01-08
SKU-BEAU-05956,341,Melbourne,2026-02-09
SKU-OFFI-10376,,Sydney,2026-06-21
SKU-ELEC-00737,,Sydney,2026-03-10
SKU-HEAL-11409,63,Wellington,2026-06-13
SKU-AUTO-07545,293,Brisbane,2026-03-21
SKU-TOYS-07071,16,Wellington,2026-06-14
SKU-HEAL-11370,217,Wellington,2026-05-04
SKU-GROC-08567,437,Auckland,2026-02-14
SKU-HOME-02898,259,Perth,2026-02-14
SKU-SPOR-04736,206,Wellington,2026-02-28
SKU-SPOR-04409,86,Auckland,2026-04-04
SKU-SPOR-04704,41,Sydney,2026-02-12
SKU-HOME-03353,75,Wellington,2026-05-26
SKU-HOME-02848,188,Wellington,2026-06-24
SKU-TOYS-06949,76,Sydney,2026-04-12
SKU-APPA-01976,,Christchurch,2026-06-04
SKU-BEAU-05182,192,Perth,2026-07-13
SKU-APPA-01409,,Christchurch,2026-07-15
SKU-GROC-08980,258,Sydney,2026-03-06
SKU-HEAL-10933,488,Christchurch,2026-03-11
SKU-TOYS-06204,476,Christchurch,2026-03-21
SKU-AUTO-07323,480,Wellington,2026-06-17
SKU-OFFI-10408,391,Brisbane,2026-01-15
SKU-HEAL-10828,,Perth,2026-07-17
SKU-OFFI-10198,329,Adelaide,2026-07-10
SKU-APPA-02250,447,Adelaide,2026-06-22
SKU-SPOR-04783,218,Brisbane,2026-05-26
SKU-AUTO-08239,45,Brisbane,2026-02-27
SKU-HEAL-11857,488,Sydney,2026-05-17
SKU-HEAL-11386,412,Brisbane,2026-04-21
SKU-OFFI-10716,114,Christchurch,2026-05-07
SKU-APPA-02330,244,Brisbane,2026-07-04
SKU-HEAL-11975,48,Brisbane,2026-05-02
SKU-ELEC-00431,164,Sydney,2026-03-16
SKU-GROC-09076,440,Perth,2026-04-17
SKU-ELEC-00773,329,Sydney,2026-03-16
SKU-TOYS-06446,96,Adelaide,2026-02-10
SKU-SPOR-04520,12,Christchurch,2026-04-09
SKU-HEAL-11620,272,Sydney,2026-03-21
SKU-APPA-02206,331,Auckland,2026-05-06
SKU-APPA-01705,109,Wellington,2026-07-02
SKU-BEAU-05383,211,Melbourne,2026-04-23
SKU-HOME-02756,123,Auckland,2026-05-18
SKU-ELEC-00350,229,Melbourne,2026-04-16
SKU-ELEC-00219,433,Auckland,2026-04-19
SKU-SPOR-04725,14,Perth,2026-06-26
SKU-HOME-03290,237,Adelaide,2026-02-18
SKU-BEAU-05427,284,Auckland,2026-07-01
SKU-APPA-02162,18,Melbourne,2026-01-03
SKU-HOME-02834,125,Christchurch,2026-01-01
SKU-HOME-02439,277,Sydney,2026-07-03
SKU-TOYS-06836,331,Auckland,2026-03-20
SKU-SPOR-04155,61,Melbourne,2026-03-13
SKU-ELEC-00126,202,Christchurch,2026-06-24
SKU-TOYS-06858,126,Wellington,2026-04-20
SKU-ELEC-00975,320,Wellington,2026-03-05
SKU-ELEC-00110,203,Christchurch,2026-01-02
SKU-HOME-02454,172,Perth,2026-02-08
SKU-APPA-01356,291,Wellington,2026-04-12
SKU-AUTO-07919,214,Christchurch,2026-02-12
SKU-OFFI-10443,372,Auckland,2026-02-19
SKU-HEAL-11993,383,Auckland,2026-05-17
SKU-AUTO-08351,112,Auckland,2026-05-04
SKU-BEAU-05132,425,Perth,2026-07-22
SKU-GROC-08496,85,Wellington,2026-03-11
SKU-AUTO-07868,300,Brisbane,2026-04-25
SKU-AUTO-07466,165,Christchurch,2026-01-08
SKU-HOME-02920,145,Christchurch,2026-07-09
SKU-HOME-02521,421,Wellington,2026-06-21
SKU-HOME-03136,52,Brisbane,2026-05-06
SKU-SPOR-04590,223,Melbourne,2026-05-12
SKU-HEAL-11377,335,Wellington,2026-07-01
SKU-BEAU-05652,208,Wellington,2026-03-11
SKU-APPA-02288,136,Melbourne,2026-06-24
SKU-GROC-08911,132,Sydney,2026-06-20
SKU-HOME-02904,447,Melbourne,2026-07-26
SKU-TOYS-06319,198,Perth,2026-06-09
SKU-SPOR-04091,333,Melbourne,2026-03-03
SKU-TOYS-06691,74,Auckland,2026-01-11
SKU-BEAU-04952,342,Christchurch,2026-06-18
SKU-AUTO-08294,434,Brisbane,2026-06-10
SKU-AUTO-07719,392,Brisbane,2026-06-25
SKU-APPA-02356,219,Christchurch,2026-01-02
SKU-APPA-01673,59,Brisbane,2026-03-25
SKU-AUTO-08141,137,Sydney,2026-02-09
SKU-HEAL-11548,178,Brisbane,2026-02-05
SKU-OFFI-10233,252,Perth,2026-04-20
SKU-HOME-03442,181,Sydney,2026-01-07
SKU-HOME-02947,75,Perth,2026-03-07
SKU-HEAL-11759,489,Adelaide,2026-04-19
SKU-GROC-08452,423,Wellington,2026-02-01
SKU-HEAL-11262,365,Sydney,2026-06-15
SKU-HOME-03500,446,Adelaide,2026-06-15
SKU-BEAU-05411,,Perth,2026-04-11
SKU-TOYS-06776,297,Perth,2026-03-23
SKU-APPA-01965,30,Brisbane,2026-04-11
SKU-BEAU-05742,471,Perth,2026-07-23
SKU-BEAU-05762,288,Christchurch,2026-02-21
SKU-SPOR-03759,384,Adelaide,2026-01-03
SKU-AUTO-08271,319,Melbourne,2026-04-28
SKU-HEAL-11719,169,Auckland,2026-05-13
SKU-OFFI-10396,269,Wellington,2026-04-27
SKU-AUTO-07869,142,Sydney,2026-07-22
SKU-ELEC-00918,296,Perth,2026-01-17
SKU-TOYS-06853,174,Auckland,2026-06-03
SKU-HOME-03029,493,Melbourne,2026-06-12
SKU-AUTO-07435,400,Melbourne,2026-06-13
SKU-APPA-01497,244,Melbourne,2026-04-23
SKU-GROC-09302,472,Adelaide,2026-02-11
SKU-OFFI-09789,478,Melbourne,2026-06-02
SKU-HOME-03272,,Sydney,2026-07-12
SKU-TOYS-06536,,Perth,2026-03-19
SKU-BEAU-05978,210,Sydney,2026-02-27
SKU-OFFI-10512,484,Wellington,2026-02-08
SKU-TOYS-06130,,Wellington,2026-06-21
SKU-TOYS-06125,452,Auckland,2026-02-06
SKU-ELEC-00859,417,Auckland,2026-06-25
SKU-BEAU-05018,75,Christchurch,2026-03-06
SKU-APPA-02321,322,Perth,2026-02-16
SKU-TOYS-06152,190,Brisbane,2026-07-05
SKU-ELEC-00432,51,Melbourne,2026-05-15
SKU-OFFI-10143,66,Wellington,2026-05-18
SKU-ELEC-00785,445,Auckland,2026-02-10
SKU-OFFI-10643,433,Wellington,2026-03-01
SKU-HEAL-11240,14,Wellington,2026-02-19
SKU-ELEC-01013,499,Brisbane,2026-06-01
SKU-APPA-02046,470,Sydney,2026-05-13
SKU-OFFI-10472,378,Sydney,2026-04-19
SKU-APPA-01645,362,Adelaide,2026-06-07
SKU-APPA-01944,491,Wellington,2026-03-13
SKU-AUTO-07838,96,Perth,2026-04-28
SKU-ELEC-00656,494,Brisbane,2026-01-01
SKU-SPOR-03643,40,Wellington,2026-07-04
SKU-ELEC-01102,445,Christchurch,2026-05-17
SKU-GROC-08421,,Sydney,2026-05-17
SKU-SPOR-04074,13,Brisbane,2026-02-09
SKU-HEAL-11560,183,Perth,2026-05-09
SKU-TOYS-06519,387,Perth,2026-04-14
SKU-GROC-08969,224,Brisbane,2026-07-14
SKU-GROC-09596,186,Sydney,2026-02-19
SKU-APPA-01388,421,Auckland,2026-06-09
SKU-SPOR-04049,41,Brisbane,2026-04-26
SKU-BEAU-04909,64,Perth,2026-07-11
SKU-HOME-02655,126,Melbourne,2026-06-08
SKU-APPA-01827,43,Adelaide,2026-04-05
SKU-HEAL-10968,295,Sydney,2026-05-01
SKU-AUTO-07342,29,Christchurch,2026-03-12
SKU-AUTO-08040,323,Christchurch,2026-06-15
SKU-BEAU-04904,394,Perth,2026-02-05
SKU-BEAU-05139,101,Auckland,2026-03-04
SKU-HEAL-11494,244,Brisbane,2026-07-26
SKU-APPA-01849,402,Adelaide,2026-06-27
SKU-OFFI-10751,102,Christchurch,2026-05-24
SKU-HEAL-11933,105,Sydney,2026-07-09
SKU-BEAU-05574,,Adelaide,2026-07-04
SKU-SPOR-03761,270,Adelaide,2026-04-12
SKU-HEAL-11024,415,Auckland,2026-03-26
SKU-OFFI-09627,344,Sydney,2026-02-05
SKU-HOME-02431,198,Adelaide,2026-02-27
SKU-HEAL-11886,470,Christchurch,2026-03-03
SKU-AUTO-07365,210,Melbourne,2026-07-22
SKU-AUTO-08172,320,Sydney,2026-06-27
SKU-GROC-08614,,Wellington,2026-07-04
SKU-GROC-08950,304,Sydney,2026-04-08
SKU-ELEC-01186,,Auckland,2026-06-28
SKU-OFFI-09820,389,Adelaide,2026-02-26
SKU-BEAU-05092,21,Perth,2026-02-02
SKU-HOME-03050,445,Perth,2026-04-03
SKU-GROC-09424,483,Perth,2026-04-03
SKU-APPA-01555,253,Melbourne,2026-06-12
SKU-GROC-08597,314,Wellington,2026-04-02
SKU-OFFI-09721,415,Wellington,2026-06-21
SKU-HEAL-11763,364,Brisbane,2026-02-08
SKU-AUTO-08163,275,Brisbane,2026-01-13
SKU-OFFI-10387,85,Auckland,2026-03-21
SKU-HEAL-11950,430,Christchurch,2026-06-04
SKU-OFFI-09784,72,Melbourne,2026-05-27
SKU-HEAL-11064,61,Auckland,2026-03-09
SKU-HEAL-10862,226,Christchurch,2026-02-19
SKU-GROC-09398,488,Wellington,2026-03-22
SKU-HEAL-11213,377,Melbourne,2026-03-11
SKU-AUTO-08208,428,Perth,2026-06-05
SKU-HEAL-11449,365,Brisbane,2026-07-05
SKU-HEAL-11973,98,Adelaide,2026-06-07
SKU-GROC-09541,34,Christchurch,2026-06-04
SKU-HOME-02472,137,Christchurch,2026-01-09
SKU-BEAU-05030,,Wellington,2026-03-27
SKU-SPOR-04265,292,Wellington,2026-02-19
SKU-HOME-03065,311,Brisbane,2026-04-05
SKU-HOME-03103,491,Wellington,2026-06-15
SKU-ELEC-01009,168,Perth,2026-03-22
SKU-BEAU-05274,277,Wellington,2026-05-15
SKU-APPA-01498,211,Wellington,2026-03-19
SKU-OFFI-09617,153,Auckland,2026-03-25
SKU-HEAL-11607,472,Perth,2026-01-15
SKU-HOME-02459,496,Wellington,2026-04-05
SKU-TOYS-06667,398,Brisbane,2026-07-20
SKU-SPOR-04326,209,Brisbane,2026-04-15
SKU-OFFI-09753,137,Sydney,2026-04-06
SKU-SPOR-04599,253,Perth,2026-05-04
SKU-OFFI-10595,13,Perth,2026-02-09
SKU-BEAU-05236,30,Brisbane,2026-05-22
SKU-HOME-03195,30,Adelaide,2026-07-11
SKU-AUTO-07729,139,Wellington,2026-02-07
SKU-APPA-02282,205,Brisbane,2026-05-01
SKU-AUTO-07866,199,Auckland,2026-07-04
SKU-ELEC-00992,412,Adelaide,2026-07-03
SKU-OFFI-10129,7,Auckland,2026-03-18
SKU-ELEC-00658,461,Melbourne,2026-01-01
SKU-HOME-03279,365,Sydney,2026-04-23
SKU-HEAL-10847,429,Brisbane,2026-07-14
SKU-SPOR-04264,241,Auckland,2026-06-14
SKU-GROC-08902,312,Wellington,2026-05-22
SKU-TOYS-07077,39,Melbourne,2026-04-01
SKU-GROC-09531,348,Perth,2026-07-21
SKU-APPA-02034,161,Adelaide,2026-03-03
SKU-ELEC-00451,368,Wellington,2026-07-02
SKU-BEAU-05003,239,Melbourne,2026-05-14
SKU-BEAU-05256,254,Perth,2026-02-05
SKU-GROC-08722,278,Melbourne,2026-06-05
SKU-GROC-09169,439,Wellington,2026-03-11
SKU-HEAL-11361,116,Sydney,2026-01-28
SKU-TOYS-07166,122,Brisbane,2026-05-09
SKU-GROC-08765,214,Sydney,2026-03-24
SKU-BEAU-05951,,Adelaide,2026-06-01
SKU-TOYS-06164,229,Sydney,2026-02-23
SKU-BEAU-05502,94,Sydney,2026-01-08
SKU-TOYS-07078,357,Sydney,2026-01-15
SKU-AUTO-08010,428,Perth,2026-07-21
SKU-OFFI-09756,116,Melbourne,2026-01-21
SKU-BEAU-05173,,Christchurch,2026-07-21
SKU-ELEC-00818,277,Christchurch,2026-03-24
SKU-TOYS-06562,363,Brisbane,2026-01-07
SKU-ELEC-00537,467,Christchurch,2026-05-24
SKU-GROC-09422,94,Wellington,2026-05-10
SKU-OFFI-10159,220,Auckland,2026-02-03
SKU-SPOR-04465,237,Perth,2026-01-23
SKU-AUTO-07755,55,Adelaide,2026-03-21
SKU-OFFI-10351,474,Christchurch,2026-03-11
SKU-APPA-01750,337,Melbourne,2026-07-01
SKU-SPOR-03916,397,Sydney,2026-02-10
SKU-ELEC-01187,104,Wellington,2026-03-09
SKU-TOYS-06327,240,Melbourne,2026-01-09
SKU-APPA-01701,489,Sydney,2026-07-26
SKU-TOYS-07129,61,Sydney,2026-06-09
SKU-HEAL-10985,,Wellington,2026-03-25
SKU-HEAL-11335,278,Sydney,2026-04-09
SKU-BEAU-05433,419,Melbourne,2026-01-15
SKU-SPOR-04582,78,Perth,2026-06-21
SKU-AUTO-08078,488,Auckland,2026-07-21
SKU-HOME-02651,343,Christchurch,2026-01-03
SKU-GROC-08649,287,Sydney,2026-06-28
SKU-HEAL-11667,139,Sydney,2026-03-07
SKU-ELEC-00111,227,Christchurch,2026-04-14
SKU-APPA-01552,20,Auckland,2026-06-21
SKU-OFFI-09815,370,Melbourne,2026-03-14
SKU-HOME-02865,329,Sydney,2026-02-03
SKU-HEAL-11133,264,Christchurch,2026-05-21
SKU-HOME-02804,40,Brisbane,2026-07-12
SKU-HOME-02914,242,Perth,2026-07-15
SKU-ELEC-00173,484,Christchurch,2026-03-02
SKU-APPA-02134,326,Perth,2026-07-28
SKU-BEAU-05979,385,Brisbane,2026-05-22
SKU-AUTO-07758,,Wellington,2026-04-18
SKU-TOYS-06120,63,Brisbane,2026-02-05
SKU-AUTO-07724,127,Wellington,2026-03-01
SKU-GROC-09179,475,Auckland,2026-02-17
SKU-GROC-08516,230,Wellington,2026-03-20
SKU-SPOR-03944,427,Brisbane,2026-01-12
SKU-HEAL-11117,14,Wellington,2026-06-18
SKU-BEAU-04934,50,Melbourne,2026-04-10
SKU-SPOR-04463,127,Adelaide,2026-04-14
SKU-BEAU-05720,73,Christchurch,2026-01-19
SKU-GROC-09238,269,Christchurch,2026-07-26
SKU-SPOR-03781,,Sydney,2026-04-11
SKU-ELEC-00645,230,Sydney,2026-01-03
SKU-APPA-02285,139,Perth,2026-02-16
SKU-OFFI-10270,498,Perth,2026-03-12
SKU-HEAL-11088,418,Auckland,2026-01-27
SKU-SPOR-03961,203,Sydney,2026-07-26
SKU-ELEC-00571,407,Adelaide,2026-02-21
SKU-SPOR-04575,254,Perth,2026-04-28
SKU-APPA-01664,365,Perth,2026-06-01
SKU-SPOR-04666,,Sydney,2026-01-23
SKU-OFFI-10602,263,Christchurch,2026-02-04
SKU-TOYS-07063,248,Wellington,2026-05-08
SKU-BEAU-05715,113,Adelaide,2026-07-22
SKU-SPOR-04542,,Wellington,2026-03-06
SKU-GROC-08829,254,Brisbane,2026-05-12
SKU-HEAL-11937,29,Christchurch,2026-01-11
SKU-APPA-01836,282,Adelaide,2026-05-17
SKU-AUTO-08365,245,Perth,2026-02-24
SKU-ELEC-00979,477,Sydney,2026-03-07
SKU-APPA-02296,124,Brisbane,2026-07-15
SKU-HOME-02770,160,Brisbane,2026-05-10
SKU-BEAU-05304,364,Brisbane,2026-06-20
SKU-APPA-02164,364,Sydney,2026-06-04
SKU-SPOR-04310,63,Sydney,2026-02-11
SKU-AUTO-07757,362,Wellington,2026-03-27
SKU-ELEC-00693,16,Brisbane,2026-06-06
SKU-ELEC-01150,193,Wellington,2026-03-06
SKU-HEAL-11081,447,Auckland,2026-04-13
SKU-APPA-01863,85,Auckland,2026-03-14
SKU-HOME-03009,371,Auckland,2026-06-28
SKU-GROC-08644,494,Brisbane,2026-07-12
SKU-BEAU-05664,174,Adelaide,2026-01-25
SKU-HEAL-11331,365,Melbourne,2026-05-27
SKU-HEAL-10887,194,Brisbane,2026-05-25
SKU-SPOR-03767,108,Perth,2026-01-10
SKU-AUTO-07973,,Auckland,2026-02-11
SKU-TOYS-06208,468,Auckland,2026-07-18
SKU-SPOR-03822,159,Christchurch,2026-02-16
SKU-HOME-03011,411,Wellington,2026-06-01
SKU-APPA-01474,217,Wellington,2026-01-28
SKU-AUTO-07865,311,Melbourne,2026-01-13
SKU-HEAL-11371,298,Christchurch,2026-04-15
SKU-ELEC-00932,198,Sydney,2026-04-10
SKU-APPA-02223,139,Adelaide,2026-05-25
SKU-TOYS-06294,148,Christchurch,2026-06-28
SKU-AUTO-08311,477,Melbourne,2026-01-06
SKU-SPOR-04593,472,Perth,2026-03-16
SKU-GROC-09548,,Christchurch,2026-06-10
SKU-BEAU-05002,86,Adelaide,2026-01-12
SKU-OFFI-10439,489,Melbourne,2026-05-01
SKU-GROC-09167,430,Sydney,2026-06-19
SKU-GROC-09369,285,Sydney,2026-05-11
SKU-TOYS-06222,109,Wellington,2026-03-25
SKU-AUTO-07272,66,Christchurch,2026-02-06
SKU-HOME-03409,272,Christchurch,2026-07-10
SKU-SPOR-03847,249,Wellington,2026-04-07
SKU-BEAU-05912,16,Brisbane,2026-01-16
SKU-HOME-02870,125,Sydney,2026-02-06
SKU-AUTO-08338,118,Wellington,2026-03-14
SKU-OFFI-10620,19,Brisbane,2026-01-19
SKU-SPOR-04656,247,Adelaide,2026-03-08
SKU-HOME-03044,108,Perth,2026-07-28
SKU-HOME-02801,,Brisbane,2026-05-24
SKU-TOYS-06213,369,Perth,2026-02-24
SKU-HEAL-11945,346,Melbourne,2026-07-19
SKU-AUTO-08037,26,Wellington,2026-02-26
SKU-HOME-03253,398,Melbourne,2026-02-06
SKU-HEAL-11643,226,Adelaide,2026-02-24
SKU-SPOR-03744,383,Wellington,2026-05-23
SKU-BEAU-05896,375,Auckland,2026-02-26
SKU-AUTO-07882,76,Melbourne,2026-03-11
SKU-ELEC-00536,328,Sydney,2026-05-04
SKU-TOYS-06380,24,Wellington,2026-01-08
SKU-HOME-03445,,Christchurch,2026-04-20
SKU-AUTO-07669,158,Christchurch,2026-07-11
SKU-APPA-01656,242,Sydney,2026-03-24
SKU-HOME-03129,209,Wellington,2026-05-25
SKU-HOME-03053,470,Sydney,2026-05-25
SKU-HEAL-11798,167,Wellington,2026-06-06
SKU-APPA-01373,79,Adelaide,2026-05-03
SKU-SPOR-04138,378,Sydney,2026-05-02
SKU-HOME-03079,29,Wellington,2026-01-04
SKU-TOYS-07075,348,Christchurch,2026-05-05
SKU-HOME-02563,358,Adelaide,2026-05-28
SKU-GROC-08869,435,Auckland,2026-03-14
SKU-BEAU-05647,9,Brisbane,2026-05-28
SKU-BEAU-05269,462,Perth,2026-03-02
SKU-APPA-01487,309,Melbourne,2026-03-08
SKU-OFFI-10194,397,Christchurch,2026-06-10
SKU-AUTO-08170,66,Adelaide,2026-05-25
SKU-HOME-02594,485,Adelaide,2026-01-13
SKU-GROC-09352,111,Wellington,2026-03-07
SKU-APPA-02084,296,Auckland,2026-03-23
SKU-APPA-01219,332,Auckland,2026-05-11
SKU-OFFI-10206,476,Perth,2026-03-14
SKU-OFFI-10542,263,Christchurch,2026-02-27
SKU-HEAL-11986,286,Sydney,2026-05-20
SKU-APPA-01961,,Melbourne,2026-05-24
SKU-HEAL-11360,,Perth,2026-07-07
SKU-AUTO-07604,369,Adelaide,2026-07-15
SKU-GROC-09543,74,Christchurch,2026-04-14
SKU-SPOR-04515,242,Auckland,2026-01-12
SKU-BEAU-05792,222,Brisbane,2026-02-22
SKU-BEAU-05504,377,Wellington,2026-03-24
SKU-HEAL-11907,229,Auckland,2026-01-09
SKU-OFFI-10614,140,Perth,2026-02-04
SKU-BEAU-05374,137,Sydney,2026-01-25
SKU-AUTO-07784,476,Melbourne,2026-05-10
SKU-ELEC-00144,32,Christchurch,2026-04-27
SKU-SPOR-04226,124,Sydney,2026-04-18
SKU-ELEC-01049,258,Perth,2026-05-01
SKU-GROC-09189,87,Melbourne,2026-06-22
SKU-APPA-01576,83,Adelaide,2026-03-23
SKU-HOME-02621,146,Melbourne,2026-04-18
SKU-TOYS-06625,,Brisbane,2026-07-26
SKU-ELEC-00360,366,Brisbane,2026-05-11
SKU-APPA-01876,,Melbourne,2026-01-06
SKU-ELEC-00100,365,Brisbane,2026-03-14
SKU-AUTO-08291,110,Melbourne,2026-01-01
SKU-AUTO-08258,165,Adelaide,2026-03-01
SKU-GROC-09587,430,Brisbane,2026-01-16
SKU-TOYS-07082,92,Perth,2026-02-05
SKU-APPA-02172,,Perth,2026-06-21
SKU-APPA-01486,369,Sydney,2026-02-16
SKU-OFFI-10703,44,Melbourne,2026-06-19
SKU-APPA-01740,184,Perth,2026-07-11
SKU-ELEC-00867,243,Sydney,2026-03-11
SKU-OFFI-10704,476,Brisbane,2026-06-11
SKU-OFFI-10132,306,Melbourne,2026-05-22
SKU-GROC-09021,91,Adelaide,2026-03-20
SKU-SPOR-03880,316,Christchurch,2026-04-24
SKU-SPOR-03878,13,Christchurch,2026-05-22
SKU-HOME-03368,186,Perth,2026-04-22
SKU-BEAU-05931,478,Wellington,2026-05-09
SKU-ELEC-00624,34,Wellington,2026-02-16
SKU-SPOR-04524,286,Melbourne,2026-04-23
SKU-ELEC-01055,487,Sydney,2026-03-10
SKU-GROC-09501,255,Auckland,2026-01-21
SKU-APPA-01287,,Christchurch,2026-02-09
SKU-HOME-02495,139,Perth,2026-04-21
SKU-BEAU-05855,399,Christchurch,2026-07-28
SKU-HOME-03218,150,Melbourne,2026-04-27
SKU-HEAL-11426,498,Brisbane,2026-05-08
SKU-SPOR-03667,463,Perth,2026-01-22
SKU-TOYS-06579,465,Christchurch,2026-02-17
SKU-APPA-02097,201,Adelaide,2026-04-05
SKU-APPA-01741,334,Sydney,2026-04-05
SKU-ELEC-00825,153,Adelaide,2026-04-07
SKU-SPOR-03723,280,Sydney,2026-02-06
SKU-HEAL-11317,52,Brisbane,2026-02-24
SKU-TOYS-06320,55,Adelaide,2026-06-07
SKU-TOYS-06192,413,Wellington,2026-05-22
SKU-OFFI-09750,200,Sydney,2026-04-12
SKU-APPA-02266,427,Adelaide,2026-04-26
SKU-HOME-02569,203,Wellington,2026-07-14
SKU-APPA-01640,327,Adelaide,2026-05-01
SKU-TOYS-06908,265,Sydney,2026-01-02
SKU-SPOR-04262,,Christchurch,2026-05-03
SKU-APPA-02265,50,Wellington,2026-01-17
SKU-OFFI-10738,489,Melbourne,2026-04-12
SKU-TOYS-06982,440,Perth,2026-07-26
SKU-OFFI-09748,30,Wellington,2026-01-08
SKU-SPOR-03908,330,Auckland,2026-01-14
SKU-BEAU-05008,224,Christchurch,2026-03-24
SKU-HEAL-11105,498,Brisbane,2026-02-23
SKU-GROC-08958,252,Adelaide,2026-06-21
SKU-GROC-09449,169,Wellington,2026-01-03
SKU-GROC-08821,,Christchurch,2026-01-06
SKU-ELEC-00228,254,Auckland,2026-02-17
SKU-AUTO-08047,471,Melbourne,2026-02-01
SKU-OFFI-10122,313,Perth,2026-01-09
SKU-BEAU-04867,276,Melbourne,2026-01-12
SKU-GROC-09145,252,Brisbane,2026-04-07
SKU-TOYS-06036,268,Auckland,2026-04-06
SKU-TOYS-06113,,Wellington,2026-07-02
SKU-HEAL-11161,391,Perth,2026-06-03
SKU-APPA-01653,91,Sydney,2026-07-01
SKU-AUTO-07564,45,Melbourne,2026-05-08
SKU-TOYS-07026,255,Brisbane,2026-02-27
SKU-TOYS-06308,,Auckland,2026-03-18
SKU-HOME-02579,373,Adelaide,2026-07-04
SKU-AUTO-07648,,Adelaide,2026-04-02
SKU-BEAU-05781,262,Perth,2026-05-28
SKU-APPA-01502,277,Brisbane,2026-07-27
SKU-HEAL-11336,373,Adelaide,2026-03-18
SKU-SPOR-04369,33,Sydney,2026-06-19
SKU-HEAL-11809,58,Adelaide,2026-02-19
SKU-HOME-02478,27,Wellington,2026-04-02
SKU-AUTO-08147,,Christchurch,2026-03-05
SKU-HEAL-11608,,Auckland,2026-01-03
SKU-HOME-02968,116,Melbourne,2026-07-18
SKU-OFFI-09912,119,Auckland,2026-05-03
SKU-APPA-01353,15,Perth,2026-07-15
SKU-BEAU-05036,328,Melbourne,2026-03-09
SKU-OFFI-10758,267,Brisbane,2026-03-10
SKU-OFFI-10065,291,Adelaide,2026-01-18
SKU-AUTO-07691,348,Wellington,2026-07-16
SKU-SPOR-04215,468,Melbourne,2026-05-27
SKU-OFFI-09960,143,Brisbane,2026-05-05
SKU-ELEC-00403,38,Auckland,2026-02-07
SKU-GROC-09290,279,Brisbane,2026-02-28
SKU-BEAU-05384,,Perth,2026-04-20
SKU-HEAL-11070,303,Brisbane,2026-04-16
SKU-GROC-08897,101,Melbourne,2026-07-20
SKU-TOYS-06505,366,Brisbane,2026-07-09
SKU-APPA-01570,288,Brisbane,2026-05-24
SKU-OFFI-10061,34,Wellington,2026-01-20
SKU-ELEC-00040,2,Melbourne,2026-01-16
SKU-ELEC-00633,459,Wellington,2026-01-15
SKU-GROC-09292,,Adelaide,2026-03-26
SKU-APPA-01382,55,Christchurch,2026-01-24
SKU-GROC-09376,2,Brisbane,2026-02-21
SKU-AUTO-08026,393,Melbourne,2026-03-01
SKU-HOME-02699,256,Christchurch,2026-07-24
SKU-HOME-03015,187,Adelaide,2026-07-23
SKU-ELEC-00461,126,Christchurch,2026-06-16
SKU-OFFI-09619,,Christchurch,2026-04-28
SKU-SPOR-03938,453,Christchurch,2026-05-13
SKU-GROC-09535,310,Auckland,2026-06-22
SKU-BEAU-04891,413,Wellington,2026-04-21
SKU-OFFI-10440,202,Auckland,2026-06-17
SKU-BEAU-05352,265,Christchurch,2026-06-25
SKU-HOME-03244,395,Melbourne,2026-07-22
SKU-HEAL-11135,24,Christchurch,2026-05-02
SKU-APPA-01753,365,Adelaide,2026-02-21
SKU-GROC-08949,484,Wellington,2026-05-09
SKU-HOME-02520,98,Wellington,2026-03-04
SKU-ELEC-00405,428,Brisbane,2026-01-23
SKU-TOYS-06407,281,Adelaide,2026-07-18
SKU-APPA-01451,317,Melbourne,2026-07-10
SKU-TOYS-06694,430,Brisbane,2026-05-06
SKU-TOYS-06180,454,Sydney,2026-01-28
SKU-ELEC-00050,73,Brisbane,2026-05-23
SKU-HEAL-11396,130,Auckland,2026-06-15
SKU-SPOR-04380,464,Auckland,2026-04-02
SKU-APPA-01579,352,Brisbane,2026-01-19
SKU-HOME-02588,307,Christchurch,2026-04-02
SKU-OFFI-09796,,Christchurch,2026-02-04
SKU-ELEC-00977,203,Brisbane,2026-06-25
SKU-APPA-01389,100,Brisbane,2026-03-20
SKU-TOYS-06487,463,Christchurch,2026-06-11
SKU-HEAL-11179,276,Melbourne,2026-03-03
SKU-ELEC-01045,297,Auckland,2026-01-19
SKU-ELEC-00107,453,Melbourne,2026-01-09
SKU-TOYS-06803,63,Brisbane,2026-03-01
SKU-SPOR-03832,495,Wellington,2026-04-24
SKU-SPOR-04596,160,Perth,2026-03-07
SKU-HOME-03398,247,Perth,2026-04-15
SKU-SPOR-04317,493,Wellington,2026-02-07
SKU-SPOR-03829,303,Sydney,2026-05-20
SKU-HOME-02456,348,Perth,2026-05-04
SKU-HEAL-11385,287,Auckland,2026-04-25
SKU-AUTO-07405,264,Melbourne,2026-01-22
SKU-BEAU-05197,138,Auckland,2026-06-19
SKU-HEAL-11258,472,Perth,2026-01-20
SKU-BEAU-04977,163,Perth,2026-07-01
SKU-HOME-03351,,Christchurch,2026-07-28
SKU-GROC-08657,470,Sydney,2026-06-02
SKU-APPA-01428,6,Auckland,2026-07-14
SKU-HOME-02833,259,Auckland,2026-04-16
SKU-AUTO-07835,,Sydney,2026-05-21
SKU-AUTO-07532,,Adelaide,2026-07-15
SKU-SPOR-04349,355,Wellington,2026-04-22
SKU-BEAU-05084,373,Auckland,2026-06-20
SKU-APPA-01608,354,Perth,2026-05-21
SKU-HEAL-11236,490,Perth,2026-03-04
SKU-BEAU-04871,328,Melbourne,2026-01-10
SKU-GROC-08943,138,Auckland,2026-02-17
SKU-OFFI-09859,355,Auckland,2026-07-11
SKU-HEAL-11230,374,Brisbane,2026-03-20
SKU-HEAL-10891,247,Christchurch,2026-03-08
SKU-HEAL-11677,397,Perth,2026-04-01
SKU-APPA-01310,83,Auckland,2026-01-12
SKU-BEAU-04817,163,Melbourne,2026-01-14
SKU-OFFI-10324,371,Christchurch,2026-03-03
SKU-HEAL-11712,347,Wellington,2026-03-27
SKU-OFFI-10634,93,Melbourne,2026-04-24
SKU-HEAL-11906,258,Wellington,2026-01-07
SKU-ELEC-00849,34,Auckland,2026-06-21
SKU-HOME-03304,125,Adelaide,2026-04-12
SKU-TOYS-07052,,Wellington,2026-01-11
SKU-OFFI-10263,401,Perth,2026-06-01
SKU-TOYS-06071,251,Perth,2026-06-24
SKU-GROC-08498,,Sydney,2026-05-26
SKU-GROC-08955,496,Christchurch,2026-03-20
SKU-TOYS-06763,211,Brisbane,2026-05-11
SKU-HEAL-11342,476,Christchurch,2026-07-01
SKU-OFFI-10142,215,Melbourne,2026-03-07
SKU-ELEC-00535,402,Brisbane,2026-07-02
SKU-BEAU-05611,47,Perth,2026-01-19
SKU-OFFI-10254,266,Auckland,2026-03-18
SKU-BEAU-04945,125,Auckland,2026-03-20
SKU-TOYS-06598,221,Wellington,2026-05-19
SKU-TOYS-06706,456,Melbourne,2026-03-17
SKU-BEAU-05205,282,Wellington,2026-05-15
SKU-OFFI-10515,91,Brisbane,2026-04-07
SKU-GROC-08621,418,Brisbane,2026-05-22
SKU-HEAL-11573,94,Adelaide,2026-01-27
SKU-APPA-01961,,Melbourne,2026-05-24
SKU-APPA-02003,406,Adelaide,2026-04-10
SKU-ELEC-00856,366,Brisbane,2026-06-11
SKU-SPOR-04396,207,Brisbane,2026-06-13
SKU-SPOR-04464,30,Wellington,2026-05-10
SKU-BEAU-05366,73,Melbourne,2026-06-23
SKU-GROC-08807,159,Wellington,2026-02-12
SKU-BEAU-05355,351,Adelaide,2026-07-15
SKU-OFFI-10775,403,Melbourne,2026-01-03
SKU-SPOR-04084,347,Christchurch,2026-03-03
SKU-SPOR-04357,100,Auckland,2026-05-17
SKU-BEAU-05960,386,Melbourne,2026-04-11
SKU-TOYS-06781,38,Brisbane,2026-02-18
SKU-GROC-09345,337,Auckland,2026-03-28
SKU-OFFI-10029,85,Sydney,2026-02-26
SKU-GROC-08558,112,Adelaide,2026-06-05
SKU-AUTO-07536,63,Adelaide,2026-07-25
SKU-GROC-09542,320,Adelaide,2026-06-02
SKU-BEAU-04859,370,Adelaide,2026-07-12
SKU-TOYS-06295,445,Perth,2026-02-26
SKU-TOYS-06435,365,Adelaide,2026-01-06
SKU-ELEC-00833,310,Brisbane,2026-03-09
SKU-AUTO-07270,266,Wellington,2026-06-20
SKU-TOYS-06197,390,Perth,2026-01-05
SKU-TOYS-06352,137,Christchurch,2026-07-25
SKU-BEAU-05761,439,Christchurch,2026-02-25
SKU-AUTO-07426,285,Sydney,2026-07-05
SKU-TOYS-07002,110,Sydney,2026-03-09
SKU-OFFI-10384,112,Sydney,2026-03-05
SKU-APPA-01277,477,Wellington,2026-04-13
SKU-OFFI-09798,103,Wellington,2026-02-21
SKU-APPA-02151,213,Adelaide,2026-03-24
SKU-TOYS-06470,139,Auckland,2026-07-24
SKU-BEAU-04844,400,Melbourne,2026-02-05
SKU-TOYS-06129,482,Christchurch,2026-01-17
SKU-ELEC-01067,336,Melbourne,2026-07-14
SKU-TOYS-06549,94,Brisbane,2026-03-02
SKU-HEAL-10860,249,Brisbane,2026-05-27
SKU-APPA-01227,431,Perth,2026-01-07
SKU-APPA-01326,288,Auckland,2026-03-27
SKU-SPOR-03748,202,Perth,2026-02-04
SKU-AUTO-07637,301,Auckland,2026-01-08
SKU-ELEC-01026,154,Perth,2026-01-10
SKU-GROC-09440,248,Melbourne,2026-01-25
SKU-ELEC-00254,369,Sydney,2026-04-04
SKU-TOYS-06199,152,Adelaide,2026-01-03
SKU-GROC-08494,340,Christchurch,2026-05-04
SKU-HOME-02480,499,Auckland,2026-04-12
SKU-BEAU-05776,465,Perth,2026-07-28
SKU-ELEC-00239,,Brisbane,2026-05-23
SKU-HOME-03345,69,Brisbane,2026-05-26
SKU-GROC-09410,83,Adelaide,2026-05-07
SKU-APPA-01749,240,Auckland,2026-05-21
SKU-AUTO-08182,98,Wellington,2026-03-26
SKU-APPA-01675,83,Sydney,2026-04-21
SKU-HOME-02600,354,Auckland,2026-01-05
SKU-TOYS-06403,,Brisbane,2026-07-15
SKU-APPA-01370,93,Wellington,2026-06-22
SKU-APPA-02269,,Adelaide,2026-01-16
SKU-APPA-02397,,Sydney,2026-01-17
SKU-GROC-08587,290,Auckland,2026-02-25
SKU-AUTO-07619,180,Melbourne,2026-05-13
SKU-HEAL-11509,424,Perth,2026-07-25
SKU-HEAL-11721,13,Adelaide,2026-06-15
SKU-APPA-01875,24,Wellington,2026-06-18
SKU-HOME-03118,377,Christchurch,2026-07-03
SKU-ELEC-00851,164,Christchurch,2026-02-03
SKU-ELEC-01081,53,Perth,2026-07-05
SKU-TOYS-07164,198,Sydney,2026-04-15
SKU-ELEC-00390,25,Melbourne,2026-01-01
SKU-AUTO-07332,386,Adelaide,2026-01-12
SKU-SPOR-03675,,Adelaide,2026-02-15
SKU-APPA-01687,346,Adelaide,2026-06-14
SKU-BEAU-05553,487,Melbourne,2026-02-07
SKU-OFFI-09819,139,Perth,2026-04-26
SKU-APPA-01886,203,Brisbane,2026-05-09
SKU-TOYS-07040,157,Auckland,2026-07-12
SKU-SPOR-04088,348,Melbourne,2026-04-02
SKU-BEAU-05055,382,Adelaide,2026-07-20
SKU-HOME-02489,189,Sydney,2026-02-10
SKU-GROC-09587,430,Brisbane,2026-01-16
SKU-ELEC-01051,437,Adelaide,2026-06-16
SKU-GROC-09144,180,Christchurch,2026-03-13
SKU-ELEC-01160,144,Sydney,2026-05-23
SKU-HEAL-11476,320,Adelaide,2026-05-09
SKU-ELEC-00278,44,Perth,2026-05-17
SKU-AUTO-07384,102,Wellington,2026-06-19
SKU-SPOR-04760,261,Sydney,2026-06-22
SKU-TOYS-06233,16,Melbourne,2026-01-12
SKU-AUTO-08226,271,Perth,2026-07-28
SKU-HOME-02889,437,Adelaide,2026-04-07
SKU-HOME-02723,451,Adelaide,2026-01-17
SKU-BEAU-05074,427,Sydney,2026-04-25
SKU-APPA-02199,63,Perth,2026-04-04
SKU-ELEC-00719,407,Adelaide,2026-03-19
SKU-AUTO-07952,,Brisbane,2026-03-22
SKU-ELEC-01052,305,Auckland,2026-05-16
SKU-SPOR-03965,16,Christchurch,2026-01-18
SKU-ELEC-00285,254,Adelaide,2026-02-17
SKU-OFFI-10476,30,Perth,2026-01-08
SKU-AUTO-07583,297,Christchurch,2026-04-03
SKU-OFFI-10004,266,Melbourne,2026-05-15
SKU-HEAL-11185,116,Brisbane,2026-07-26
SKU-TOYS-06520,424,Wellington,2026-01-22
SKU-GROC-08529,344,Brisbane,2026-06-06
SKU-HOME-03245,251,Adelaide,2026-02-24
SKU-TOYS-06427,239,Adelaide,2026-07-06
SKU-SPOR-03830,,Perth,2026-02-12
SKU-OFFI-10362,36,Adelaide,2026-07-26
SKU-SPOR-04584,137,Melbourne,2026-03-11
SKU-HEAL-11678,54,Auckland,2026-06-04
SKU-SPOR-03941,298,Wellington,2026-05-16
SKU-SPOR-04303,89,Christchurch,2026-04-02
SKU-APPA-02113,366,Brisbane,2026-05-22
SKU-TOYS-06926,28,Adelaide,2026-02-09
SKU-ELEC-00539,,Melbourne,2026-06-27
SKU-TOYS-06069,456,Auckland,2026-07-12
SKU-BEAU-05569,,Melbourne,2026-05-18
SKU-HOME-02633,343,Auckland,2026-05-18
SKU-OFFI-10032,43,Wellington,2026-06-06
SKU-AUTO-07761,450,Brisbane,2026-06-04
SKU-HEAL-11018,292,Wellington,2026-02-21
SKU-BEAU-05431,277,Adelaide,2026-06-18
SKU-GROC-08682,145,Adelaide,2026-02-01
SKU-BEAU-05165,310,Brisbane,2026-07-21
SKU-APPA-01852,372,Auckland,2026-06-03
SKU-GROC-08848,54,Auckland,2026-06-23
SKU-OFFI-09957,144,Brisbane,2026-01-11
SKU-BEAU-05919,406,Adelaide,2026-01-04
SKU-APPA-02320,247,Auckland,2026-04-12
SKU-ELEC-01137,326,Adelaide,2026-06-11
SKU-HOME-03501,158,Sydney,2026-02-05
SKU-APPA-01351,275,Sydney,2026-02-20
SKU-APPA-02105,466,Perth,2026-02-06
SKU-AUTO-08270,427,Melbourne,2026-05-05
SKU-SPOR-03907,264,Adelaide,2026-06-27
SKU-OFFI-10094,66,Perth,2026-03-09
SKU-SPOR-03929,284,Perth,2026-03-27
SKU-ELEC-00426,39,Sydney,2026-03-28
SKU-TOYS-06778,234,Brisbane,2026-05-07
SKU-AUTO-07948,196,Christchurch,2026-01-04
SKU-OFFI-10358,359,Christchurch,2026-07-20
SKU-BEAU-05898,260,Brisbane,2026-03-08
SKU-APPA-01800,252,Adelaide,2026-04-08
SKU-HEAL-11655,457,Perth,2026-04-26
SKU-APPA-01542,,Christchurch,2026-07-15
SKU-BEAU-05927,,Christchurch,2026-02-08
SKU-HEAL-11038,179,Melbourne,2026-07-03
SKU-HOME-03082,150,Brisbane,2026-06-09
SKU-SPOR-04724,110,Sydney,2026-07-17
SKU-ELEC-00439,50,Brisbane,2026-04-18
SKU-HOME-03458,221,Brisbane,2026-01-12
SKU-OFFI-10484,495,Melbourne,2026-03-19
SKU-HOME-02753,318,Melbourne,2026-07-08
SKU-TOYS-06969,5,Adelaide,2026-02-08
SKU-BEAU-05113,426,Auckland,2026-06-21
SKU-OFFI-09947,146,Sydney,2026-01-05
SKU-SPOR-04043,,Wellington,2026-05-09
SKU-HOME-03248,336,Melbourne,2026-06-07
SKU-ELEC-00128,185,Christchurch,2026-03-10
SKU-BEAU-05280,98,Adelaide,2026-03-10
SKU-BEAU-05172,34,Adelaide,2026-02-09
SKU-ELEC-00119,148,Melbourne,2026-03-22
SKU-BEAU-05098,144,Sydney,2026-06-08
SKU-HEAL-11034,371,Adelaide,2026-05-26
SKU-ELEC-00966,223,Melbourne,2026-02-14
SKU-HOME-02880,390,Sydney,2026-07-11
SKU-OFFI-10008,437,Adelaide,2026-07-27
SKU-APPA-02063,250,Perth,2026-03-22
SKU-BEAU-04973,242,Melbourne,2026-03-07
SKU-HOME-03328,163,Wellington,2026-02-25
SKU-HOME-03076,,Adelaide,2026-06-28
SKU-GROC-08474,,Christchurch,2026-04-25
SKU-OFFI-09712,385,Perth,2026-02-13
SKU-ELEC-00643,291,Sydney,2026-07-08
SKU-SPOR-04709,437,Brisbane,2026-05-11
SKU-TOYS-06641,490,Brisbane,2026-07-18
SKU-TOYS-06210,214,Melbourne,2026-01-10
SKU-TOYS-06450,269,Auckland,2026-02-14
SKU-GROC-09310,467,Christchurch,2026-04-02
SKU-HEAL-11900,187,Sydney,2026-01-24
SKU-APPA-02398,137,Auckland,2026-05-17
SKU-BEAU-04943,378,Melbourne,2026-06-15
SKU-TOYS-06936,,Perth,2026-07-04
SKU-HEAL-11836,323,Auckland,2026-04-19
SKU-OFFI-10513,434,Adelaide,2026-02-09
SKU-GROC-08652,86,Melbourne,2026-02-04
SKU-AUTO-08070,70,Christchurch,2026-02-04
SKU-SPOR-04563,233,Adelaide,2026-03-13
SKU-BEAU-05160,347,Sydney,2026-07-16
SKU-ELEC-00106,,Sydney,2026-04-16
SKU-TOYS-06224,286,Perth,2026-05-10
SKU-ELEC-01199,3,Perth,2026-04-03
SKU-BEAU-05225,20,Perth,2026-01-01
SKU-HEAL-11858,,Perth,2026-02-22
SKU-OFFI-09830,478,Brisbane,2026-05-22
SKU-AUTO-07591,452,Christchurch,2026-01-02
SKU-APPA-01882,365,Sydney,2026-04-09
SKU-HEAL-11151,203,Brisbane,2026-06-25
SKU-HEAL-11195,93,Perth,2026-07-10
SKU-ELEC-00895,219,Melbourne,2026-04-20
SKU-APPA-02302,417,Christchurch,2026-05-16
SKU-SPOR-04761,321,Brisbane,2026-03-04
SKU-HOME-02826,257,Brisbane,2026-01-12
SKU-APPA-01206,,Christchurch,2026-07-12
SKU-SPOR-04175,229,Perth,2026-02-16
SKU-ELEC-00878,419,Perth,2026-02-04
SKU-SPOR-04564,411,Sydney,2026-04-28
SKU-APPA-02351,98,Wellington,2026-02-18
SKU-BEAU-05951,,Adelaide,2026-06-01
SKU-HOME-02408,176,Wellington,2026-02-06
SKU-OFFI-10083,450,Brisbane,2026-02-14
SKU-OFFI-09718,146,Sydney,2026-03-13
SKU-AUTO-07674,24,Brisbane,2026-07-01
SKU-APPA-02295,241,Sydney,2026-04-11
SKU-ELEC-00229,326,Perth,2026-02-24
SKU-OFFI-10434,216,Sydney,2026-04-24
SKU-AUTO-07307,441,Sydney,2026-02-06
SKU-SPOR-04711,291,Auckland,2026-03-08
SKU-AUTO-08138,425,Melbourne,2026-01-05
SKU-ELEC-01109,,Melbourne,2026-07-07
SKU-ELEC-00013,438,Melbourne,2026-05-20
SKU-HEAL-11092,486,Christchurch,2026-02-13
SKU-HEAL-11362,345,Christchurch,2026-03-14
SKU-HOME-02831,314,Brisbane,2026-06-11
SKU-APPA-01786,129,Auckland,2026-05-12
SKU-HOME-03167,184,Auckland,2026-04-13
SKU-AUTO-07217,337,Melbourne,2026-04-13
SKU-TOYS-06537,398,Auckland,2026-01-01
SKU-HOME-03197,92,Brisbane,2026-07-19
SKU-GROC-08591,262,Auckland,2026-06-09
SKU-BEAU-05250,349,Sydney,2026-04-01
SKU-BEAU-05149,106,Perth,2026-07-13
SKU-HOME-03496,262,Melbourne,2026-01-07
SKU-ELEC-00949,304,Christchurch,2026-06-09
SKU-ELEC-00361,99,Brisbane,2026-07-25
SKU-GROC-09049,,Sydney,2026-02-04
SKU-ELEC-00317,463,Melbourne,2026-01-04
SKU-OFFI-10316,429,Melbourne,2026-04-23
SKU-ELEC-00521,119,Wellington,2026-04-28
SKU-ELEC-00615,361,Brisbane,2026-05-25
SKU-AUTO-08315,89,Melbourne,2026-07-08
SKU-APPA-02090,242,Sydney,2026-01-04
SKU-ELEC-00364,298,Perth,2026-06-10
SKU-SPOR-04502,465,Melbourne,2026-06-25
SKU-AUTO-07409,135,Wellington,2026-07-26
SKU-HEAL-11774,185,Melbourne,2026-03-08
SKU-HOME-03594,80,Melbourne,2026-02-23
SKU-AUTO-08293,154,Melbourne,2026-05-06
SKU-GROC-08586,409,Perth,2026-03-01
SKU-OFFI-09867,58,Adelaide,2026-02-13
SKU-APPA-01937,130,Melbourne,2026-01-23
SKU-OFFI-10107,109,Auckland,2026-07-22
SKU-APPA-02308,23,Brisbane,2026-07-09
SKU-GROC-08996,224,Christchurch,2026-07-10
SKU-APPA-01738,127,Perth,2026-03-11
SKU-OFFI-09893,431,Sydney,2026-03-08
SKU-GROC-09569,197,Auckland,2026-01-14
SKU-GROC-08926,17,Auckland,2026-03-02
SKU-ELEC-00039,386,Sydney,2026-04-23
SKU-APPA-01365,354,Brisbane,2026-02-21
SKU-HOME-03402,,Adelaide,2026-04-12
SKU-BEAU-05690,427,Melbourne,2026-07-18
SKU-HEAL-11688,159,Perth,2026-03-02
SKU-HOME-03359,379,Adelaide,2026-07-26
SKU-AUTO-07671,,Brisbane,2026-02-10
SKU-HEAL-11957,111,Auckland,2026-05-06
SKU-OFFI-10253,421,Melbourne,2026-06-12
SKU-HEAL-11358,297,Perth,2026-07-25
SKU-HOME-02586,185,Adelaide,2026-04-19
SKU-OFFI-10086,219,Auckland,2026-03-02
SKU-HEAL-11413,30,Sydney,2026-03-28
SKU-AUTO-07918,388,Adelaide,2026-01-03
SKU-BEAU-04903,80,Adelaide,2026-02-02
SKU-OFFI-09848,420,Wellington,2026-01-20
SKU-HOME-02680,359,Melbourne,2026-05-05
SKU-APPA-01269,285,Brisbane,2026-06-18
SKU-SPOR-04684,208,Brisbane,2026-05-20
SKU-BEAU-05028,261,Auckland,2026-06-20
SKU-OFFI-09661,,Auckland,2026-04-06
SKU-HOME-03216,324,Perth,2026-02-16
SKU-TOYS-07029,292,Perth,2026-05-25
SKU-HOME-02800,443,Christchurch,2026-06-11
SKU-APPA-01231,58,Wellington,2026-01-12
SKU-AUTO-07887,384,Adelaide,2026-01-17
SKU-TOYS-06091,406,Adelaide,2026-07-21
SKU-SPOR-04314,389,Brisbane,2026-04-22
SKU-ELEC-00074,453,Christchurch,2026-03-18
SKU-OFFI-09868,184,Brisbane,2026-04-12
SKU-HOME-02714,370,Auckland,2026-02-13
SKU-OFFI-10085,196,Auckland,2026-02-17
SKU-AUTO-07634,395,Melbourne,2026-01-17
SKU-HEAL-11789,481,Melbourne,2026-04-26
SKU-TOYS-06107,237,Auckland,2026-06-22
SKU-OFFI-10636,62,Auckland,2026-02-14
SKU-APPA-01850,300,Auckland,2026-01-10
SKU-AUTO-07336,333,Perth,2026-04-26
SKU-AUTO-07432,425,Perth,2026-02-28
SKU-TOYS-06589,397,Perth,2026-06-09
SKU-GROC-08475,441,Brisbane,2026-01-01
SKU-GROC-09331,77,Perth,2026-01-14
SKU-APPA-01844,151,Auckland,2026-06-05
SKU-BEAU-05460,68,Adelaide,2026-01-16
SKU-GROC-08513,474,Christchurch,2026-05-17
SKU-APPA-01874,230,Wellington,2026-06-10
SKU-TOYS-06172,467,Wellington,2026-04-21
SKU-HOME-03379,106,Christchurch,2026-01-08
SKU-SPOR-04196,432,Brisbane,2026-03-22
SKU-TOYS-06996,,Perth,2026-01-04
SKU-TOYS-06911,358,Melbourne,2026-02-23
SKU-HEAL-11372,,Auckland,2026-01-04
SKU-HOME-03563,,Sydney,2026-03-26
SKU-GROC-08846,286,Christchurch,2026-07-01
SKU-TOYS-06677,105,Perth,2026-02-11
SKU-BEAU-05649,438,Christchurch,2026-06-20
SKU-APPA-01820,24,Sydney,2026-04-19
SKU-HOME-03354,107,Christchurch,2026-03-14
SKU-HEAL-10863,468,Adelaide,2026-01-15
SKU-BEAU-05501,209,Christchurch,2026-07-10
SKU-OFFI-10272,391,Brisbane,2026-01-19
SKU-AUTO-07756,,Brisbane,2026-06-03
SKU-HOME-02737,472,Adelaide,2026-05-02
SKU-TOYS-06423,388,Melbourne,2026-02-06
SKU-HOME-02994,299,Brisbane,2026-03-24
SKU-TOYS-06896,57,Sydney,2026-07-20
SKU-APPA-01661,199,Brisbane,2026-06-21
SKU-BEAU-05410,256,Perth,2026-03-28
SKU-BEAU-05187,407,Sydney,2026-05-12
SKU-OFFI-10462,4,Christchurch,2026-01-06
SKU-HEAL-10873,286,Auckland,2026-07-05
SKU-AUTO-07552,494,Auckland,2026-04-27
SKU-BEAU-05741,381,Adelaide,2026-03-19
SKU-AUTO-07256,158,Brisbane,2026-03-06
SKU-ELEC-00612,449,Perth,2026-04-24
SKU-GROC-08862,189,Christchurch,2026-02-26
SKU-GROC-09342,290,Brisbane,2026-03-15
SKU-GROC-09109,330,Brisbane,2026-06-03
SKU-HOME-02936,420,Melbourne,2026-06-16
SKU-HEAL-11556,394,Melbourne,2026-06-18
SKU-SPOR-04161,298,Perth,2026-01-26
SKU-BEAU-05615,,Brisbane,2026-05-01
SKU-HEAL-11738,377,Brisbane,2026-05-11
SKU-SPOR-04093,272,Sydney,2026-04-08
SKU-OFFI-10313,286,Sydney,2026-01-13
SKU-GROC-08662,310,Brisbane,2026-04-08
SKU-AUTO-07805,199,Melbourne,2026-04-27
SKU-HOME-02700,481,Sydney,2026-03-22
SKU-HOME-03280,376,Perth,2026-01-22
SKU-AUTO-08188,344,Wellington,2026-01-20
SKU-OFFI-10236,239,Brisbane,2026-01-19
SKU-OFFI-10040,350,Melbourne,2026-01-04
SKU-TOYS-06355,70,Sydney,2026-04-26
SKU-HOME-02687,199,Adelaide,2026-05-14
SKU-BEAU-05859,335,Melbourne,2026-01-16
SKU-TOYS-06270,301,Perth,2026-02-10
SKU-GROC-09225,440,Auckland,2026-02-14
SKU-GROC-08857,405,Brisbane,2026-01-10
SKU-AUTO-07331,366,Sydney,2026-01-03
SKU-APPA-01840,329,Christchurch,2026-01-15
SKU-ELEC-00916,245,Brisbane,2026-05-13
SKU-SPOR-04449,399,Auckland,2026-05-09
SKU-HEAL-11735,216,Wellington,2026-02-13
SKU-HOME-02818,34,Sydney,2026-06-26
SKU-BEAU-05006,256,Christchurch,2026-01-23
SKU-OFFI-10309,237,Auckland,2026-04-23
SKU-SPOR-04279,271,Wellington,2026-07-07
SKU-BEAU-04877,252,Wellington,2026-02-18
SKU-OFFI-10018,443,Auckland,2026-01-02
SKU-AUTO-07608,,Christchurch,2026-07-17
SKU-BEAU-05025,,Perth,2026-07-11
SKU-GROC-09412,308,Perth,2026-01-14
SKU-ELEC-00717,350,Perth,2026-02-14
SKU-OFFI-10312,257,Adelaide,2026-07-03
SKU-SPOR-04011,,Wellington,2026-03-28
SKU-OFFI-10220,282,Melbourne,2026-07-03
SKU-HEAL-11754,302,Brisbane,2026-06-01
SKU-AUTO-07398,304,Melbourne,2026-05-17
SKU-BEAU-05684,63,Melbourne,2026-04-05
SKU-HEAL-11536,238,Auckland,2026-02-02
SKU-OFFI-09625,230,Sydney,2026-07-16
SKU-ELEC-00499,107,Sydney,2026-01-19
SKU-APPA-01619,3,Adelaide,2026-01-12
SKU-TOYS-06592,259,Christchurch,2026-05-07
SKU-OFFI-10030,352,Adelaide,2026-04-12
SKU-APPA-01352,260,Auckland,2026-04-23
SKU-OFFI-09847,112,Auckland,2026-02-07
SKU-HOME-02564,120,Melbourne,2026-02-14
SKU-BEAU-05299,286,Brisbane,2026-04-07
SKU-AUTO-07971,61,Christchurch,2026-04-10
SKU-TOYS-06586,415,Perth,2026-05-27
SKU-SPOR-03876,104,Brisbane,2026-02-18
SKU-HOME-03467,338,Sydney,2026-01-10
SKU-HEAL-11761,142,Adelaide,2026-02-05
SKU-BEAU-05508,376,Perth,2026-05-01
SKU-ELEC-00808,348,Wellington,2026-06-01
SKU-GROC-09116,244,Wellington,2026-04-12
SKU-HEAL-11710,22,Auckland,2026-06-16
SKU-OFFI-10138,,Sydney,2026-06-05
SKU-BEAU-05915,178,Melbourne,2026-02-07
SKU-HOME-03094,377,Wellington,2026-03-22
SKU-HOME-03319,269,Brisbane,2026-01-26
SKU-GROC-09207,398,Perth,2026-02-20
SKU-APPA-01240,226,Adelaide,2026-02-25
SKU-TOYS-06566,327,Melbourne,2026-01-04
SKU-ELEC-00341,175,Auckland,2026-06-07
SKU-TOYS-06066,373,Sydney,2026-07-16
SKU-AUTO-07602,462,Christchurch,2026-05-05
SKU-SPOR-03962,130,Wellington,2026-02-04
SKU-BEAU-05661,121,Auckland,2026-06-25
SKU-GROC-08748,155,Adelaide,2026-06-05
SKU-ELEC-00578,216,Sydney,2026-04-20
SKU-SPOR-04315,344,Auckland,2026-06-05
SKU-APPA-01598,,Brisbane,2026-05-19
SKU-BEAU-05573,288,Perth,2026-01-19
SKU-HEAL-10859,297,Auckland,2026-03-10
SKU-TOYS-06439,174,Auckland,2026-07-23
SKU-TOYS-06841,454,Perth,2026-06-06
SKU-APPA-01670,,Sydney,2026-03-18
SKU-BEAU-04962,44,Adelaide,2026-04-27
SKU-AUTO-07298,341,Brisbane,2026-01-11
SKU-OFFI-10057,139,Adelaide,2026-03-02
SKU-TOYS-07059,147,Perth,2026-04-26
SKU-AUTO-07291,360,Auckland,2026-05-21
SKU-BEAU-05503,279,Adelaide,2026-01-25
SKU-ELEC-00683,85,Sydney,2026-02-12
SKU-HEAL-11082,140,Wellington,2026-02-21
SKU-HOME-03100,139,Wellington,2026-06-08
SKU-OFFI-10466,322,Adelaide,2026-02-22
SKU-OFFI-10266,379,Adelaide,2026-03-11
SKU-APPA-01441,457,Melbourne,2026-05-15
SKU-AUTO-07682,138,Wellington,2026-06-05
SKU-ELEC-00300,347,Brisbane,2026-01-23
SKU-GROC-09017,451,Perth,2026-07-13
SKU-HOME-03198,103,Perth,2026-01-27
SKU-HOME-03577,5,Adelaide,2026-03-21
SKU-ELEC-00819,150,Christchurch,2026-05-17
SKU-APPA-01404,417,Wellington,2026-07-02
SKU-HOME-02754,89,Melbourne,2026-02-12
SKU-TOYS-06400,287,Brisbane,2026-06-06
SKU-HEAL-11859,17,Sydney,2026-02-27
SKU-OFFI-10724,,Perth,2026-04-24
SKU-GROC-08793,346,Sydney,2026-07-16
SKU-SPOR-04770,180,Brisbane,2026-01-15
SKU-HEAL-11158,430,Brisbane,2026-04-16
SKU-HOME-03575,188,Sydney,2026-03-16
SKU-GROC-09284,488,Adelaide,2026-01-16
SKU-SPOR-04440,349,Auckland,2026-05-27
SKU-APPA-01222,471,Christchurch,2026-02-07
SKU-AUTO-07672,340,Auckland,2026-06-05
SKU-TOYS-07074,456,Christchurch,2026-07-07
SKU-GROC-08946,379,Sydney,2026-05-13
SKU-HEAL-11129,40,Auckland,2026-07-27
SKU-ELEC-01178,243,Sydney,2026-03-19
SKU-HEAL-11375,127,Sydney,2026-06-06
SKU-ELEC-00838,134,Adelaide,2026-01-16
SKU-HOME-03078,428,Brisbane,2026-06-28
SKU-GROC-08409,245,Melbourne,2026-01-16
SKU-BEAU-05343,,Wellington,2026-04-02
SKU-HEAL-11839,326,Wellington,2026-06-09
SKU-ELEC-01124,12,Christchurch,2026-04-23
SKU-APPA-01403,209,Sydney,2026-01-02
SKU-BEAU-05976,90,Christchurch,2026-07-23
SKU-HOME-03017,,Christchurch,2026-01-15
SKU-AUTO-07658,286,Brisbane,2026-03-20
SKU-OFFI-10514,226,Melbourne,2026-05-10
SKU-APPA-01642,163,Melbourne,2026-07-23
SKU-APPA-01857,190,Adelaide,2026-05-14
SKU-TOYS-06765,456,Adelaide,2026-03-11
SKU-AUTO-08094,407,Melbourne,2026-01-10
SKU-SPOR-04000,282,Adelaide,2026-06-20
SKU-AUTO-08211,281,Christchurch,2026-07-14
SKU-ELEC-01175,369,Brisbane,2026-05-19
SKU-ELEC-00076,70,Melbourne,2026-06-05
SKU-SPOR-04766,17,Melbourne,2026-04-22
SKU-SPOR-03791,443,Sydney,2026-06-02
SKU-GROC-09340,36,Perth,2026-06-25
SKU-APPA-01396,41,Brisbane,2026-07-22
SKU-HOME-03015,187,Adelaide,2026-07-23
SKU-SPOR-04005,89,Brisbane,2026-03-13
SKU-AUTO-07610,247,Brisbane,2026-02-21
SKU-TOYS-06707,99,Adelaide,2026-06-25
SKU-ELEC-00395,253,Wellington,2026-03-15
SKU-ELEC-00630,40,Auckland,2026-05-20
SKU-SPOR-04598,261,Christchurch,2026-07-14
SKU-HOME-03276,57,Auckland,2026-03-07
SKU-TOYS-06346,258,Christchurch,2026-06-19
SKU-AUTO-07744,191,Perth,2026-06-26
SKU-AUTO-08373,375,Auckland,2026-04-03
SKU-AUTO-08103,104,Perth,2026-01-19
SKU-AUTO-07290,359,Melbourne,2026-02-03
SKU-TOYS-06045,178,Perth,2026-03-16
SKU-BEAU-04826,165,Auckland,2026-01-13
SKU-TOYS-06266,305,Sydney,2026-02-12
SKU-TOYS-06298,44,Adelaide,2026-04-08
SKU-OFFI-10623,98,Sydney,2026-01-27
SKU-HOME-02486,331,Sydney,2026-05-08
SKU-SPOR-04522,78,Perth,2026-06-25
SKU-OFFI-10786,,Auckland,2026-04-04
SKU-ELEC-00721,189,Christchurch,2026-01-13
SKU-AUTO-07430,447,Melbourne,2026-07-25
SKU-APPA-02021,468,Perth,2026-06-03
SKU-ELEC-00591,240,Auckland,2026-06-12
SKU-APPA-02089,98,Melbourne,2026-07-14
SKU-SPOR-03617,11,Sydney,2026-05-03
SKU-ELEC-00695,327,Wellington,2026-02-19
SKU-BEAU-05040,23,Perth,2026-02-25
SKU-APPA-02086,349,Christchurch,2026-03-09
SKU-GROC-09081,233,Sydney,2026-06-05
SKU-HOME-02605,331,Sydney,2026-03-07
SKU-HEAL-11106,209,Sydney,2026-02-23
SKU-BEAU-05365,103,Melbourne,2026-01-12
SKU-HOME-02790,263,Melbourne,2026-04-17
SKU-OFFI-09807,175,Auckland,2026-05-02
SKU-HEAL-11040,160,Christchurch,2026-05-21
SKU-SPOR-04287,379,Melbourne,2026-05-18
SKU-TOYS-07182,381,Christchurch,2026-06-02
SKU-AUTO-08098,400,Perth,2026-05-20
SKU-AUTO-08167,229,Christchurch,2026-04-24
SKU-OFFI-10705,106,Perth,2026-04-19
SKU-SPOR-04273,112,Melbourne,2026-01-01
SKU-ELEC-00973,0,Christchurch,2026-03-04
SKU-AUTO-07846,424,Melbourne,2026-06-01
SKU-GROC-08913,257,Christchurch,2026-03-27
SKU-AUTO-08184,204,Perth,2026-02-03
SKU-GROC-08426,87,Auckland,2026-01-23
SKU-HEAL-10952,61,Wellington,2026-07-15
SKU-HEAL-11639,423,Adelaide,2026-03-09
SKU-AUTO-07253,,Sydney,2026-06-11
SKU-HEAL-11194,357,Adelaide,2026-06-18
SKU-OFFI-10438,,Melbourne,2026-04-15
SKU-GROC-08730,319,Christchurch,2026-01-08
SKU-ELEC-00068,323,Christchurch,2026-05-18
SKU-APPA-01485,39,Adelaide,2026-03-12
SKU-HOME-02849,334,Melbourne,2026-02-12
SKU-GROC-08977,353,Perth,2026-05-02
SKU-AUTO-07560,89,Brisbane,2026-07-16
SKU-HOME-03421,133,Melbourne,2026-06-05
SKU-APPA-01672,210,Sydney,2026-02-26
SKU-SPOR-03646,424,Adelaide,2026-07-12
SKU-APPA-02187,135,Perth,2026-06-19
SKU-ELEC-00404,220,Christchurch,2026-03-09
SKU-ELEC-00091,455,Melbourne,2026-04-16
SKU-OFFI-09905,334,Perth,2026-04-19
SKU-AUTO-07743,141,Brisbane,2026-06-05
SKU-OFFI-10728,422,Sydney,2026-07-15
SKU-TOYS-06414,253,Sydney,2026-04-27
SKU-AUTO-07851,301,Auckland,2026-07-21
SKU-BEAU-05670,227,Brisbane,2026-07-05
SKU-BEAU-05328,189,Christchurch,2026-04-11
SKU-GROC-09029,266,Brisbane,2026-03-06
SKU-SPOR-04007,207,Perth,2026-07-23
SKU-HEAL-11714,142,Perth,2026-01-26
SKU-AUTO-08002,432,Auckland,2026-05-06
SKU-TOYS-07123,,Adelaide,2026-02-24
SKU-OFFI-10241,15,Brisbane,2026-02-11
SKU-SPOR-04291,463,Perth,2026-07-22
SKU-TOYS-07027,460,Sydney,2026-05-16
SKU-ELEC-00187,32,Adelaide,2026-05-05
SKU-OFFI-10128,359,Adelaide,2026-03-26
SKU-AUTO-07571,48,Brisbane,2026-07-06
SKU-BEAU-05247,197,Melbourne,2026-04-09
SKU-HOME-03519,134,Brisbane,2026-04-10
SKU-ELEC-00761,350,Christchurch,2026-06-07
SKU-OFFI-10486,248,Christchurch,2026-06-25
SKU-TOYS-06064,156,Sydney,2026-02-08
SKU-GROC-08537,,Perth,2026-07-20
SKU-GROC-08493,90,Brisbane,2026-06-10
SKU-HOME-02932,253,Brisbane,2026-05-03
SKU-HOME-03406,312,Wellington,2026-07-17
SKU-SPOR-04453,365,Wellington,2026-01-11
SKU-HOME-03196,341,Perth,2026-06-27
SKU-ELEC-00676,181,Christchurch,2026-04-23
SKU-HEAL-11069,405,Auckland,2026-04-03
SKU-GROC-08655,454,Adelaide,2026-04-23
SKU-AUTO-08334,209,Perth,2026-03-10
SKU-APPA-02230,471,Melbourne,2026-03-06
SKU-AUTO-07891,314,Brisbane,2026-05-05
SKU-AUTO-08130,109,Adelaide,2026-01-05
SKU-SPOR-03910,272,Auckland,2026-01-26
SKU-TOYS-06561,364,Melbourne,2026-02-12
SKU-HOME-02797,434,Adelaide,2026-07-04
SKU-GROC-08879,,Sydney,2026-02-03
SKU-APPA-01392,472,Melbourne,2026-01-05
SKU-GROC-09257,164,Sydney,2026-04-22
SKU-APPA-01513,351,Sydney,2026-02-17
SKU-HEAL-11967,324,Sydney,2026-01-11
SKU-HOME-03208,95,Sydney,2026-02-24
SKU-BEAU-04895,241,Auckland,2026-01-10
SKU-AUTO-08376,42,Perth,2026-04-25
SKU-SPOR-03838,463,Adelaide,2026-05-09
SKU-GROC-08964,375,Adelaide,2026-06-13
SKU-BEAU-05096,380,Melbourne,2026-01-15
SKU-APPA-01798,429,Perth,2026-04-17
SKU-ELEC-00290,35,Brisbane,2026-06-07
SKU-OFFI-09757,237,Adelaide,2026-06-18
SKU-HOME-02731,440,Christchurch,2026-03-28
SKU-BEAU-05616,308,Christchurch,2026-03-02
SKU-OFFI-09944,254,Auckland,2026-04-14
SKU-HEAL-11835,438,Auckland,2026-02-19
SKU-GROC-09121,133,Christchurch,2026-03-02
SKU-ELEC-00352,254,Brisbane,2026-04-19
SKU-APPA-02322,378,Wellington,2026-02-19
SKU-SPOR-03909,121,Auckland,2026-07-18
SKU-HEAL-10839,201,Perth,2026-01-08
SKU-BEAU-05386,37,Adelaide,2026-02-27
SKU-OFFI-10406,53,Adelaide,2026-07-28
SKU-ELEC-00452,373,Wellington,2026-03-21
SKU-GROC-08427,338,Brisbane,2026-07-10
SKU-HOME-03051,125,Auckland,2026-06-14
SKU-BEAU-05816,140,Sydney,2026-07-23
SKU-APPA-01355,197,Brisbane,2026-07-13
SKU-HOME-03201,310,Melbourne,2026-03-20
SKU-OFFI-09869,212,Christchurch,2026-05-01
SKU-HEAL-11455,176,Auckland,2026-01-20
SKU-OFFI-10115,273,Brisbane,2026-02-15
SKU-APPA-01466,239,Sydney,2026-04-28
SKU-TOYS-06244,440,Auckland,2026-01-08
SKU-AUTO-07742,50,Adelaide,2026-05-11
SKU-HOME-02948,309,Adelaide,2026-03-12
SKU-GROC-09198,,Christchurch,2026-05-02
SKU-SPOR-04409,86,Auckland,2026-04-04
SKU-SPOR-04529,32,Adelaide,2026-02-22
SKU-GROC-09599,226,Wellington,2026-07-16
SKU-GROC-08448,41,Christchurch,2026-06-14
SKU-TOYS-06983,395,Brisbane,2026-03-15
SKU-BEAU-05626,483,Melbourne,2026-04-24
SKU-ELEC-00904,176,Perth,2026-05-05
SKU-HOME-02449,102,Brisbane,2026-03-11
SKU-SPOR-04571,53,Christchurch,2026-06-08
SKU-GROC-09052,246,Christchurch,2026-06-26
SKU-ELEC-00294,97,Sydney,2026-06-26
SKU-APPA-01842,293,Perth,2026-04-05
SKU-HEAL-11610,461,Wellington,2026-03-19
SKU-BEAU-05480,308,Wellington,2026-06-05
SKU-ELEC-00919,209,Perth,2026-06-04
SKU-SPOR-04706,39,Sydney,2026-05-14
SKU-SPOR-03604,159,Wellington,2026-06-28
SKU-SPOR-04280,306,Christchurch,2026-07-26
SKU-ELEC-00146,151,Christchurch,2026-04-06
SKU-TOYS-06098,15,Wellington,2026-04-02
SKU-HOME-03163,415,Sydney,2026-06-05
SKU-HOME-03322,246,Brisbane,2026-03-14
SKU-OFFI-10393,392,Sydney,2026-05-04
SKU-HOME-02862,188,Sydney,2026-03-07
SKU-SPOR-04514,16,Auckland,2026-04-20
SKU-GROC-09303,144,Perth,2026-03-15
SKU-APPA-02377,129,Perth,2026-03-09
SKU-AUTO-07644,388,Sydney,2026-01-12
SKU-TOYS-06349,209,Brisbane,2026-07-03
SKU-APPA-02131,,Melbourne,2026-07-16
SKU-TOYS-06254,477,Perth,2026-05-26
SKU-SPOR-03883,60,Melbourne,2026-07-21
SKU-OFFI-10721,325,Melbourne,2026-02-03
SKU-GROC-08412,,Sydney,2026-02-06
SKU-AUTO-08112,475,Christchurch,2026-05-24
SKU-HOME-02821,,Perth,2026-04-28
SKU-HOME-02827,348,Melbourne,2026-04-28
SKU-AUTO-07860,,Brisbane,2026-03-01
SKU-APPA-01465,97,Sydney,2026-05-04
SKU-APPA-01929,92,Melbourne,2026-03-22
SKU-APPA-01401,319,Perth,2026-05-10
SKU-APPA-01927,304,Melbourne,2026-05-07
SKU-TOYS-07049,355,Melbourne,2026-07-20
SKU-AUTO-07910,285,Adelaide,2026-04-20
SKU-HOME-02410,66,Perth,2026-07-12
SKU-OFFI-10773,121,Perth,2026-02-25
SKU-SPOR-03649,474,Christchurch,2026-06-25
SKU-SPOR-04423,361,Christchurch,2026-05-15
SKU-APPA-02094,349,Christchurch,2026-06-11
SKU-BEAU-05874,85,Wellington,2026-07-18
SKU-ELEC-00130,375,Melbourne,2026-06-01
SKU-SPOR-04462,300,Perth,2026-06-27
SKU-OFFI-09886,61,Christchurch,2026-02-22
SKU-HOME-02405,151,Wellington,2026-02-08
SKU-ELEC-00191,448,Adelaide,2026-03-21
SKU-OFFI-10256,389,Melbourne,2026-01-23
SKU-SPOR-04695,469,Christchurch,2026-05-03
SKU-GROC-08429,405,Auckland,2026-02-03
SKU-HEAL-10897,172,Sydney,2026-06-12
SKU-SPOR-04785,340,Sydney,2026-03-19
SKU-AUTO-07225,67,Brisbane,2026-01-03
SKU-TOYS-07028,477,Christchurch,2026-03-26
SKU-OFFI-09733,109,Wellington,2026-01-25
SKU-HOME-03074,337,Christchurch,2026-06-01
SKU-ELEC-00006,481,Wellington,2026-06-24
SKU-HEAL-11875,92,Sydney,2026-06-19
SKU-GROC-09305,267,Christchurch,2026-03-28
SKU-SPOR-04193,24,Wellington,2026-06-16
SKU-HEAL-11630,212,Sydney,2026-04-12
SKU-APPA-02077,,Adelaide,2026-02-14
SKU-AUTO-07568,186,Melbourne,2026-03-03
SKU-AUTO-07486,90,Perth,2026-06-26
SKU-SPOR-04404,274,Melbourne,2026-07-06
SKU-OFFI-10091,309,Auckland,2026-01-13
SKU-GROC-08849,215,Adelaide,2026-01-06
SKU-HEAL-11751,134,Melbourne,2026-03-24
SKU-APPA-01667,,Brisbane,2026-07-08
SKU-TOYS-06004,189,Adelaide,2026-06-04
SKU-ELEC-00884,437,Wellington,2026-05-07
SKU-SPOR-04253,,Adelaide,2026-07-04
SKU-HEAL-11302,86,Christchurch,2026-02-02
SKU-ELEC-00507,157,Brisbane,2026-01-07
SKU-HOME-03271,431,Adelaide,2026-02-12
SKU-AUTO-07569,43,Melbourne,2026-07-18
SKU-TOYS-06155,150,Auckland,2026-07-27
SKU-ELEC-00541,77,Auckland,2026-06-18
SKU-AUTO-07599,129,Melbourne,2026-05-08
SKU-ELEC-00335,491,Auckland,2026-07-13
SKU-ELEC-00738,66,Sydney,2026-05-12
SKU-SPOR-04213,289,Perth,2026-02-27
SKU-SPOR-04149,15,Brisbane,2026-03-17
SKU-HEAL-11901,165,Perth,2026-02-08
SKU-GROC-09459,168,Perth,2026-06-27
SKU-OFFI-10081,50,Adelaide,2026-02-11
SKU-APPA-01234,409,Perth,2026-05-07
SKU-ELEC-00246,184,Melbourne,2026-03-05
SKU-TOYS-06257,424,Wellington,2026-07-14
SKU-SPOR-04765,104,Christchurch,2026-07-24
SKU-OFFI-09982,302,Perth,2026-05-14
SKU-HOME-03181,337,Sydney,2026-05-17
SKU-HOME-02978,381,Christchurch,2026-03-01
SKU-TOYS-06872,322,Sydney,2026-04-20
SKU-GROC-09178,6,Melbourne,2026-05-22
SKU-BEAU-05903,83,Wellington,2026-07-27
SKU-ELEC-00791,409,Adelaide,2026-05-04
SKU-GROC-08938,334,Christchurch,2026-05-20
SKU-APPA-01905,287,Perth,2026-05-26
SKU-HOME-03486,449,Melbourne,2026-03-24
SKU-HOME-03545,,Perth,2026-05-09
SKU-TOYS-06236,491,Auckland,2026-05-02
SKU-AUTO-08054,370,Melbourne,2026-01-14
SKU-OFFI-10538,58,Auckland,2026-02-11
SKU-GROC-09055,13,Brisbane,2026-06-25
SKU-TOYS-06056,340,Perth,2026-05-14
SKU-GROC-09600,218,Perth,2026-05-06
SKU-BEAU-04955,479,Perth,2026-05-28
SKU-SPOR-04494,293,Wellington,2026-01-17
SKU-SPOR-04600,2,Brisbane,2026-04-02
SKU-AUTO-07408,192,Adelaide,2026-02-05
SKU-HOME-03072,255,Sydney,2026-01-06
SKU-AUTO-08245,105,Sydney,2026-01-13
SKU-SPOR-04721,425,Perth,2026-06-24
SKU-OFFI-09723,347,Perth,2026-07-16
SKU-SPOR-04271,206,Christchurch,2026-03-23
SKU-ELEC-00680,441,Christchurch,2026-07-03
SKU-APPA-02270,396,Brisbane,2026-06-21
SKU-HEAL-11543,194,Auckland,2026-01-25
SKU-OFFI-10669,34,Wellington,2026-04-19
SKU-ELEC-00193,65,Auckland,2026-05-09
SKU-GROC-09555,313,Melbourne,2026-07-15
SKU-HEAL-11750,484,Adelaide,2026-01-11
SKU-AUTO-07434,160,Adelaide,2026-07-09
SKU-ELEC-01167,490,Brisbane,2026-04-22
SKU-OFFI-10384,112,Sydney,2026-03-05
SKU-OFFI-10123,150,Wellington,2026-03-10
SKU-OFFI-09609,343,Auckland,2026-02-24
SKU-GROC-09481,268,Sydney,2026-04-27
SKU-GROC-08806,2,Christchurch,2026-06-15
SKU-TOYS-06682,42,Wellington,2026-04-20
SKU-GROC-09074,140,Sydney,2026-07-20
SKU-TOYS-06633,131,Sydney,2026-04-20
SKU-ELEC-00596,,Adelaide,2026-01-16
SKU-TOYS-06441,334,Sydney,2026-04-14
SKU-OFFI-10527,,Christchurch,2026-05-18
SKU-TOYS-06779,486,Sydney,2026-04-22
SKU-SPOR-04787,132,Christchurch,2026-04-03
SKU-BEAU-05777,275,Christchurch,2026-01-20
SKU-ELEC-00089,,Wellington,2026-03-06
SKU-HOME-03374,102,Christchurch,2026-02-28
SKU-OFFI-10450,296,Melbourne,2026-01-11
SKU-BEAU-05017,,Adelaide,2026-04-21
SKU-SPOR-04436,226,Christchurch,2026-03-19
SKU-OFFI-10554,163,Auckland,2026-05-01
SKU-TOYS-06049,466,Brisbane,2026-04-17
SKU-SPOR-03958,193,Melbourne,2026-06-22
SKU-GROC-08404,104,Auckland,2026-07-07
SKU-GROC-08422,176,Wellington,2026-05-14
SKU-AUTO-07557,457,Brisbane,2026-07-16
SKU-SPOR-04014,,Sydney,2026-02-26
SKU-AUTO-07284,487,Brisbane,2026-04-18
SKU-TOYS-06814,62,Brisbane,2026-04-04
SKU-GROC-09563,455,Wellington,2026-01-27
SKU-BEAU-05220,299,Wellington,2026-07-12
SKU-HOME-03497,304,Perth,2026-05-13
SKU-APPA-01547,71,Auckland,2026-03-19
SKU-SPOR-03999,268,Melbourne,2026-05-09
SKU-HOME-03334,50,Sydney,2026-01-24
SKU-GROC-08570,77,Brisbane,2026-04-27
SKU-SPOR-04111,266,Perth,2026-03-16
SKU-OFFI-10656,473,Auckland,2026-01-23
SKU-GROC-09181,231,Sydney,2026-07-18
SKU-APPA-01235,377,Melbourne,2026-06-21
SKU-AUTO-07951,364,Sydney,2026-07-24
SKU-SPOR-04184,157,Auckland,2026-05-04
SKU-AUTO-07249,217,Sydney,2026-01-19
SKU-OFFI-09866,344,Wellington,2026-06-07
SKU-GROC-08445,413,Brisbane,2026-03-07
SKU-BEAU-05095,455,Perth,2026-02-11
SKU-AUTO-08364,408,Melbourne,2026-07-05
SKU-TOYS-07067,172,Melbourne,2026-02-19
SKU-HEAL-11152,38,Wellington,2026-06-05
SKU-AUTO-08025,79,Wellington,2026-02-26
SKU-AUTO-08277,198,Sydney,2026-04-04
SKU-OFFI-10645,199,Auckland,2026-04-12
SKU-SPOR-03834,114,Sydney,2026-05-28
SKU-HEAL-11829,97,Auckland,2026-04-10
SKU-HEAL-11309,296,Melbourne,2026-05-23
SKU-BEAU-05572,102,Auckland,2026-07-21
SKU-BEAU-05907,308,Perth,2026-03-12
SKU-HOME-02629,428,Sydney,2026-03-19
SKU-HOME-02582,262,Brisbane,2026-05-28
SKU-APPA-01358,195,Brisbane,2026-01-16
SKU-TOYS-06605,98,Auckland,2026-05-15
SKU-HEAL-11527,159,Brisbane,2026-03-06
SKU-HEAL-11102,349,Adelaide,2026-07-22
SKU-OFFI-09841,267,Wellington,2026-02-07
SKU-APPA-01225,101,Melbourne,2026-02-01
SKU-SPOR-03785,48,Auckland,2026-04-22
SKU-HOME-02500,160,Melbourne,2026-07-06
SKU-TOYS-07060,161,Christchurch,2026-01-13
SKU-HOME-03260,69,Brisbane,2026-06-16
SKU-BEAU-05329,199,Christchurch,2026-06-13
SKU-ELEC-00483,241,Adelaide,2026-04-17
SKU-AUTO-08186,380,Wellington,2026-02-13
SKU-OFFI-10235,48,Christchurch,2026-02-13
SKU-BEAU-04923,411,Wellington,2026-03-05
SKU-ELEC-00205,499,Auckland,2026-06-05
SKU-APPA-01973,,Melbourne,2026-07-13
SKU-TOYS-06650,148,Christchurch,2026-07-28
SKU-OFFI-10243,194,Melbourne,2026-01-17
SKU-GROC-08690,309,Adelaide,2026-04-03
SKU-OFFI-10551,497,Melbourne,2026-05-09
SKU-APPA-01754,434,Sydney,2026-02-03
SKU-BEAU-05640,231,Auckland,2026-06-16
SKU-APPA-01550,138,Brisbane,2026-05-18
SKU-GROC-08850,54,Melbourne,2026-05-20
SKU-TOYS-06211,438,Christchurch,2026-06-03
SKU-GROC-09511,477,Brisbane,2026-01-17
SKU-TOYS-06714,115,Auckland,2026-06-03
SKU-HEAL-10944,328,Melbourne,2026-05-09
SKU-HEAL-10905,237,Melbourne,2026-02-23
SKU-APPA-01603,12,Brisbane,2026-07-10
SKU-HOME-02940,442,Christchurch,2026-03-25
SKU-HEAL-10919,249,Christchurch,2026-04-13
SKU-OFFI-09901,210,Christchurch,2026-04-21
SKU-SPOR-04759,413,Christchurch,2026-06-12
SKU-ELEC-00650,70,Perth,2026-02-13
SKU-GROC-09158,177,Wellington,2026-01-08
SKU-ELEC-00625,68,Auckland,2026-04-07
SKU-OFFI-10546,157,Auckland,2026-01-04
SKU-GROC-09192,7,Perth,2026-06-14
SKU-TOYS-07130,62,Auckland,2026-05-15
SKU-GROC-09414,34,Auckland,2026-01-14
SKU-HOME-02540,421,Wellington,2026-03-16
SKU-HEAL-11653,302,Brisbane,2026-04-11
SKU-OFFI-10558,346,Melbourne,2026-07-03
SKU-GROC-09561,21,Adelaide,2026-02-17
SKU-TOYS-06231,66,Perth,2026-07-28
SKU-OFFI-10336,139,Adelaide,2026-05-06
SKU-TOYS-06261,364,Melbourne,2026-05-12
SKU-AUTO-07386,,Perth,2026-04-25
SKU-HOME-02482,273,Christchurch,2026-03-25
SKU-HEAL-11727,376,Brisbane,2026-06-20
SKU-ELEC-00942,343,Perth,2026-02-22
SKU-HEAL-11794,307,Christchurch,2026-02-22
SKU-TOYS-06719,123,Brisbane,2026-02-11
SKU-GROC-08673,39,Brisbane,2026-07-14
SKU-TOYS-06636,292,Perth,2026-03-01
SKU-GROC-08804,314,Wellington,2026-06-27
SKU-OFFI-09701,393,Christchurch,2026-06-14
SKU-BEAU-04979,140,Christchurch,2026-06-23
SKU-AUTO-07531,393,Christchurch,2026-07-21
SKU-OFFI-09794,331,Brisbane,2026-06-21
SKU-HEAL-11840,179,Wellington,2026-01-12
SKU-SPOR-04699,182,Christchurch,2026-04-17
SKU-AUTO-07947,396,Brisbane,2026-06-18
SKU-ELEC-00807,349,Auckland,2026-06-12
SKU-ELEC-01162,229,Brisbane,2026-03-06
SKU-BEAU-05041,172,Christchurch,2026-02-15
SKU-AUTO-07326,,Sydney,2026-05-11
SKU-APPA-01247,293,Brisbane,2026-01-25
SKU-BEAU-05977,,Christchurch,2026-06-01
SKU-ELEC-01107,227,Wellington,2026-02-04
SKU-APPA-01759,157,Brisbane,2026-05-20
SKU-SPOR-04252,302,Auckland,2026-02-03
SKU-SPOR-04414,403,Melbourne,2026-04-15
SKU-TOYS-06785,388,Christchurch,2026-07-02
SKU-APPA-01275,309,Perth,2026-06-02
SKU-SPOR-04159,231,Brisbane,2026-03-04
SKU-APPA-01281,284,Adelaide,2026-06-22
SKU-AUTO-07585,50,Wellington,2026-03-06
SKU-SPOR-04486,380,Brisbane,2026-05-12
SKU-SPOR-04104,471,Christchurch,2026-05-13
SKU-BEAU-05676,320,Wellington,2026-06-22
SKU-OFFI-10674,330,Christchurch,2026-07-02
SKU-BEAU-05853,176,Perth,2026-05-20
SKU-ELEC-00574,118,Perth,2026-05-25
SKU-AUTO-07555,480,Perth,2026-02-16
SKU-TOYS-06391,12,Christchurch,2026-06-05
SKU-ELEC-00930,444,Perth,2026-07-22
SKU-TOYS-06271,162,Brisbane,2026-07-23
SKU-APPA-02106,306,Brisbane,2026-02-27
SKU-HOME-02634,334,Auckland,2026-01-13
SKU-SPOR-03745,77,Brisbane,2026-03-11
SKU-OFFI-10617,290,Melbourne,2026-03-28
SKU-ELEC-01165,131,Wellington,2026-01-12
SKU-GROC-08945,212,Brisbane,2026-04-05
SKU-OFFI-10267,402,Adelaide,2026-01-13
SKU-APPA-01879,197,Perth,2026-02-13
SKU-BEAU-04985,,Melbourne,2026-06-26
SKU-SPOR-04392,299,Christchurch,2026-03-24
SKU-ELEC-00077,214,Sydney,2026-07-09
SKU-BEAU-05463,418,Sydney,2026-04-21
SKU-SPOR-04208,36,Christchurch,2026-01-17
SKU-ELEC-01104,444,Brisbane,2026-05-09
SKU-ELEC-00681,373,Auckland,2026-02-12
SKU-OFFI-10043,82,Auckland,2026-01-05
SKU-HOME-02735,417,Brisbane,2026-06-15
SKU-HOME-03210,31,Auckland,2026-02-05
SKU-SPOR-03724,328,Sydney,2026-06-17
SKU-OFFI-09663,224,Christchurch,2026-03-22
SKU-HEAL-10830,117,Perth,2026-06-25
SKU-TOYS-06184,281,Adelaide,2026-01-25
SKU-TOYS-06417,229,Christchurch,2026-07-03
SKU-ELEC-01128,23,Adelaide,2026-06-25
SKU-HEAL-11726,62,Auckland,2026-05-12
SKU-TOYS-06745,2,Melbourne,2026-03-11
SKU-HEAL-11686,20,Adelaide,2026-07-21
SKU-HOME-02503,446,Melbourne,2026-04-12
SKU-APPA-02333,245,Wellington,2026-07-12
SKU-TOYS-06754,44,Auckland,2026-05-12
SKU-APPA-02317,3,Wellington,2026-04-02
SKU-AUTO-07734,294,Adelaide,2026-06-10
SKU-APPA-01902,386,Christchurch,2026-02-27
SKU-HEAL-10879,243,Christchurch,2026-01-08
SKU-BEAU-05183,163,Adelaide,2026-04-25
SKU-APPA-02303,458,Melbourne,2026-02-10
SKU-ELEC-00427,48,Melbourne,2026-01-27
SKU-APPA-02246,53,Melbourne,2026-07-08
SKU-HEAL-10934,,Christchurch,2026-06-15
SKU-BEAU-05839,154,Christchurch,2026-01-17
SKU-OFFI-10232,99,Adelaide,2026-06-26
SKU-HOME-03049,35,Melbourne,2026-04-25
SKU-GROC-09367,117,Perth,2026-04-27
SKU-TOYS-06201,178,Auckland,2026-02-03
SKU-HEAL-11470,387,Sydney,2026-02-06
SKU-ELEC-01096,344,Adelaide,2026-06-05
SKU-OFFI-09658,186,Brisbane,2026-04-12
SKU-SPOR-03804,128,Perth,2026-07-13
SKU-ELEC-00817,14,Christchurch,2026-02-18
SKU-GROC-08898,370,Christchurch,2026-06-10
SKU-HEAL-11741,404,Auckland,2026-03-03
SKU-OFFI-09873,263,Melbourne,2026-04-08
SKU-TOYS-06292,149,Sydney,2026-04-01
SKU-AUTO-07826,496,Melbourne,2026-03-27
SKU-AUTO-07314,141,Christchurch,2026-06-07
SKU-HEAL-11990,136,Melbourne,2026-02-05
SKU-AUTO-08382,329,Brisbane,2026-06-28
SKU-AUTO-07348,339,Christchurch,2026-04-14
SKU-AUTO-07733,96,Auckland,2026-03-23
SKU-ELEC-00890,55,Wellington,2026-03-19
SKU-BEAU-05646,382,Wellington,2026-02-07
SKU-GROC-09123,499,Perth,2026-07-21
SKU-TOYS-06428,440,Sydney,2026-06-22
SKU-HOME-02536,360,Auckland,2026-02-23
SKU-HEAL-11123,362,Brisbane,2026-01-23
SKU-HEAL-11780,402,Wellington,2026-04-03
SKU-BEAU-04878,452,Sydney,2026-06-03
SKU-GROC-08763,236,Sydney,2026-07-27
SKU-HEAL-10986,424,Adelaide,2026-05-07
SKU-TOYS-06664,308,Brisbane,2026-03-05
SKU-AUTO-08088,305,Sydney,2026-06-14
SKU-OFFI-10186,104,Wellington,2026-03-05
SKU-GROC-08899,424,Brisbane,2026-07-12
SKU-AUTO-07980,422,Brisbane,2026-04-19
SKU-OFFI-09887,216,Wellington,2026-06-12
SKU-HOME-03170,406,Wellington,2026-05-08
SKU-GROC-09226,293,Christchurch,2026-06-14
SKU-GROC-08737,4,Melbourne,2026-06-02
SKU-BEAU-05297,85,Melbourne,2026-02-02
SKU-APPA-01580,80,Melbourne,2026-06-27
SKU-HEAL-10832,19,Wellington,2026-07-07
SKU-TOYS-06674,403,Adelaide,2026-04-02
SKU-APPA-02016,269,Melbourne,2026-07-09
SKU-OFFI-10339,109,Adelaide,2026-07-09
SKU-BEAU-05319,366,Adelaide,2026-04-13
SKU-TOYS-06568,357,Wellington,2026-02-28
SKU-APPA-01426,97,Melbourne,2026-05-28
SKU-APPA-02204,102,Perth,2026-07-01
SKU-SPOR-04594,240,Sydney,2026-03-19
SKU-ELEC-00293,328,Sydney,2026-06-21
SKU-OFFI-10586,490,Wellington,2026-04-07
SKU-BEAU-05754,57,Christchurch,2026-01-17
SKU-ELEC-00934,228,Christchurch,2026-03-24
SKU-OFFI-10684,142,Melbourne,2026-03-10
SKU-SPOR-04023,370,Brisbane,2026-07-14
SKU-BEAU-05161,45,Auckland,2026-03-18
SKU-TOYS-06835,175,Adelaide,2026-05-15
SKU-TOYS-06564,285,Christchurch,2026-04-03
SKU-BEAU-05517,177,Melbourne,2026-01-08
SKU-HOME-02453,311,Adelaide,2026-07-20
SKU-APPA-01719,122,Auckland,2026-01-23
SKU-BEAU-04858,422,Wellington,2026-01-27
SKU-BEAU-05993,318,Auckland,2026-01-12
SKU-HEAL-11624,397,Wellington,2026-02-26
SKU-ELEC-00599,213,Christchurch,2026-01-06
SKU-GROC-09370,214,Sydney,2026-05-17
SKU-HOME-03446,235,Brisbane,2026-03-26
SKU-APPA-02122,352,Brisbane,2026-07-11
SKU-TOYS-06690,2,Adelaide,2026-03-22
SKU-APPA-01470,188,Wellington,2026-05-27
SKU-HEAL-11979,466,Sydney,2026-03-15
SKU-AUTO-08215,448,Sydney,2026-07-25
SKU-APPA-01311,197,Melbourne,2026-07-25
SKU-SPOR-04405,305,Adelaide,2026-02-05
SKU-TOYS-07173,361,Brisbane,2026-03-28
SKU-TOYS-06902,284,Wellington,2026-01-12
SKU-HOME-02760,121,Sydney,2026-04-14
SKU-APPA-01657,218,Sydney,2026-05-01
SKU-GROC-09201,437,Brisbane,2026-02-09
SKU-HEAL-11970,377,Brisbane,2026-04-22
SKU-AUTO-08340,486,Adelaide,2026-03-18
SKU-HOME-02917,254,Brisbane,2026-01-21
SKU-APPA-02174,120,Auckland,2026-06-06
SKU-HOME-03066,443,Melbourne,2026-02-18
SKU-TOYS-06297,304,Adelaide,2026-02-13
SKU-AUTO-07796,177,Brisbane,2026-04-03
SKU-OFFI-10638,64,Brisbane,2026-01-06
SKU-HOME-02928,,Adelaide,2026-03-11
SKU-TOYS-07005,186,Adelaide,2026-04-11
SKU-OFFI-10349,248,Perth,2026-02-21
SKU-HEAL-11978,374,Auckland,2026-06-16
SKU-OFFI-09660,93,Melbourne,2026-01-24
SKU-GROC-09022,40,Auckland,2026-07-10
SKU-APPA-01482,,Adelaide,2026-03-13
SKU-BEAU-05120,119,Adelaide,2026-05-04
SKU-HEAL-11288,407,Brisbane,2026-04-02
SKU-BEAU-05943,422,Adelaide,2026-02-11
SKU-OFFI-09805,369,Wellington,2026-07-04
SKU-AUTO-07645,74,Christchurch,2026-06-05
SKU-AUTO-07665,230,Brisbane,2026-02-12
SKU-SPOR-04640,377,Auckland,2026-03-21
SKU-BEAU-05732,141,Perth,2026-02-22
SKU-AUTO-07624,374,Christchurch,2026-04-01
SKU-BEAU-05809,17,Wellington,2026-04-26
SKU-HEAL-10969,18,Auckland,2026-03-01
SKU-HOME-03194,58,Melbourne,2026-05-18
SKU-TOYS-06523,312,Brisbane,2026-02-14
SKU-SPOR-04406,262,Christchurch,2026-03-24
SKU-HOME-03126,362,Brisbane,2026-01-05
SKU-SPOR-03923,206,Adelaide,2026-04-09
SKU-SPOR-03733,392,Melbourne,2026-02-07
SKU-SPOR-04685,235,Christchurch,2026-02-01
SKU-ELEC-00754,500,Melbourne,2026-06-03
SKU-ELEC-00273,181,Sydney,2026-06-18
SKU-APPA-02235,419,Adelaide,2026-04-11
SKU-HOME-03251,243,Auckland,2026-06-20
SKU-AUTO-07477,153,Adelaide,2026-06-19
SKU-SPOR-03951,222,Wellington,2026-07-14
SKU-ELEC-00795,421,Brisbane,2026-05-18
SKU-GROC-09498,293,Brisbane,2026-06-18
SKU-ELEC-00200,431,Brisbane,2026-04-06
SKU-HEAL-11542,487,Auckland,2026-07-06
SKU-HEAL-11047,124,Sydney,2026-03-18
SKU-SPOR-04146,111,Auckland,2026-02-04
SKU-BEAU-05466,16,Sydney,2026-07-16
SKU-BEAU-04801,493,Christchurch,2026-02-19
SKU-SPOR-04325,104,Perth,2026-05-05
SKU-TOYS-06037,271,Perth,2026-06-04
SKU-HEAL-11153,274,Christchurch,2026-05-15
SKU-SPOR-04470,45,Auckland,2026-06-05
SKU-SPOR-03902,153,Brisbane,2026-03-02
SKU-SPOR-04674,433,Adelaide,2026-06-16
SKU-HOME-03401,71,Sydney,2026-01-14
SKU-BEAU-05330,171,Christchurch,2026-03-13
SKU-BEAU-05871,25,Christchurch,2026-01-09
SKU-BEAU-04928,188,Perth,2026-01-11
SKU-APPA-02054,227,Adelaide,2026-05-03
SKU-BEAU-05214,43,Sydney,2026-03-22
SKU-ELEC-00053,159,Wellington,2026-07-14
SKU-APPA-02249,216,Melbourne,2026-02-04
SKU-HOME-03166,58,Sydney,2026-01-12
SKU-AUTO-08257,411,Perth,2026-04-12
SKU-AUTO-07740,494,Perth,2026-05-10
SKU-BEAU-05938,144,Perth,2026-01-17
SKU-AUTO-07252,409,Wellington,2026-07-03
SKU-AUTO-08177,69,Wellington,2026-05-09
SKU-TOYS-06953,141,Brisbane,2026-01-22
SKU-BEAU-05904,66,Perth,2026-02-21
SKU-AUTO-07446,302,Melbourne,2026-01-27
SKU-GROC-09537,158,Auckland,2026-07-12
SKU-ELEC-01185,228,Perth,2026-02-04
SKU-AUTO-07520,360,Perth,2026-02-15
SKU-HOME-02413,276,Perth,2026-06-17
SKU-HEAL-11362,345,Christchurch,2026-03-14
SKU-BEAU-04901,469,Christchurch,2026-07-03
SKU-BEAU-05908,377,Auckland,2026-04-09
SKU-OFFI-09955,12,Auckland,2026-03-15
SKU-HEAL-11535,472,Christchurch,2026-03-18
SKU-SPOR-04718,461,Wellington,2026-07-19
SKU-HEAL-11591,345,Christchurch,2026-04-20
SKU-ELEC-00060,221,Sydney,2026-01-26
SKU-HOME-03578,446,Wellington,2026-07-20
SKU-TOYS-06299,199,Sydney,2026-07-26
SKU-ELEC-00156,137,Melbourne,2026-07-06
SKU-SPOR-04347,127,Auckland,2026-01-22
SKU-OFFI-10517,,Melbourne,2026-02-01
SKU-HOME-02873,153,Wellington,2026-04-27
SKU-SPOR-04293,,Adelaide,2026-05-27
SKU-AUTO-08145,250,Perth,2026-03-08
SKU-BEAU-05857,275,Melbourne,2026-01-01
SKU-SPOR-04030,389,Brisbane,2026-05-03
SKU-TOYS-06900,245,Perth,2026-03-15
SKU-BEAU-05795,60,Adelaide,2026-01-04
SKU-OFFI-10364,,Adelaide,2026-04-06
SKU-SPOR-04782,318,Christchurch,2026-02-14
SKU-AUTO-07711,86,Christchurch,2026-01-07
SKU-HEAL-11306,49,Sydney,2026-05-20
SKU-BEAU-05966,336,Christchurch,2026-03-09
SKU-GROC-08891,275,Sydney,2026-01-17
SKU-APPA-01896,299,Perth,2026-03-10
SKU-ELEC-00940,200,Christchurch,2026-07-27
SKU-HEAL-11142,11,Auckland,2026-07-17
SKU-TOYS-07122,116,Adelaide,2026-01-16
SKU-ELEC-01059,181,Perth,2026-03-02
SKU-TOYS-06660,47,Auckland,2026-01-19
SKU-ELEC-00579,477,Brisbane,2026-06-18
SKU-GROC-08563,150,Wellington,2026-02-28
SKU-AUTO-07897,219,Melbourne,2026-07-25
SKU-ELEC-00334,2,Auckland,2026-01-06
SKU-ELEC-00270,188,Wellington,2026-03-15
SKU-APPA-01824,4,Christchurch,2026-05-13
SKU-AUTO-08115,444,Perth,2026-03-04
SKU-BEAU-05558,173,Auckland,2026-02-25
SKU-BEAU-05069,491,Christchurch,2026-05-04
SKU-TOYS-06700,163,Brisbane,2026-02-04
SKU-TOYS-06800,239,Auckland,2026-02-24
SKU-SPOR-04350,276,Auckland,2026-06-01
SKU-AUTO-07411,304,Adelaide,2026-07-03
SKU-ELEC-00553,444,Brisbane,2026-04-16
SKU-HOME-02551,490,Auckland,2026-04-24
SKU-APPA-01702,208,Auckland,2026-03-28
SKU-BEAU-05584,420,Auckland,2026-04-26
SKU-TOYS-06686,51,Christchurch,2026-05-23
SKU-GROC-08665,264,Sydney,2026-01-24
SKU-OFFI-09956,272,Wellington,2026-06-13
SKU-AUTO-07570,217,Perth,2026-05-18
SKU-GROC-08685,208,Sydney,2026-02-09
SKU-AUTO-08132,222,Christchurch,2026-06-02
SKU-SPOR-04282,392,Auckland,2026-01-12
SKU-SPOR-04730,103,Sydney,2026-02-20
SKU-GROC-09186,208,Auckland,2026-04-03
SKU-BEAU-05371,108,Christchurch,2026-04-13
SKU-ELEC-00049,217,Perth,2026-02-13
SKU-ELEC-01156,307,Adelaide,2026-04-09
SKU-HEAL-11003,407,Perth,2026-06-11
SKU-HOME-02679,405,Wellington,2026-07-23
SKU-APPA-01892,8,Wellington,2026-05-05
SKU-OFFI-10769,26,Sydney,2026-02-07
SKU-BEAU-05453,475,Melbourne,2026-01-26
SKU-OFFI-10075,495,Melbourne,2026-05-11
SKU-SPOR-03677,403,Adelaide,2026-01-04
SKU-OFFI-10613,77,Wellington,2026-01-09
SKU-GROC-08695,235,Perth,2026-05-02
SKU-GROC-08947,17,Perth,2026-05-06
SKU-GROC-08884,421,Brisbane,2026-07-16
SKU-HEAL-11285,276,Perth,2026-02-22
SKU-AUTO-07378,398,Christchurch,2026-02-16
SKU-SPOR-04162,142,Sydney,2026-06-23
SKU-SPOR-03718,449,Brisbane,2026-05-20
SKU-AUTO-07618,220,Wellington,2026-03-22
SKU-HOME-03546,316,Adelaide,2026-07-26
SKU-AUTO-08274,12,Sydney,2026-03-24
SKU-APPA-02395,414,Sydney,2026-02-19
SKU-OFFI-09686,132,Melbourne,2026-02-11
SKU-ELEC-00038,121,Christchurch,2026-06-04
SKU-BEAU-05492,183,Christchurch,2026-03-26
SKU-BEAU-05950,151,Perth,2026-02-22
SKU-AUTO-07517,194,Sydney,2026-02-27
SKU-ELEC-00713,,Melbourne,2026-03-23
SKU-BEAU-05868,146,Adelaide,2026-06-24
SKU-ELEC-00854,66,Melbourne,2026-01-20
SKU-HOME-02543,46,Perth,2026-05-14
SKU-OFFI-09891,197,Brisbane,2026-07-15
SKU-SPOR-04797,378,Adelaide,2026-04-04
SKU-OFFI-10785,132,Sydney,2026-02-04
SKU-HEAL-10949,185,Auckland,2026-04-23
SKU-HOME-02460,384,Sydney,2026-02-17
SKU-AUTO-07304,329,Adelaide,2026-05-25
SKU-HEAL-11625,186,Christchurch,2026-05-20
SKU-GROC-08867,43,Adelaide,2026-05-14
SKU-HEAL-11446,214,Auckland,2026-01-12
SKU-OFFI-09797,197,Adelaide,2026-05-08
SKU-HOME-03232,472,Adelaide,2026-01-03
SKU-SPOR-03622,247,Sydney,2026-01-08
SKU-AUTO-07370,37,Brisbane,2026-02-24
SKU-SPOR-04523,156,Sydney,2026-07-07
SKU-HOME-02764,251,Melbourne,2026-02-10
SKU-APPA-01276,180,Perth,2026-03-19
SKU-GROC-08824,214,Auckland,2026-06-20
SKU-APPA-01954,452,Melbourne,2026-07-24
SKU-HOME-03259,437,Melbourne,2026-02-11
SKU-OFFI-10621,498,Christchurch,2026-06-07
SKU-TOYS-06867,343,Adelaide,2026-04-08
SKU-OFFI-10045,57,Adelaide,2026-01-09
SKU-SPOR-04152,92,Adelaide,2026-03-04
SKU-HOME-03002,124,Auckland,2026-07-08
SKU-APPA-01292,464,Wellington,2026-05-28
SKU-BEAU-04880,362,Wellington,2026-03-17
SKU-HEAL-11171,54,Brisbane,2026-06-23
SKU-GROC-08777,264,Christchurch,2026-02-06
SKU-OFFI-09679,281,Wellington,2026-06-06
SKU-SPOR-04609,268,Auckland,2026-02-28
SKU-AUTO-08135,389,Brisbane,2026-01-27
SKU-HOME-02458,77,Sydney,2026-05-17
SKU-ELEC-00073,301,Sydney,2026-03-18
SKU-GROC-09403,354,Brisbane,2026-05-18
SKU-SPOR-04793,473,Wellington,2026-04-21
SKU-GROC-08733,190,Perth,2026-04-19
SKU-HEAL-10803,102,Brisbane,2026-06-03
SKU-APPA-02261,28,Perth,2026-04-19
SKU-SPOR-04461,287,Brisbane,2026-07-05
SKU-APPA-02391,82,Auckland,2026-01-03
SKU-ELEC-00709,92,Christchurch,2026-02-11
SKU-AUTO-07388,31,Wellington,2026-01-27
SKU-AUTO-07230,192,Auckland,2026-05-15
SKU-GROC-09575,314,Auckland,2026-04-09
SKU-OFFI-10792,373,Adelaide,2026-07-08
SKU-GROC-09252,217,Perth,2026-02-19
SKU-HOME-02772,137,Sydney,2026-06-07
SKU-SPOR-03979,356,Adelaide,2026-06-17
SKU-BEAU-05923,436,Wellington,2026-06-21
SKU-APPA-01259,140,Adelaide,2026-03-14
SKU-HOME-03452,388,Perth,2026-03-09
SKU-GROC-09295,181,Perth,2026-04-26
SKU-APPA-01468,270,Christchurch,2026-03-26
SKU-GROC-09360,,Sydney,2026-01-13
SKU-BEAU-05399,223,Wellington,2026-07-07
SKU-OFFI-09752,351,Melbourne,2026-04-27
SKU-ELEC-00644,473,Auckland,2026-05-20
SKU-HOME-03543,268,Perth,2026-03-18
SKU-SPOR-04107,331,Christchurch,2026-04-03
SKU-OFFI-09605,95,Melbourne,2026-02-04
SKU-HEAL-11257,262,Adelaide,2026-02-02
SKU-TOYS-06956,153,Wellington,2026-05-14
SKU-GROC-09018,442,Sydney,2026-01-03
SKU-HOME-02733,245,Perth,2026-05-03
SKU-SPOR-04327,192,Christchurch,2026-01-10
SKU-OFFI-10753,191,Perth,2026-06-22
SKU-SPOR-03706,467,Adelaide,2026-02-22
SKU-BEAU-05011,112,Perth,2026-03-06
SKU-HEAL-11904,207,Wellington,2026-06-06
SKU-GROC-09338,248,Perth,2026-04-17
SKU-HEAL-11783,343,Adelaide,2026-02-25
SKU-ELEC-00054,33,Christchurch,2026-02-20
SKU-HEAL-11815,89,Auckland,2026-05-22
SKU-ELEC-00359,369,Wellington,2026-04-05
SKU-AUTO-07893,183,Adelaide,2026-06-16
SKU-HEAL-11321,120,Brisbane,2026-04-13
SKU-HEAL-11671,430,Perth,2026-03-24
SKU-SPOR-03770,450,Adelaide,2026-02-05
SKU-HOME-03258,99,Brisbane,2026-07-10
SKU-GROC-09030,1,Melbourne,2026-06-05
SKU-OFFI-10523,52,Christchurch,2026-06-10
SKU-OFFI-10064,498,Perth,2026-04-10
SKU-HOME-02455,471,Auckland,2026-07-09
SKU-TOYS-06914,212,Wellington,2026-07-10
SKU-ELEC-00080,279,Wellington,2026-06-15
SKU-APPA-02068,227,Auckland,2026-02-23
SKU-HOME-02894,,Sydney,2026-02-11
SKU-HOME-02669,352,Auckland,2026-07-02
SKU-BEAU-05790,296,Sydney,2026-01-19
SKU-APPA-02029,,Auckland,2026-01-19
SKU-TOYS-06497,16,Christchurch,2026-07-23
SKU-APPA-02013,63,Wellington,2026-04-17
SKU-APPA-02252,339,Wellington,2026-06-25
SKU-TOYS-06581,172,Sydney,2026-01-09
SKU-ELEC-00651,355,Melbourne,2026-03-16
SKU-HOME-02652,244,Sydney,2026-04-01
SKU-HOME-02716,161,Brisbane,2026-03-28
SKU-SPOR-03783,364,Melbourne,2026-07-04
SKU-AUTO-08113,477,Christchurch,2026-04-28
SKU-OFFI-10258,36,Sydney,2026-06-06
SKU-SPOR-04379,429,Adelaide,2026-05-23
SKU-APPA-01586,358,Wellington,2026-07-25
SKU-SPOR-04019,11,Christchurch,2026-05-19
SKU-AUTO-08320,477,Christchurch,2026-02-11
SKU-HOME-03091,219,Wellington,2026-02-28
SKU-AUTO-07843,293,Melbourne,2026-02-06
SKU-TOYS-06795,164,Melbourne,2026-05-25
SKU-HOME-03386,492,Christchurch,2026-06-09
SKU-GROC-08596,379,Christchurch,2026-06-15
SKU-APPA-01447,311,Sydney,2026-07-15
SKU-SPOR-04488,352,Auckland,2026-03-25
SKU-TOYS-06359,,Christchurch,2026-02-07
SKU-APPA-01893,415,Wellington,2026-01-16
SKU-GROC-08562,247,Christchurch,2026-01-04
SKU-AUTO-07512,189,Auckland,2026-07-01
SKU-AUTO-07393,86,Wellington,2026-07-05
SKU-OFFI-10381,90,Sydney,2026-06-15
SKU-HOME-02756,123,Auckland,2026-05-18
SKU-HEAL-11997,423,Sydney,2026-01-16
SKU-SPOR-03784,353,Christchurch,2026-02-26
SKU-ELEC-00055,,Perth,2026-04-10
SKU-TOYS-06170,438,Auckland,2026-02-26
SKU-OFFI-09903,,Wellington,2026-01-04
SKU-HEAL-10856,207,Brisbane,2026-06-07
SKU-APPA-01667,,Brisbane,2026-07-08
SKU-SPOR-03990,168,Brisbane,2026-07-19
SKU-HEAL-10981,31,Perth,2026-03-02
SKU-SPOR-04148,258,Auckland,2026-07-05
SKU-HEAL-11803,90,Wellington,2026-04-05
SKU-SPOR-03817,324,Wellington,2026-03-03
SKU-APPA-02093,,Brisbane,2026-05-24
SKU-ELEC-01141,483,Auckland,2026-05-18
SKU-BEAU-05258,256,Christchurch,2026-07-20
SKU-ELEC-00485,211,Christchurch,2026-06-25
SKU-GROC-09173,463,Brisbane,2026-02-09
SKU-GROC-08861,380,Perth,2026-02-02
SKU-ELEC-00668,482,Christchurch,2026-04-05
SKU-GROC-09285,293,Brisbane,2026-01-27
SKU-TOYS-06486,197,Auckland,2026-03-18
SKU-OFFI-09631,335,Wellington,2026-02-02
SKU-BEAU-05250,349,Sydney,2026-04-01
SKU-APPA-02276,62,Auckland,2026-07-19
SKU-AUTO-07484,291,Wellington,2026-04-13
SKU-HEAL-11326,438,Wellington,2026-05-18
SKU-SPOR-04298,435,Christchurch,2026-03-16
SKU-SPOR-04506,77,Melbourne,2026-03-28
SKU-AUTO-07863,278,Christchurch,2026-02-05
SKU-HOME-03277,71,Sydney,2026-03-14
SKU-HOME-02647,87,Perth,2026-01-18
SKU-TOYS-06055,55,Brisbane,2026-05-24
SKU-APPA-01268,383,Perth,2026-01-05
SKU-AUTO-07963,62,Wellington,2026-01-11
SKU-SPOR-04204,436,Wellington,2026-06-27
SKU-SPOR-03963,254,Melbourne,2026-07-08
SKU-OFFI-10080,454,Adelaide,2026-06-24
SKU-BEAU-05298,220,Melbourne,2026-07-20
SKU-SPOR-04163,115,Melbourne,2026-04-11
SKU-GROC-08619,413,Adelaide,2026-05-16
SKU-AUTO-07261,338,Brisbane,2026-02-07
SKU-TOYS-06337,362,Sydney,2026-02-14
SKU-HOME-02740,202,Perth,2026-06-21
SKU-BEAU-05351,475,Sydney,2026-05-11
SKU-HOME-03101,415,Wellington,2026-03-23
SKU-ELEC-00920,263,Perth,2026-02-12
SKU-HEAL-11051,151,Perth,2026-07-14
SKU-BEAU-05982,5,Auckland,2026-05-12
SKU-TOYS-06822,158,Auckland,2026-02-24
SKU-ELEC-00275,40,Sydney,2026-06-05
SKU-HOME-03139,171,Perth,2026-01-24
SKU-TOYS-06481,254,Melbourne,2026-01-20
SKU-BEAU-05428,256,Adelaide,2026-06-04
SKU-TOYS-06712,20,Christchurch,2026-06-20
SKU-ELEC-00528,70,Christchurch,2026-07-13
SKU-AUTO-07774,391,Christchurch,2026-04-24
SKU-GROC-08880,6,Wellington,2026-05-18
SKU-OFFI-09683,305,Christchurch,2026-04-13
SKU-TOYS-06630,46,Adelaide,2026-02-10
SKU-OFFI-10178,336,Christchurch,2026-01-07
SKU-ELEC-00965,85,Melbourne,2026-06-01
SKU-GROC-08866,449,Brisbane,2026-06-24
SKU-ELEC-00917,441,Christchurch,2026-01-14
SKU-HOME-02428,434,Wellington,2026-04-04
SKU-ELEC-00968,20,Sydney,2026-01-12
SKU-OFFI-10604,185,Adelaide,2026-01-26
SKU-APPA-01433,343,Melbourne,2026-04-23
SKU-BEAU-05722,406,Sydney,2026-05-14
SKU-BEAU-05813,117,Sydney,2026-07-05
SKU-OFFI-10478,,Wellington,2026-04-18
SKU-GROC-09470,124,Auckland,2026-06-26
SKU-AUTO-07700,182,Auckland,2026-02-22
SKU-APPA-01634,93,Melbourne,2026-06-04
SKU-OFFI-09681,392,Auckland,2026-01-28
SKU-SPOR-04214,328,Christchurch,2026-05-15
SKU-BEAU-05181,421,Perth,2026-02-26
SKU-HOME-03595,101,Melbourne,2026-02-07
SKU-OFFI-09858,248,Christchurch,2026-02-15
SKU-BEAU-04822,376,Wellington,2026-06-18
SKU-HEAL-11219,487,Melbourne,2026-01-22
SKU-HEAL-11100,222,Melbourne,2026-01-05
SKU-ELEC-00554,236,Brisbane,2026-01-28
SKU-HEAL-11707,269,Christchurch,2026-07-05
SKU-APPA-01417,255,Christchurch,2026-05-16
SKU-APPA-01384,213,Adelaide,2026-02-10
SKU-ELEC-00876,330,Adelaide,2026-04-21
SKU-TOYS-06697,343,Perth,2026-05-20
SKU-HEAL-11046,3,Auckland,2026-05-09
SKU-GROC-08646,365,Adelaide,2026-04-05
SKU-HOME-03372,123,Sydney,2026-04-02
SKU-AUTO-08232,448,Auckland,2026-06-04
SKU-TOYS-06167,182,Sydney,2026-07-14
SKU-AUTO-07265,166,Adelaide,2026-02-24
SKU-BEAU-05930,428,Christchurch,2026-03-21
SKU-GROC-09317,80,Adelaide,2026-04-13
SKU-AUTO-07465,313,Wellington,2026-06-17
SKU-ELEC-01173,245,Christchurch,2026-04-07
SKU-HEAL-11895,211,Melbourne,2026-04-27
SKU-BEAU-05500,237,Adelaide,2026-07-07
SKU-APPA-02291,325,Sydney,2026-03-23
SKU-ELEC-00991,321,Wellington,2026-01-27
SKU-TOYS-06356,111,Melbourne,2026-06-02
SKU-TOYS-07088,346,Auckland,2026-07-07
SKU-GROC-08978,385,Wellington,2026-05-01
SKU-SPOR-04080,6,Adelaide,2026-05-25
SKU-AUTO-07389,440,Adelaide,2026-07-06
SKU-HOME-03584,77,Christchurch,2026-04-01
SKU-OFFI-09931,480,Melbourne,2026-02-26
SKU-SPOR-04228,99,Christchurch,2026-01-22
SKU-AUTO-07400,369,Melbourne,2026-04-19
SKU-BEAU-05791,78,Auckland,2026-03-17
SKU-OFFI-10795,378,Wellington,2026-02-23
SKU-HEAL-11561,427,Perth,2026-02-20
SKU-AUTO-07358,385,Sydney,2026-02-02
SKU-BEAU-04899,54,Perth,2026-03-01
SKU-SPOR-03966,289,Melbourne,2026-07-11
SKU-HEAL-11783,343,Adelaide,2026-02-25
SKU-BEAU-04813,498,Auckland,2026-04-15
SKU-OFFI-09994,342,Christchurch,2026-05-22
SKU-ELEC-00202,326,Wellington,2026-05-08
SKU-ELEC-00809,,Wellington,2026-01-13
SKU-AUTO-08270,427,Melbourne,2026-05-05
SKU-BEAU-04980,117,Melbourne,2026-07-26
SKU-HOME-03511,116,Sydney,2026-05-21
SKU-APPA-01839,294,Wellington,2026-07-28
SKU-OFFI-09814,114,Perth,2026-01-14
SKU-TOYS-06491,479,Sydney,2026-07-01
SKU-HEAL-11357,,Melbourne,2026-03-09
SKU-APPA-02383,466,Sydney,2026-03-10
SKU-APPA-01549,308,Wellington,2026-06-12
SKU-TOYS-06510,425,Christchurch,2026-03-20
SKU-APPA-02002,286,Auckland,2026-05-07
SKU-SPOR-04123,440,Sydney,2026-01-07
SKU-SPOR-04703,147,Melbourne,2026-03-21
SKU-APPA-02237,23,Melbourne,2026-07-02
SKU-AUTO-07410,1,Auckland,2026-02-01
SKU-ELEC-00797,286,Brisbane,2026-02-08
SKU-GROC-09291,18,Christchurch,2026-02-16
SKU-HOME-03338,192,Brisbane,2026-03-04
SKU-HOME-03171,356,Auckland,2026-03-08
SKU-APPA-01825,360,Brisbane,2026-05-13
SKU-TOYS-06195,328,Adelaide,2026-04-25
SKU-HEAL-11711,248,Christchurch,2026-07-26
SKU-SPOR-04690,37,Auckland,2026-02-10
SKU-HEAL-11085,494,Auckland,2026-04-16
SKU-AUTO-07315,202,Melbourne,2026-06-16
SKU-AUTO-07511,427,Adelaide,2026-07-06
SKU-HEAL-11440,69,Sydney,2026-06-20
SKU-SPOR-04323,180,Sydney,2026-03-26
SKU-BEAU-04805,218,Auckland,2026-02-12
SKU-GROC-08628,39,Sydney,2026-02-16
SKU-HOME-02549,31,Sydney,2026-03-16
SKU-GROC-08967,244,Wellington,2026-06-07
SKU-HOME-02490,16,Melbourne,2026-05-08
SKU-HEAL-11648,355,Melbourne,2026-03-18
SKU-APPA-02098,306,Auckland,2026-05-12
SKU-ELEC-00772,99,Sydney,2026-01-03
SKU-AUTO-08326,249,Perth,2026-04-14
SKU-AUTO-07333,50,Auckland,2026-06-07
SKU-ELEC-00781,170,Sydney,2026-05-07
SKU-ELEC-01073,78,Perth,2026-05-19
SKU-ELEC-00422,436,Melbourne,2026-07-28
SKU-AUTO-08244,61,Auckland,2026-07-01
SKU-AUTO-07745,101,Sydney,2026-02-16
SKU-BEAU-05368,316,Auckland,2026-07-19
SKU-SPOR-03886,204,Brisbane,2026-04-13
SKU-SPOR-03858,393,Wellington,2026-01-26
SKU-ELEC-00840,155,Auckland,2026-02-17
SKU-BEAU-05215,101,Wellington,2026-04-26
SKU-TOYS-06736,355,Perth,2026-02-21
SKU-APPA-01399,439,Brisbane,2026-07-11
SKU-APPA-01336,397,Auckland,2026-01-08
SKU-AUTO-07551,303,Melbourne,2026-04-27
SKU-HOME-02775,256,Auckland,2026-02-28
SKU-AUTO-07853,38,Perth,2026-05-09
SKU-TOYS-06293,363,Sydney,2026-02-13
SKU-HOME-02534,109,Sydney,2026-01-28
SKU-BEAU-05396,498,Melbourne,2026-05-05
SKU-ELEC-00259,290,Melbourne,2026-05-02
SKU-APPA-01717,16,Wellington,2026-06-21
SKU-HEAL-11994,426,Sydney,2026-01-01
SKU-TOYS-06069,456,Auckland,2026-07-12
SKU-HEAL-11743,463,Christchurch,2026-03-01
SKU-APPA-01307,421,Auckland,2026-06-08
SKU-GROC-08903,121,Christchurch,2026-03-23
SKU-SPOR-03607,461,Brisbane,2026-05-25
SKU-ELEC-00941,480,Auckland,2026-07-22
SKU-SPOR-04687,326,Christchurch,2026-07-26
SKU-TOYS-06899,236,Auckland,2026-03-01
SKU-AUTO-08127,89,Brisbane,2026-02-11
SKU-APPA-01952,84,Adelaide,2026-02-23
SKU-OFFI-09806,346,Wellington,2026-06-19
SKU-AUTO-07836,,Brisbane,2026-04-19
SKU-TOYS-06854,79,Perth,2026-02-07
SKU-GROC-09524,64,Brisbane,2026-05-25
SKU-ELEC-00511,267,Auckland,2026-06-21
SKU-SPOR-04335,48,Sydney,2026-03-03
SKU-TOYS-06924,155,Auckland,2026-05-09
SKU-HEAL-10970,5,Wellington,2026-06-26
SKU-GROC-09324,,Brisbane,2026-03-17
SKU-TOYS-06357,286,Melbourne,2026-02-20
SKU-TOYS-07158,151,Christchurch,2026-05-08
SKU-AUTO-07497,468,Melbourne,2026-07-20
SKU-GROC-09434,,Melbourne,2026-03-18
SKU-APPA-02062,484,Wellington,2026-04-13
SKU-AUTO-07451,485,Adelaide,2026-04-21
SKU-OFFI-09622,210,Sydney,2026-06-03
SKU-ELEC-01154,377,Adelaide,2026-04-18
SKU-HEAL-10837,285,Auckland,2026-05-18
SKU-OFFI-10690,,Brisbane,2026-06-26
SKU-OFFI-10427,376,Wellington,2026-06-08
SKU-SPOR-04399,,Auckland,2026-06-09
SKU-GROC-08805,235,Perth,2026-03-24
SKU-APPA-01214,399,Christchurch,2026-04-07
SKU-BEAU-05814,422,Brisbane,2026-04-19
SKU-TOYS-06399,405,Sydney,2026-03-26
SKU-BEAU-05347,453,Sydney,2026-01-09
SKU-BEAU-04807,19,Wellington,2026-02-03
SKU-APPA-01872,351,Christchurch,2026-05-04
SKU-APPA-01911,255,Sydney,2026-03-18
SKU-BEAU-05325,452,Wellington,2026-05-15
SKU-SPOR-04659,422,Wellington,2026-04-18
SKU-APPA-01215,136,Auckland,2026-04-02
SKU-ELEC-00184,227,Perth,2026-02-14
SKU-APPA-02310,297,Perth,2026-01-03
SKU-TOYS-06463,198,Sydney,2026-06-03
SKU-SPOR-04569,304,Christchurch,2026-07-02
SKU-HEAL-11933,105,Sydney,2026-07-09
SKU-SPOR-04658,90,Adelaide,2026-06-11
SKU-SPOR-04767,202,Brisbane,2026-05-16
SKU-HOME-03539,376,Melbourne,2026-05-09
SKU-HEAL-11419,426,Christchurch,2026-01-19
SKU-SPOR-04029,38,Wellington,2026-02-13
SKU-OFFI-10616,248,Brisbane,2026-03-01
SKU-TOYS-07151,,Christchurch,2026-05-27
SKU-BEAU-05166,284,Wellington,2026-02-17
SKU-AUTO-08280,440,Christchurch,2026-06-13
SKU-SPOR-04459,380,Brisbane,2026-02-23
SKU-HOME-02429,315,Christchurch,2026-04-12
SKU-HEAL-11920,476,Adelaide,2026-02-16
SKU-GROC-09111,369,Adelaide,2026-07-03
SKU-AUTO-07266,118,Brisbane,2026-03-14
SKU-GROC-08834,161,Christchurch,2026-02-22
SKU-APPA-01536,256,Auckland,2026-07-22
SKU-ELEC-00547,135,Wellington,2026-03-05
SKU-GROC-09528,30,Wellington,2026-03-24
SKU-OFFI-10299,318,Christchurch,2026-01-02
SKU-HOME-03502,317,Perth,2026-01-06
SKU-TOYS-06584,412,Adelaide,2026-06-25
SKU-SPOR-04168,155,Adelaide,2026-04-14
SKU-HEAL-11303,322,Auckland,2026-01-16
SKU-BEAU-04969,138,Auckland,2026-07-03
SKU-HEAL-11311,398,Adelaide,2026-03-02
SKU-GROC-09012,392,Melbourne,2026-04-27
SKU-TOYS-06166,239,Melbourne,2026-03-20
SKU-AUTO-08253,355,Perth,2026-04-21
SKU-OFFI-10158,,Sydney,2026-06-18
SKU-GROC-08787,433,Sydney,2026-04-10
SKU-GROC-08769,379,Perth,2026-02-13
SKU-AUTO-08092,189,Perth,2026-01-20
SKU-TOYS-06302,416,Adelaide,2026-04-05
SKU-HOME-02809,287,Adelaide,2026-05-25
SKU-AUTO-07695,317,Sydney,2026-07-26
SKU-APPA-02241,,Wellington,2026-02-27
SKU-ELEC-01093,224,Melbourne,2026-02-03
SKU-AUTO-07808,267,Adelaide,2026-06-03
SKU-GROC-09464,,Adelaide,2026-06-01
SKU-HOME-02917,254,Brisbane,2026-01-21
SKU-AUTO-07771,187,Perth,2026-06-15
SKU-AUTO-07407,365,Wellington,2026-02-02
SKU-BEAU-04898,369,Perth,2026-05-04
SKU-GROC-09148,120,Adelaide,2026-05-27
SKU-TOYS-07111,473,Brisbane,2026-04-07
SKU-HEAL-11791,331,Christchurch,2026-03-13
SKU-BEAU-04809,481,Brisbane,2026-01-13
SKU-BEAU-05187,407,Sydney,2026-05-12
SKU-SPOR-04521,271,Sydney,2026-07-02
SKU-HOME-03302,315,Perth,2026-04-06
SKU-HOME-02440,370,Brisbane,2026-05-12
SKU-BEAU-05995,158,Christchurch,2026-04-26
SKU-APPA-02236,6,Christchurch,2026-05-03
SKU-GROC-09552,128,Melbourne,2026-07-08
SKU-GROC-09227,323,Wellington,2026-06-20
SKU-TOYS-07023,367,Perth,2026-04-11
SKU-ELEC-01120,372,Auckland,2026-03-15
SKU-GROC-08473,485,Auckland,2026-07-02
SKU-AUTO-07319,,Adelaide,2026-06-22
SKU-ELEC-00382,325,Christchurch,2026-02-03
SKU-HEAL-11201,191,Brisbane,2026-01-22
SKU-OFFI-09750,200,Sydney,2026-04-12
SKU-BEAU-05753,25,Perth,2026-02-14
SKU-BEAU-04928,188,Perth,2026-01-11
SKU-GROC-09428,481,Brisbane,2026-06-10
SKU-AUTO-07339,281,Sydney,2026-07-22
SKU-SPOR-04108,386,Adelaide,2026-03-12
SKU-BEAU-05449,471,Brisbane,2026-02-09
SKU-BEAU-05478,117,Auckland,2026-02-06
SKU-GROC-08741,14,Sydney,2026-05-18
SKU-AUTO-07285,405,Adelaide,2026-01-26
SKU-ELEC-01089,230,Brisbane,2026-05-07
SKU-HOME-02626,415,Brisbane,2026-03-06
SKU-OFFI-10790,396,Sydney,2026-04-22
SKU-HEAL-11443,116,Perth,2026-03-05
SKU-BEAU-05436,166,Perth,2026-03-17
SKU-TOYS-06709,164,Adelaide,2026-04-14
SKU-SPOR-04157,279,Wellington,2026-06-08
SKU-HOME-03600,443,Melbourne,2026-06-02
SKU-HOME-02630,288,Auckland,2026-04-22
SKU-OFFI-10671,190,Wellington,2026-05-25
SKU-APPA-01959,98,Auckland,2026-07-15
SKU-ELEC-00873,387,Auckland,2026-06-16
SKU-OFFI-10170,,Adelaide,2026-06-13
SKU-APPA-02103,41,Melbourne,2026-03-08
SKU-ELEC-00782,87,Adelaide,2026-07-02
SKU-ELEC-00354,80,Perth,2026-01-02
SKU-APPA-01689,336,Wellington,2026-07-24
SKU-TOYS-06042,3,Christchurch,2026-01-23
SKU-ELEC-00295,380,Melbourne,2026-05-27
SKU-HEAL-11587,449,Perth,2026-01-10
SKU-OFFI-09890,296,Perth,2026-01-15
SKU-AUTO-07395,76,Wellington,2026-05-08
SKU-APPA-01891,489,Melbourne,2026-06-16
SKU-HOME-03099,451,Adelaide,2026-06-08
SKU-TOYS-06551,183,Wellington,2026-06-23
SKU-OFFI-10545,,Melbourne,2026-06-04
SKU-BEAU-05556,12,Perth,2026-03-27
SKU-HEAL-10932,115,Melbourne,2026-04-06
SKU-TOYS-06556,162,Adelaide,2026-05-19
SKU-SPOR-03778,83,Christchurch,2026-04-26
SKU-TOYS-06484,165,Auckland,2026-02-13
SKU-GROC-08905,450,Brisbane,2026-01-22
SKU-OFFI-10212,389,Wellington,2026-01-10
SKU-AUTO-07257,146,Auckland,2026-07-21
SKU-TOYS-06904,53,Sydney,2026-06-04
SKU-HEAL-10808,362,Brisbane,2026-05-07
SKU-AUTO-08155,320,Sydney,2026-05-06
SKU-APPA-02353,118,Sydney,2026-07-25
SKU-HEAL-11765,255,Auckland,2026-01-22
SKU-GROC-09327,164,Wellington,2026-03-14
SKU-GROC-08953,59,Sydney,2026-05-02
SKU-GROC-08910,,Brisbane,2026-01-04
SKU-SPOR-04216,,Wellington,2026-07-26
SKU-SPOR-04453,365,Wellington,2026-01-11
SKU-AUTO-07263,243,Brisbane,2026-04-02
SKU-AUTO-08087,286,Adelaide,2026-01-02
SKU-TOYS-06665,352,Sydney,2026-06-17
SKU-HEAL-11603,211,Christchurch,2026-02-26
SKU-ELEC-00398,274,Sydney,2026-01-23
SKU-AUTO-07340,238,Melbourne,2026-02-23
SKU-HOME-02681,0,Brisbane,2026-07-09
SKU-HEAL-11745,235,Christchurch,2026-03-12
SKU-HEAL-10928,50,Auckland,2026-04-19
SKU-HOME-02676,160,Adelaide,2026-04-27
SKU-GROC-08571,341,Wellington,2026-02-16
SKU-TOYS-06353,454,Melbourne,2026-05-15
SKU-APPA-01527,196,Perth,2026-03-17
SKU-BEAU-05546,400,Christchurch,2026-02-18
SKU-HEAL-11889,317,Christchurch,2026-01-10
SKU-AUTO-08019,346,Wellington,2026-05-24
SKU-HOME-03060,17,Melbourne,2026-01-25
SKU-SPOR-04661,62,Adelaide,2026-05-16
SKU-AUTO-08028,110,Brisbane,2026-02-11
SKU-APPA-01625,302,Christchurch,2026-07-03
SKU-HEAL-11169,218,Melbourne,2026-06-14
SKU-OFFI-09741,,Auckland,2026-02-17
SKU-SPOR-04710,275,Melbourne,2026-03-09
SKU-SPOR-03794,358,Sydney,2026-04-25
SKU-ELEC-00044,293,Brisbane,2026-03-16
SKU-SPOR-04722,393,Melbourne,2026-04-14
SKU-SPOR-03762,153,Melbourne,2026-06-19
SKU-HEAL-11165,,Auckland,2026-02-09
SKU-HOME-02950,253,Christchurch,2026-03-26
SKU-TOYS-07000,20,Perth,2026-03-15
SKU-ELEC-00793,28,Wellington,2026-02-16
SKU-TOYS-06912,295,Auckland,2026-02-03
SKU-OFFI-10181,216,Melbourne,2026-04-08
SKU-TOYS-07132,195,Wellington,2026-03-20
SKU-ELEC-00346,261,Perth,2026-01-06
SKU-AUTO-07992,470,Auckland,2026-03-03
SKU-GROC-09244,344,Brisbane,2026-04-26
SKU-BEAU-04942,248,Wellington,2026-02-26
SKU-HOME-03135,,Wellington,2026-03-15
SKU-BEAU-05799,295,Auckland,2026-07-24
SKU-OFFI-10781,62,Brisbane,2026-02-14
SKU-OFFI-10413,201,Wellington,2026-04-26
SKU-BEAU-05636,18,Adelaide,2026-02-28
SKU-TOYS-07064,189,Sydney,2026-01-10
SKU-TOYS-06503,21,Adelaide,2026-04-09
SKU-GROC-08986,129,Melbourne,2026-06-14
SKU-GROC-08505,55,Melbourne,2026-03-09
SKU-AUTO-08319,6,Sydney,2026-03-04
SKU-TOYS-06440,194,Christchurch,2026-01-04
SKU-OFFI-10573,151,Adelaide,2026-05-01
SKU-TOYS-06671,408,Perth,2026-06-16
SKU-APPA-01650,32,Christchurch,2026-04-26
SKU-HOME-03366,36,Adelaide,2026-07-19
SKU-APPA-01980,300,Melbourne,2026-04-15
SKU-TOYS-07043,242,Wellington,2026-02-21
SKU-TOYS-06687,144,Christchurch,2026-01-22
SKU-GROC-08557,59,Christchurch,2026-07-13
SKU-SPOR-04539,455,Auckland,2026-07-21
SKU-SPOR-04574,424,Melbourne,2026-03-25
SKU-BEAU-05468,225,Brisbane,2026-02-23
SKU-BEAU-04902,244,Auckland,2026-06-18
SKU-AUTO-07766,158,Perth,2026-02-03
SKU-GROC-09334,202,Perth,2026-03-16
SKU-OFFI-09743,35,Perth,2026-01-19
SKU-BEAU-05196,3,Perth,2026-05-27
SKU-BEAU-04961,370,Christchurch,2026-04-28
SKU-BEAU-05543,467,Sydney,2026-07-05
SKU-BEAU-05127,25,Wellington,2026-03-23
SKU-HEAL-11290,85,Brisbane,2026-02-25
SKU-HEAL-11532,65,Auckland,2026-06-03
SKU-APPA-02226,,Auckland,2026-04-03
SKU-APPA-01730,404,Sydney,2026-04-23
SKU-OFFI-10487,482,Melbourne,2026-07-03
SKU-AUTO-08395,242,Auckland,2026-06-08
SKU-BEAU-05382,443,Adelaide,2026-02-23
SKU-AUTO-08223,279,Wellington,2026-04-03
SKU-AUTO-07382,66,Adelaide,2026-01-08
SKU-BEAU-05948,480,Christchurch,2026-05-16
SKU-ELEC-00112,164,Auckland,2026-07-20
SKU-BEAU-05739,,Christchurch,2026-05-08
SKU-HOME-02621,146,Melbourne,2026-04-18
SKU-OFFI-10800,202,Sydney,2026-07-13
SKU-ELEC-00465,112,Melbourne,2026-07-15
SKU-GROC-08809,182,Melbourne,2026-07-10
SKU-HOME-03234,464,Wellington,2026-06-02
SKU-TOYS-06729,,Christchurch,2026-04-25
SKU-HOME-03023,37,Brisbane,2026-03-26
SKU-ELEC-00961,383,Melbourne,2026-07-28
SKU-HOME-03047,134,Adelaide,2026-07-09
SKU-APPA-02339,397,Christchurch,2026-03-18
SKU-HEAL-11244,459,Brisbane,2026-02-27
SKU-TOYS-07200,304,Wellington,2026-06-09
SKU-BEAU-05284,344,Sydney,2026-03-20
SKU-GROC-09355,368,Perth,2026-01-14
SKU-GROC-08631,186,Brisbane,2026-07-04
SKU-APPA-01871,48,Brisbane,2026-01-12
SKU-SPOR-04776,355,Sydney,2026-02-06
SKU-OFFI-10289,404,Perth,2026-05-27
SKU-AUTO-07698,139,Wellington,2026-05-20
SKU-BEAU-05656,42,Christchurch,2026-01-18
SKU-SPOR-04077,296,Auckland,2026-07-12
SKU-HEAL-11267,265,Adelaide,2026-05-22
SKU-OFFI-10749,305,Adelaide,2026-05-15
SKU-APPA-01291,489,Wellington,2026-01-21
SKU-SPOR-04031,,Sydney,2026-04-23
SKU-APPA-01313,434,Sydney,2026-04-12
SKU-BEAU-05590,114,Melbourne,2026-03-01
SKU-APPA-01350,77,Adelaide,2026-02-24
SKU-SPOR-04344,193,Brisbane,2026-05-21
SKU-TOYS-06837,111,Perth,2026-05-26
SKU-SPOR-03619,,Perth,2026-02-28
SKU-BEAU-05121,427,Perth,2026-05-13
SKU-TOYS-06345,76,Wellington,2026-06-10
SKU-APPA-01756,419,Wellington,2026-05-23
SKU-HOME-02891,399,Adelaide,2026-04-07
SKU-ELEC-00075,374,Brisbane,2026-03-28
SKU-GROC-08617,248,Perth,2026-03-16
SKU-BEAU-05484,,Christchurch,2026-04-09
SKU-BEAU-05705,224,Melbourne,2026-07-26
SKU-AUTO-07433,83,Perth,2026-06-09
SKU-OFFI-10062,415,Auckland,2026-02-27
SKU-TOYS-07037,275,Brisbane,2026-04-10
SKU-BEAU-05812,357,Christchurch,2026-02-20
SKU-BEAU-05083,175,Adelaide,2026-02-23
SKU-HEAL-11237,188,Perth,2026-04-01
SKU-GROC-09441,433,Auckland,2026-06-03
SKU-BEAU-05595,236,Auckland,2026-06-20
SKU-TOYS-07141,185,Perth,2026-04-21
SKU-APPA-01221,247,Christchurch,2026-07-01
SKU-AUTO-08354,,Christchurch,2026-07-08
SKU-AUTO-07631,368,Melbourne,2026-01-02
SKU-AUTO-07981,,Sydney,2026-03-23
SKU-GROC-09329,158,Auckland,2026-05-01
SKU-OFFI-10714,,Perth,2026-02-05
SKU-AUTO-08315,89,Melbourne,2026-07-08
SKU-AUTO-07329,325,Melbourne,2026-05-16
SKU-APPA-01652,473,Wellington,2026-07-09
SKU-BEAU-05815,466,Wellington,2026-01-15
SKU-TOYS-06318,,Sydney,2026-07-08
SKU-APPA-01275,309,Perth,2026-06-02
SKU-HEAL-11048,218,Brisbane,2026-01-03
SKU-BEAU-05834,,Wellington,2026-02-04
SKU-ELEC-00726,435,Wellington,2026-06-13
SKU-BEAU-05452,269,Melbourne,2026-02-23
SKU-TOYS-06681,352,Perth,2026-01-16
SKU-OFFI-10737,86,Christchurch,2026-03-20
SKU-SPOR-04662,379,Wellington,2026-01-24
SKU-AUTO-07231,181,Christchurch,2026-03-07
SKU-HEAL-10937,338,Wellington,2026-06-06
SKU-BEAU-05212,,Christchurch,2026-05-16
SKU-ELEC-00048,62,Wellington,2026-01-03
SKU-HEAL-11281,126,Christchurch,2026-02-17
SKU-APPA-01609,394,Wellington,2026-01-09
SKU-APPA-01233,421,Auckland,2026-06-10
SKU-ELEC-00120,168,Auckland,2026-01-12
SKU-GROC-08651,174,Melbourne,2026-04-06
SKU-AUTO-08197,,Perth,2026-01-16
SKU-OFFI-09853,170,Sydney,2026-05-10
SKU-HEAL-11019,204,Christchurch,2026-04-23
SKU-SPOR-03854,271,Adelaide,2026-05-16
SKU-APPA-02299,308,Melbourne,2026-01-01
SKU-OFFI-09732,198,Brisbane,2026-03-08
SKU-APPA-01936,280,Wellington,2026-07-04
SKU-SPOR-04607,315,Wellington,2026-03-09
SKU-OFFI-10207,403,Wellington,2026-04-10
SKU-GROC-09452,421,Perth,2026-03-02
SKU-TOYS-06526,411,Perth,2026-06-18
SKU-ELEC-00875,221,Adelaide,2026-03-11
SKU-HOME-02710,397,Wellington,2026-03-04
SKU-HOME-03523,197,Wellington,2026-05-27
SKU-BEAU-05373,,Brisbane,2026-03-06
SKU-HOME-02430,469,Auckland,2026-05-17
SKU-GROC-08440,332,Wellington,2026-01-15
SKU-SPOR-04394,152,Perth,2026-03-20
SKU-GROC-08871,268,Adelaide,2026-07-15
SKU-GROC-08845,125,Christchurch,2026-05-08
SKU-GROC-08815,196,Adelaide,2026-01-28
SKU-OFFI-10203,156,Brisbane,2026-04-13
SKU-OFFI-10419,356,Perth,2026-03-25
SKU-BEAU-04851,426,Adelaide,2026-01-03
SKU-OFFI-09607,19,Wellington,2026-07-09
SKU-SPOR-03709,311,Wellington,2026-06-09
SKU-OFFI-10649,132,Brisbane,2026-05-27
SKU-AUTO-08175,310,Auckland,2026-05-02
SKU-SPOR-03960,296,Sydney,2026-02-01
SKU-SPOR-04601,,Melbourne,2026-07-22
SKU-ELEC-00186,146,Perth,2026-05-12
SKU-AUTO-07625,220,Christchurch,2026-01-17
SKU-HOME-02602,59,Brisbane,2026-04-09
SKU-TOYS-06128,449,Brisbane,2026-06-06
SKU-BEAU-05729,210,Wellington,2026-02-21
SKU-GROC-08551,59,Auckland,2026-02-20
SKU-OFFI-10318,464,Sydney,2026-06-07
SKU-ELEC-00603,356,Perth,2026-03-06
SKU-APPA-01774,40,Perth,2026-05-05
SKU-OFFI-10035,399,Perth,2026-05-25
SKU-TOYS-06012,336,Christchurch,2026-05-18
SKU-AUTO-07596,439,Perth,2026-05-17
SKU-SPOR-04526,65,Perth,2026-05-12
SKU-ELEC-00748,,Wellington,2026-03-28
SKU-APPA-01427,247,Brisbane,2026-02-02
SKU-SPOR-03788,338,Perth,2026-04-10
SKU-BEAU-05631,280,Adelaide,2026-03-11
SKU-HOME-03003,449,Adelaide,2026-04-28
SKU-GROC-08951,245,Adelaide,2026-05-17
SKU-HOME-02436,228,Christchurch,2026-06-01
SKU-SPOR-03747,234,Melbourne,2026-02-01
SKU-TOYS-06701,71,Auckland,2026-02-16
SKU-SPOR-04518,86,Wellington,2026-03-17
SKU-OFFI-09783,56,Melbourne,2026-04-01
SKU-AUTO-07776,254,Christchurch,2026-07-17
SKU-OFFI-09626,390,Brisbane,2026-05-01
SKU-APPA-01334,153,Wellington,2026-04-03
SKU-TOYS-06933,67,Perth,2026-07-04
SKU-APPA-01981,37,Melbourne,2026-07-22
SKU-SPOR-04330,436,Brisbane,2026-01-03
SKU-SPOR-03769,313,Sydney,2026-07-15
SKU-AUTO-07638,216,Christchurch,2026-05-10
SKU-HOME-03000,72,Perth,2026-02-24
SKU-BEAU-05733,70,Auckland,2026-03-05
SKU-TOYS-06582,443,Auckland,2026-06-26
SKU-SPOR-03601,389,Melbourne,2026-07-09
SKU-BEAU-05338,231,Auckland,2026-06-10
SKU-AUTO-08328,55,Adelaide,2026-01-20
SKU-ELEC-00182,485,Adelaide,2026-04-27
SKU-SPOR-04294,456,Perth,2026-06-12
SKU-OFFI-09787,294,Melbourne,2026-02-20
SKU-SPOR-04729,440,Perth,2026-05-05
SKU-GROC-09336,,Perth,2026-07-16
SKU-ELEC-01004,275,Melbourne,2026-07-15
SKU-ELEC-00776,473,Melbourne,2026-07-04
SKU-SPOR-03792,246,Christchurch,2026-06-01
SKU-TOYS-07079,411,Auckland,2026-03-12
SKU-HEAL-11496,311,Auckland,2026-04-06
SKU-HEAL-11836,323,Auckland,2026-04-19
SKU-HEAL-11856,105,Brisbane,2026-05-03
SKU-APPA-02138,297,Christchurch,2026-03-27
SKU-HOME-03238,306,Wellington,2026-05-13
SKU-HEAL-11497,300,Melbourne,2026-01-02
SKU-SPOR-04333,157,Melbourne,2026-02-16
SKU-APPA-01279,488,Sydney,2026-02-10
SKU-APPA-01790,200,Melbourne,2026-04-24
SKU-HOME-03332,12,Wellington,2026-03-06
SKU-TOYS-07198,124,Auckland,2026-02-01
SKU-APPA-02115,64,Auckland,2026-05-03
SKU-TOYS-07077,39,Melbourne,2026-04-01
SKU-APPA-01278,213,Auckland,2026-05-25
SKU-SPOR-04554,159,Wellington,2026-03-04
SKU-OFFI-10388,,Brisbane,2026-06-05
SKU-HEAL-11629,117,Adelaide,2026-04-26
SKU-HEAL-11804,448,Perth,2026-06-11
SKU-TOYS-06493,141,Adelaide,2026-06-21
SKU-BEAU-05204,252,Sydney,2026-06-06
SKU-HEAL-10867,343,Perth,2026-02-15
SKU-AUTO-07283,58,Auckland,2026-03-28
SKU-SPOR-04041,277,Perth,2026-01-08
SKU-OFFI-10323,294,Brisbane,2026-07-17
SKU-ELEC-00235,455,Perth,2026-03-13
SKU-AUTO-07889,24,Christchurch,2026-06-14
SKU-SPOR-04744,367,Brisbane,2026-03-02
SKU-SPOR-03669,276,Sydney,2026-07-28
SKU-TOYS-06967,158,Adelaide,2026-05-13
SKU-GROC-08890,231,Perth,2026-05-14
SKU-BEAU-04991,324,Brisbane,2026-06-08
SKU-TOYS-06136,379,Perth,2026-07-22
SKU-BEAU-05685,45,Adelaide,2026-03-24
SKU-HEAL-11458,27,Christchurch,2026-05-12
SKU-HOME-03212,451,Adelaide,2026-06-22
SKU-ELEC-00732,282,Brisbane,2026-04-10
SKU-AUTO-07506,387,Melbourne,2026-05-18
SKU-GROC-08939,58,Adelaide,2026-01-10
SKU-APPA-02312,434,Sydney,2026-05-12
SKU-APPA-01556,255,Adelaide,2026-03-10
SKU-ELEC-00287,273,Adelaide,2026-06-09
SKU-HEAL-11837,431,Adelaide,2026-03-12
SKU-GROC-08707,448,Auckland,2026-01-19
SKU-HOME-02990,457,Perth,2026-04-03
SKU-OFFI-09983,496,Adelaide,2026-06-03
SKU-SPOR-04495,108,Sydney,2026-04-11
SKU-ELEC-00563,60,Auckland,2026-06-12
SKU-AUTO-07754,45,Wellington,2026-02-16
SKU-APPA-02372,258,Melbourne,2026-05-06
SKU-TOYS-07188,5,Auckland,2026-07-18
SKU-GROC-08916,445,Melbourne,2026-06-26
SKU-OFFI-09898,190,Christchurch,2026-06-17
SKU-HOME-02908,261,Adelaide,2026-04-11
SKU-HOME-03266,,Adelaide,2026-05-15
SKU-HOME-02650,,Melbourne,2026-07-08
SKU-OFFI-10416,297,Christchurch,2026-03-03
SKU-HEAL-11251,362,Christchurch,2026-07-09
SKU-GROC-08751,272,Adelaide,2026-03-11
SKU-GROC-09385,1,Wellington,2026-06-05
SKU-OFFI-09717,162,Wellington,2026-04-14
SKU-TOYS-06616,418,Christchurch,2026-02-06
SKU-HOME-02783,395,Brisbane,2026-02-18
SKU-AUTO-07924,281,Melbourne,2026-05-25
SKU-APPA-01727,29,Adelaide,2026-04-09
SKU-GROC-09039,12,Brisbane,2026-07-14
SKU-ELEC-00265,165,Adelaide,2026-02-02
SKU-TOYS-06358,8,Brisbane,2026-05-15
SKU-AUTO-07713,399,Sydney,2026-01-27
SKU-TOYS-06638,335,Adelaide,2026-04-08
SKU-HEAL-11289,316,Brisbane,2026-03-06
SKU-GROC-08681,,Brisbane,2026-03-20
SKU-SPOR-04143,495,Brisbane,2026-04-08
SKU-ELEC-01076,411,Adelaide,2026-01-05
SKU-TOYS-07113,68,Adelaide,2026-02-11
SKU-GROC-09138,123,Adelaide,2026-07-27
SKU-SPOR-04194,23,Auckland,2026-05-25
SKU-TOYS-06674,403,Adelaide,2026-04-02
SKU-ELEC-00804,114,Brisbane,2026-01-23
SKU-GROC-08933,191,Christchurch,2026-07-17
SKU-TOYS-06828,378,Christchurch,2026-06-22
SKU-SPOR-03719,273,Auckland,2026-03-15
SKU-HOME-02607,253,Brisbane,2026-01-22
SKU-GROC-09479,375,Auckland,2026-05-26
SKU-HEAL-11824,394,Perth,2026-02-27
SKU-APPA-02327,362,Brisbane,2026-07-25
SKU-BEAU-05209,347,Melbourne,2026-05-25
SKU-SPOR-04639,404,Sydney,2026-07-21
SKU-TOYS-06758,370,Christchurch,2026-04-27
SKU-OFFI-10450,296,Melbourne,2026-01-11
SKU-GROC-08554,381,Wellington,2026-05-23
SKU-AUTO-07844,300,Adelaide,2026-05-25
SKU-GROC-08593,283,Sydney,2026-04-16
SKU-HOME-03358,268,Melbourne,2026-05-18
SKU-TOYS-06150,328,Wellington,2026-05-25
SKU-BEAU-05392,364,Adelaide,2026-06-07
SKU-AUTO-08114,408,Christchurch,2026-01-13
SKU-BEAU-05883,114,Adelaide,2026-03-05
SKU-SPOR-04127,308,Sydney,2026-05-26
SKU-SPOR-04566,,Sydney,2026-05-24
SKU-HEAL-11762,490,Sydney,2026-02-17
SKU-APPA-01783,314,Melbourne,2026-07-07
SKU-HOME-03069,276,Christchurch,2026-05-28
SKU-ELEC-00466,415,Melbourne,2026-02-07
SKU-AUTO-08325,198,Adelaide,2026-03-14
SKU-ELEC-01008,277,Perth,2026-02-17
SKU-SPOR-03890,478,Christchurch,2026-04-01
SKU-OFFI-10506,438,Adelaide,2026-07-21
SKU-TOYS-06083,323,Melbourne,2026-06-17
SKU-AUTO-07361,88,Sydney,2026-06-04
SKU-GROC-08928,147,Sydney,2026-02-09
SKU-TOYS-06025,282,Melbourne,2026-02-05
SKU-AUTO-07464,133,Wellington,2026-07-15
SKU-GROC-08615,264,Wellington,2026-02-18
SKU-TOYS-07171,273,Melbourne,2026-03-15
SKU-AUTO-07794,402,Melbourne,2026-03-08
SKU-TOYS-06238,423,Brisbane,2026-04-28
SKU-HEAL-11246,68,Melbourne,2026-02-15
SKU-APPA-01328,8,Brisbane,2026-01-11
SKU-TOYS-06866,273,Christchurch,2026-01-12
SKU-ELEC-00788,230,Perth,2026-06-11
SKU-OFFI-10034,227,Wellington,2026-06-11
SKU-APPA-02364,414,Adelaide,2026-02-27
SKU-HOME-03135,,Wellington,2026-03-15
SKU-AUTO-08305,482,Brisbane,2026-04-24
SKU-GROC-09388,204,Wellington,2026-02-28
SKU-SPOR-04008,234,Adelaide,2026-03-25
SKU-SPOR-04244,441,Perth,2026-01-06
SKU-HEAL-11393,168,Sydney,2026-04-17
SKU-HOME-03221,392,Auckland,2026-06-07
SKU-HOME-02778,63,Auckland,2026-06-03
SKU-SPOR-04203,257,Perth,2026-06-22
SKU-TOYS-06047,367,Brisbane,2026-02-27
SKU-BEAU-05114,263,Perth,2026-02-09
SKU-APPA-01860,14,Christchurch,2026-05-01
SKU-OFFI-09899,139,Wellington,2026-01-07
SKU-SPOR-04020,,Perth,2026-03-07
SKU-HOME-03172,370,Wellington,2026-01-27
SKU-OFFI-10731,488,Auckland,2026-03-18
SKU-ELEC-01132,407,Sydney,2026-07-28
SKU-HEAL-11799,232,Christchurch,2026-04-01
SKU-AUTO-07798,110,Brisbane,2026-01-27
SKU-HEAL-10882,12,Sydney,2026-06-01
SKU-APPA-02325,424,Adelaide,2026-01-05
SKU-AUTO-08173,64,Auckland,2026-06-13
SKU-APPA-02224,36,Adelaide,2026-02-06
SKU-AUTO-07479,21,Melbourne,2026-03-24
SKU-ELEC-00989,137,Auckland,2026-05-05
SKU-GROC-09405,194,Sydney,2026-06-17
SKU-HOME-03121,66,Sydney,2026-05-25
SKU-HEAL-11818,158,Wellington,2026-06-21
SKU-TOYS-06823,86,Melbourne,2026-01-21
SKU-BEAU-05360,377,Christchurch,2026-07-08
SKU-SPOR-03927,,Melbourne,2026-02-15
SKU-TOYS-06596,275,Perth,2026-02-14
SKU-GROC-09571,224,Wellington,2026-06-28
SKU-HEAL-11276,33,Wellington,2026-06-07
SKU-APPA-01791,262,Christchurch,2026-05-10
SKU-OFFI-10642,251,Brisbane,2026-06-17
SKU-BEAU-04886,179,Perth,2026-06-12
SKU-AUTO-07523,476,Sydney,2026-03-09
SKU-TOYS-06792,30,Sydney,2026-04-26
SKU-OFFI-10072,344,Adelaide,2026-02-23
SKU-APPA-01881,412,Wellington,2026-06-16
SKU-BEAU-05594,,Adelaide,2026-06-14
SKU-APPA-01788,199,Sydney,2026-07-19
SKU-ELEC-00496,119,Brisbane,2026-07-14
SKU-GROC-09282,347,Adelaide,2026-07-18
SKU-HEAL-11582,415,Melbourne,2026-07-19
SKU-SPOR-04610,276,Adelaide,2026-04-07
SKU-APPA-02126,356,Perth,2026-03-02
SKU-OFFI-09920,41,Melbourne,2026-01-27
SKU-ELEC-00312,322,Christchurch,2026-03-08
SKU-TOYS-06639,154,Sydney,2026-05-13
SKU-TOYS-06640,464,Auckland,2026-05-28
SKU-TOYS-07163,,Sydney,2026-04-14
SKU-AUTO-07278,230,Brisbane,2026-03-14
SKU-BEAU-05302,487,Brisbane,2026-02-18
SKU-GROC-08962,116,Adelaide,2026-07-11
SKU-HEAL-11807,297,Christchurch,2026-05-11
SKU-AUTO-07593,315,Sydney,2026-01-22
SKU-HEAL-11882,133,Sydney,2026-04-12
SKU-GROC-08794,291,Perth,2026-03-17
SKU-SPOR-03885,182,Christchurch,2026-01-12
SKU-APPA-02190,279,Wellington,2026-04-24
SKU-GROC-09085,34,Melbourne,2026-02-10
SKU-ELEC-00677,201,Melbourne,2026-06-27
SKU-AUTO-07955,273,Wellington,2026-02-17
SKU-AUTO-08390,414,Christchurch,2026-03-11
SKU-BEAU-05514,,Brisbane,2026-02-16
SKU-GROC-08759,473,Adelaide,2026-03-18
SKU-ELEC-00194,298,Adelaide,2026-06-07
SKU-OFFI-10320,318,Brisbane,2026-04-24
SKU-HEAL-11186,44,Perth,2026-03-22
SKU-OFFI-10715,197,Christchurch,2026-04-21
SKU-SPOR-03779,268,Wellington,2026-03-06
SKU-APPA-01997,39,Perth,2026-07-23
SKU-BEAU-04884,410,Adelaide,2026-04-03
SKU-GROC-09046,,Christchurch,2026-05-08
SKU-SPOR-04117,98,Melbourne,2026-02-07
SKU-GROC-09147,453,Sydney,2026-03-01
SKU-TOYS-06082,268,Auckland,2026-03-11
SKU-OFFI-10145,346,Wellington,2026-05-14
SKU-APPA-01884,15,Wellington,2026-05-11
SKU-BEAU-05306,431,Melbourne,2026-06-25
SKU-ELEC-00831,454,Wellington,2026-07-21
SKU-ELEC-00043,122,Wellington,2026-04-08
SKU-APPA-01666,490,Christchurch,2026-05-18
SKU-AUTO-08268,319,Brisbane,2026-04-09
SKU-HOME-03469,391,Wellington,2026-02-15
SKU-GROC-08401,130,Auckland,2026-01-01
SKU-HEAL-11755,,Adelaide,2026-03-24
SKU-HOME-02415,351,Brisbane,2026-04-09
SKU-GROC-08838,274,Melbourne,2026-04-28
SKU-APPA-02307,16,Brisbane,2026-04-03
SKU-GROC-09507,316,Melbourne,2026-04-21
SKU-ELEC-00611,96,Christchurch,2026-03-05
SKU-APPA-02319,195,Christchurch,2026-01-27
SKU-ELEC-00143,407,Melbourne,2026-02-09
SKU-HOME-03032,250,Adelaide,2026-04-24
SKU-GROC-09466,268,Adelaide,2026-06-14
SKU-SPOR-04496,201,Wellington,2026-07-04
SKU-ELEC-00035,,Brisbane,2026-06-10
SKU-HOME-02657,305,Adelaide,2026-06-10
SKU-ELEC-00377,216,Melbourne,2026-02-05
SKU-AUTO-08374,256,Auckland,2026-02-27
SKU-SPOR-04800,323,Sydney,2026-01-03
SKU-OFFI-09850,97,Melbourne,2026-04-09
SKU-GROC-08994,340,Christchurch,2026-02-26
SKU-AUTO-07855,124,Sydney,2026-01-05
SKU-ELEC-00424,294,Brisbane,2026-02-17
SKU-HOME-02541,58,Brisbane,2026-06-03
SKU-HEAL-11127,41,Perth,2026-02-03
SKU-APPA-02108,278,Melbourne,2026-06-26
SKU-SPOR-04628,,Wellington,2026-07-07
SKU-HEAL-11299,137,Christchurch,2026-02-19
SKU-GROC-09048,234,Wellington,2026-04-12
SKU-APPA-02041,105,Sydney,2026-05-14
SKU-SPOR-03811,304,Wellington,2026-04-14
SKU-HOME-02761,130,Auckland,2026-06-10
SKU-TOYS-06865,16,Christchurch,2026-01-26
SKU-GROC-08590,316,Christchurch,2026-01-13
SKU-APPA-01883,223,Wellington,2026-04-09
SKU-GROC-09242,32,Perth,2026-06-25
SKU-HOME-03001,,Melbourne,2026-07-01
SKU-SPOR-04094,248,Auckland,2026-04-19
SKU-HOME-03227,276,Auckland,2026-02-18
SKU-HOME-02844,268,Perth,2026-01-22
SKU-ELEC-00967,88,Sydney,2026-05-05
SKU-HEAL-11221,134,Perth,2026-07-02
SKU-TOYS-06317,108,Brisbane,2026-02-19
SKU-APPA-01799,104,Sydney,2026-07-06
SKU-OFFI-10782,241,Wellington,2026-06-07
SKU-APPA-02279,49,Wellington,2026-01-28
SKU-HOME-02612,458,Christchurch,2026-03-13
SKU-TOYS-06724,336,Sydney,2026-07-17
SKU-ELEC-00221,6,Wellington,2026-05-19
SKU-SPOR-04549,378,Sydney,2026-03-21
SKU-BEAU-05293,134,Sydney,2026-04-16
SKU-TOYS-06962,164,Adelaide,2026-02-26
SKU-OFFI-10679,411,Sydney,2026-03-20
SKU-SPOR-03965,16,Christchurch,2026-01-18
SKU-AUTO-07839,288,Auckland,2026-04-16
SKU-SPOR-03616,249,Melbourne,2026-01-15
SKU-ELEC-01018,74,Brisbane,2026-01-12
SKU-ELEC-01060,131,Melbourne,2026-04-04
SKU-HOME-02771,59,Brisbane,2026-02-26
SKU-BEAU-05987,52,Perth,2026-06-19
SKU-AUTO-08338,118,Wellington,2026-03-14
SKU-SPOR-04140,45,Melbourne,2026-05-01
SKU-OFFI-10750,67,Adelaide,2026-07-05
SKU-BEAU-05135,439,Perth,2026-02-21
SKU-TOYS-06469,432,Brisbane,2026-02-19
SKU-HEAL-11964,111,Sydney,2026-01-15
SKU-HOME-02593,404,Adelaide,2026-04-21
SKU-SPOR-04631,391,Auckland,2026-03-02
SKU-HEAL-11884,345,Perth,2026-07-12
SKU-GROC-08588,219,Sydney,2026-06-18
SKU-OFFI-10382,466,Wellington,2026-05-27
SKU-ELEC-00380,54,Adelaide,2026-05-03
SKU-APPA-01968,149,Sydney,2026-05-16
SKU-TOYS-06367,324,Brisbane,2026-04-04
SKU-HEAL-11284,79,Wellington,2026-03-25
SKU-HOME-03531,447,Adelaide,2026-01-02
SKU-SPOR-03667,463,Perth,2026-01-22
SKU-APPA-01622,35,Auckland,2026-07-02
SKU-OFFI-09870,497,Brisbane,2026-04-28
SKU-BEAU-05990,104,Wellington,2026-04-21
SKU-ELEC-01070,339,Melbourne,2026-02-27
SKU-TOYS-07125,158,Christchurch,2026-05-06
SKU-TOYS-07120,404,Christchurch,2026-02-18
SKU-GROC-09031,414,Melbourne,2026-04-16
SKU-AUTO-08399,95,Wellington,2026-03-13
SKU-HEAL-11417,418,Perth,2026-05-18
SKU-OFFI-09744,104,Christchurch,2026-04-27
SKU-AUTO-07487,406,Brisbane,2026-07-19
SKU-OFFI-10020,177,Brisbane,2026-05-11
SKU-HOME-03517,183,Brisbane,2026-02-08
SKU-SPOR-03915,455,Brisbane,2026-05-11
SKU-AUTO-08128,169,Sydney,2026-03-10
SKU-ELEC-00366,47,Perth,2026-01-10
SKU-APPA-01677,41,Christchurch,2026-05-01
SKU-OFFI-10046,159,Melbourne,2026-01-06
SKU-AUTO-08068,20,Adelaide,2026-01-18
SKU-TOYS-06413,412,Perth,2026-04-02
SKU-AUTO-08144,477,Melbourne,2026-07-05
SKU-HOME-03033,358,Perth,2026-06-20
SKU-SPOR-04758,112,Melbourne,2026-07-21
SKU-BEAU-04932,34,Christchurch,2026-06-11
SKU-HEAL-11971,50,Wellington,2026-06-20
SKU-SPOR-04118,365,Adelaide,2026-04-02
SKU-OFFI-10557,90,Auckland,2026-02-25
SKU-SPOR-04419,467,Sydney,2026-07-20
SKU-ELEC-01032,494,Sydney,2026-06-19
SKU-BEAU-05922,445,Sydney,2026-03-13
SKU-TOYS-06324,300,Brisbane,2026-03-15
SKU-OFFI-10663,367,Melbourne,2026-01-07
SKU-ELEC-01143,10,Adelaide,2026-03-14
SKU-BEAU-05063,13,Melbourne,2026-03-21
SKU-APPA-01697,173,Auckland,2026-01-19
SKU-OFFI-09786,74,Brisbane,2026-07-02
SKU-HOME-02712,163,Melbourne,2026-03-08
SKU-AUTO-07289,388,Wellington,2026-03-16
SKU-BEAU-05567,216,Sydney,2026-01-10
SKU-AUTO-07458,308,Perth,2026-02-17
SKU-HOME-02913,322,Melbourne,2026-04-05
SKU-TOYS-06311,105,Adelaide,2026-01-20
SKU-ELEC-00281,430,Perth,2026-03-01
SKU-SPOR-03664,172,Brisbane,2026-03-14
SKU-BEAU-05894,139,Christchurch,2026-04-06
SKU-ELEC-00903,109,Wellington,2026-07-26
SKU-HEAL-11982,379,Auckland,2026-02-11
SKU-TOYS-06846,435,Brisbane,2026-06-10
SKU-OFFI-09832,353,Wellington,2026-01-18
SKU-AUTO-07730,299,Melbourne,2026-05-17
SKU-ELEC-01021,267,Wellington,2026-03-08
SKU-GROC-09406,,Perth,2026-05-20
SKU-APPA-01525,90,Melbourne,2026-04-06
SKU-HOME-02533,49,Melbourne,2026-03-15
SKU-BEAU-05195,139,Melbourne,2026-05-12
SKU-BEAU-05772,56,Melbourne,2026-03-11
SKU-ELEC-00697,425,Melbourne,2026-04-26
SKU-GROC-08618,239,Brisbane,2026-07-24
SKU-BEAU-05201,220,Christchurch,2026-04-03
SKU-HOME-02751,229,Perth,2026-06-18
SKU-HOME-03573,356,Melbourne,2026-05-09
SKU-TOYS-07038,238,Christchurch,2026-01-10
SKU-ELEC-00304,459,Christchurch,2026-03-03
SKU-OFFI-10600,268,Melbourne,2026-06-11
SKU-ELEC-01063,215,Christchurch,2026-01-04
SKU-OFFI-10574,193,Christchurch,2026-06-04
SKU-OFFI-10585,483,Melbourne,2026-01-21
SKU-SPOR-04109,225,Wellington,2026-06-24
SKU-AUTO-07925,,Christchurch,2026-02-10
SKU-OFFI-10136,327,Adelaide,2026-07-21
SKU-GROC-08648,346,Wellington,2026-02-26
SKU-APPA-01873,132,Wellington,2026-01-07
SKU-GROC-08704,231,Perth,2026-07-07
SKU-BEAU-05248,90,Christchurch,2026-07-01
SKU-AUTO-07770,157,Wellington,2026-03-19
SKU-GROC-09256,348,Wellington,2026-02-01
SKU-OFFI-10076,162,Auckland,2026-06-06
SKU-GROC-09568,433,Sydney,2026-07-11
SKU-HOME-03436,496,Brisbane,2026-06-03
SKU-APPA-02305,239,Perth,2026-01-27
SKU-TOYS-06749,373,Auckland,2026-07-16
SKU-TOYS-06570,305,Sydney,2026-04-01
SKU-OFFI-09634,288,Auckland,2026-03-04
SKU-AUTO-07875,302,Brisbane,2026-03-12
SKU-HEAL-11838,78,Melbourne,2026-05-11
SKU-BEAU-05242,133,Wellington,2026-06-12
SKU-TOYS-07115,287,Brisbane,2026-02-24
SKU-OFFI-10565,472,Adelaide,2026-06-01
SKU-HOME-02859,383,Perth,2026-06-19
SKU-AUTO-07965,437,Sydney,2026-03-17
SKU-GROC-08670,,Melbourne,2026-05-12
SKU-SPOR-03674,101,Adelaide,2026-07-23
SKU-GROC-09050,334,Wellington,2026-04-26
SKU-AUTO-07371,376,Wellington,2026-05-05
SKU-ELEC-00096,298,Perth,2026-06-20
SKU-HOME-03085,105,Adelaide,2026-06-25
SKU-HEAL-11457,,Christchurch,2026-03-19
SKU-SPOR-03749,41,Melbourne,2026-05-16
SKU-SPOR-04167,490,Melbourne,2026-01-27
SKU-BEAU-04911,168,Melbourne,2026-05-28
SKU-HOME-02796,380,Sydney,2026-01-18
SKU-BEAU-05266,103,Auckland,2026-01-14
SKU-SPOR-04006,483,Sydney,2026-07-14
SKU-ELEC-00037,198,Brisbane,2026-02-26
SKU-GROC-09456,91,Sydney,2026-07-05
SKU-HOME-02448,188,Perth,2026-02-17
SKU-SPOR-04111,266,Perth,2026-03-16
SKU-APPA-01477,321,Brisbane,2026-03-22
SKU-HOME-02413,276,Perth,2026-06-17
SKU-TOYS-06910,245,Wellington,2026-07-06
SKU-SPOR-04205,14,Perth,2026-05-13
SKU-ELEC-00501,397,Christchurch,2026-01-14
SKU-ELEC-00663,111,Adelaide,2026-03-12
SKU-AUTO-08151,36,Melbourne,2026-07-06
SKU-OFFI-09915,405,Christchurch,2026-05-26
SKU-TOYS-06611,110,Wellington,2026-01-20
SKU-GROC-09136,207,Christchurch,2026-04-18
SKU-APPA-01914,416,Perth,2026-07-05
SKU-SPOR-04792,398,Perth,2026-02-06
SKU-APPA-02208,443,Melbourne,2026-06-25
SKU-TOYS-06959,178,Sydney,2026-05-26
SKU-HEAL-11140,5,Christchurch,2026-02-03
SKU-SPOR-04641,213,Sydney,2026-07-02
SKU-APPA-02001,275,Auckland,2026-07-03
SKU-SPOR-04739,348,Melbourne,2026-02-18
SKU-BEAU-05222,480,Wellington,2026-02-06
SKU-TOYS-07093,14,Adelaide,2026-01-04
SKU-AUTO-08300,121,Brisbane,2026-06-26
SKU-BEAU-05914,70,Brisbane,2026-04-15
SKU-HEAL-11077,30,Wellington,2026-07-09
SKU-HOME-03117,176,Christchurch,2026-04-14
SKU-APPA-01412,344,Wellington,2026-03-09
SKU-HEAL-11001,11,Auckland,2026-04-19
SKU-HOME-03341,236,Auckland,2026-02-22
SKU-TOYS-06387,410,Wellington,2026-03-26
SKU-GROC-08744,282,Christchurch,2026-07-12
SKU-APPA-01869,183,Wellington,2026-01-21
SKU-SPOR-03918,85,Christchurch,2026-02-15
SKU-ELEC-00313,392,Melbourne,2026-03-11
SKU-ELEC-00083,131,Wellington,2026-05-08
SKU-OFFI-09749,134,Christchurch,2026-01-16
SKU-GROC-09249,328,Melbourne,2026-06-04
SKU-OFFI-10242,226,Perth,2026-03-07
SKU-OFFI-09766,,Christchurch,2026-07-07
SKU-AUTO-07701,175,Wellington,2026-03-09
SKU-ELEC-00835,367,Perth,2026-02-26
SKU-GROC-08440,332,Wellington,2026-01-15
SKU-SPOR-04231,108,Sydney,2026-03-08
SKU-APPA-01925,453,Melbourne,2026-05-08
SKU-HEAL-11623,14,Christchurch,2026-03-22
SKU-GROC-09451,455,Wellington,2026-05-08
SKU-APPA-01381,28,Perth,2026-04-10
SKU-APPA-01480,67,Christchurch,2026-06-11
SKU-GROC-08639,1,Sydney,2026-01-06
SKU-TOYS-06675,398,Adelaide,2026-06-01
SKU-GROC-09586,,Brisbane,2026-04-28
SKU-GROC-09073,312,Sydney,2026-06-13
SKU-HOME-02420,205,Perth,2026-03-26
SKU-GROC-08726,102,Adelaide,2026-05-20
SKU-OFFI-10742,,Melbourne,2026-03-24
SKU-SPOR-04611,213,Adelaide,2026-01-23
SKU-HEAL-11985,403,Brisbane,2026-04-17
SKU-AUTO-08238,396,Melbourne,2026-07-23
SKU-AUTO-07926,86,Adelaide,2026-01-22
SKU-APPA-01812,131,Sydney,2026-04-16
SKU-SPOR-04757,246,Adelaide,2026-01-12
SKU-HOME-02780,58,Perth,2026-03-20
SKU-ELEC-00223,427,Brisbane,2026-07-13
SKU-SPOR-04498,,Adelaide,2026-07-24
SKU-GROC-08772,368,Christchurch,2026-03-16
SKU-BEAU-05535,444,Perth,2026-01-12
SKU-HEAL-11720,318,Perth,2026-01-17
SKU-BEAU-05510,400,Perth,2026-04-22
SKU-SPOR-04710,275,Melbourne,2026-03-09
SKU-HEAL-11634,420,Auckland,2026-01-17
SKU-ELEC-00698,369,Brisbane,2026-03-10
SKU-BEAU-05473,23,Sydney,2026-02-16
SKU-HOME-03034,460,Melbourne,2026-06-09
SKU-ELEC-00231,31,Brisbane,2026-03-14
SKU-BEAU-05634,,Perth,2026-07-17
SKU-HEAL-11862,177,Perth,2026-02-04
SKU-AUTO-07857,134,Sydney,2026-07-11
SKU-BEAU-05857,275,Melbourne,2026-01-01
SKU-HEAL-11253,350,Melbourne,2026-04-20
SKU-AUTO-08335,268,Wellington,2026-05-24
SKU-GROC-09357,114,Brisbane,2026-03-13
SKU-APPA-02053,41,Christchurch,2026-03-27
SKU-GROC-08693,265,Auckland,2026-03-15
SKU-ELEC-00907,223,Auckland,2026-03-20
SKU-HOME-02659,184,Adelaide,2026-03-28
SKU-ELEC-00070,109,Christchurch,2026-01-15
SKU-TOYS-06659,318,Sydney,2026-04-27
SKU-AUTO-08176,400,Wellington,2026-03-20
SKU-GROC-08991,158,Auckland,2026-07-01
SKU-TOYS-06857,86,Perth,2026-05-18
SKU-BEAU-05140,10,Adelaide,2026-01-28
SKU-APPA-02343,488,Adelaide,2026-04-20
SKU-SPOR-04560,54,Wellington,2026-05-24
SKU-SPOR-03897,301,Melbourne,2026-07-01
SKU-APPA-01561,438,Sydney,2026-02-08
SKU-HEAL-11772,481,Melbourne,2026-03-08
SKU-BEAU-05417,72,Adelaide,2026-01-21
SKU-ELEC-00492,301,Sydney,2026-04-25
SKU-GROC-09213,203,Christchurch,2026-07-22
SKU-TOYS-06074,,Adelaide,2026-02-18
SKU-HOME-02925,308,Auckland,2026-07-24
SKU-TOYS-06805,469,Melbourne,2026-06-03
SKU-TOYS-06431,299,Auckland,2026-07-06
SKU-APPA-02012,206,Christchurch,2026-06-18
SKU-GROC-09453,70,Sydney,2026-06-13
SKU-BEAU-05639,217,Adelaide,2026-01-20
SKU-GROC-08584,349,Melbourne,2026-05-25
SKU-TOYS-06513,220,Wellington,2026-06-20
SKU-ELEC-00858,92,Christchurch,2026-05-24
SKU-HEAL-11598,472,Adelaide,2026-03-27
SKU-TOYS-06280,495,Wellington,2026-06-19
SKU-APPA-01350,77,Adelaide,2026-02-24
SKU-GROC-08754,210,Melbourne,2026-01-17
SKU-ELEC-00376,433,Adelaide,2026-03-02
SKU-GROC-08625,424,Christchurch,2026-05-26
SKU-OFFI-09823,26,Melbourne,2026-04-17
SKU-SPOR-03867,223,Sydney,2026-04-04
SKU-AUTO-08247,264,Wellington,2026-05-04
SKU-HEAL-10925,277,Wellington,2026-07-23
SKU-AUTO-07443,427,Perth,2026-03-08
SKU-OFFI-10367,93,Perth,2026-03-05
SKU-APPA-01648,23,Wellington,2026-06-02
SKU-BEAU-05946,168,Sydney,2026-04-05
SKU-TOYS-06139,13,Auckland,2026-01-12
SKU-HOME-02546,114,Sydney,2026-05-14
SKU-APPA-02318,455,Wellington,2026-07-14
SKU-BEAU-04987,383,Auckland,2026-03-17
SKU-APPA-02178,140,Wellington,2026-04-15
SKU-HOME-02444,491,Sydney,2026-04-28
SKU-APPA-02107,416,Wellington,2026-04-03
SKU-OFFI-10047,141,Melbourne,2026-03-21
SKU-HEAL-11523,244,Sydney,2026-03-27
SKU-ELEC-00311,465,Auckland,2026-06-23
SKU-AUTO-07906,147,Melbourne,2026-05-17
SKU-BEAU-04971,27,Perth,2026-01-21
SKU-GROC-09567,364,Auckland,2026-06-28
SKU-ELEC-00102,136,Melbourne,2026-07-14
SKU-AUTO-07991,480,Auckland,2026-03-14
SKU-OFFI-10108,286,Auckland,2026-03-13
SKU-ELEC-00088,396,Adelaide,2026-05-11
SKU-TOYS-07172,370,Auckland,2026-07-22
SKU-OFFI-09825,15,Brisbane,2026-04-10
SKU-SPOR-04657,310,Adelaide,2026-01-19
SKU-AUTO-07971,61,Christchurch,2026-04-10
SKU-BEAU-05059,288,Wellington,2026-05-12
SKU-OFFI-10280,10,Brisbane,2026-07-21
SKU-APPA-02320,247,Auckland,2026-04-12
SKU-TOYS-06464,216,Adelaide,2026-06-14
SKU-TOYS-07114,320,Perth,2026-03-11
SKU-APPA-02050,371,Auckland,2026-01-13
SKU-BEAU-05265,113,Sydney,2026-04-15
SKU-ELEC-00064,145,Melbourne,2026-03-28
SKU-OFFI-09633,,Adelaide,2026-01-01
SKU-ELEC-00993,170,Christchurch,2026-01-18
SKU-ELEC-00828,378,Adelaide,2026-06-02
SKU-AUTO-08262,315,Sydney,2026-04-27
SKU-OFFI-10569,216,Brisbane,2026-03-05
SKU-AUTO-08108,131,Sydney,2026-01-08
SKU-GROC-09180,280,Sydney,2026-02-05
SKU-BEAU-05235,411,Perth,2026-07-07
SKU-BEAU-05032,50,Melbourne,2026-05-17
SKU-TOYS-07050,456,Christchurch,2026-07-27
SKU-HEAL-11215,364,Christchurch,2026-03-12
SKU-AUTO-07467,239,Perth,2026-07-14
SKU-OFFI-10494,174,Sydney,2026-03-09
SKU-BEAU-05701,271,Brisbane,2026-03-02
SKU-BEAU-05311,257,Auckland,2026-06-10
SKU-GROC-09262,140,Perth,2026-03-07
SKU-BEAU-04811,277,Perth,2026-01-09
SKU-SPOR-04789,298,Auckland,2026-02-20
SKU-HOME-03185,450,Perth,2026-01-14
SKU-AUTO-07574,355,Brisbane,2026-06-07
SKU-AUTO-07650,67,Sydney,2026-05-16
SKU-AUTO-07357,384,Auckland,2026-02-15
SKU-HEAL-11632,305,Wellington,2026-06-06
SKU-HOME-03554,184,Melbourne,2026-04-04
SKU-APPA-02130,,Melbourne,2026-06-24
SKU-AUTO-07294,152,Brisbane,2026-07-03
SKU-TOYS-06855,21,Brisbane,2026-02-17
SKU-GROC-08444,467,Wellington,2026-05-06
SKU-BEAU-04951,243,Wellington,2026-03-26
SKU-TOYS-06560,136,Sydney,2026-01-21
SKU-HOME-02752,348,Sydney,2026-05-16
SKU-HEAL-11456,352,Christchurch,2026-02-18
SKU-OFFI-09907,232,Wellington,2026-07-04
SKU-AUTO-07703,252,Christchurch,2026-04-21
SKU-HOME-02773,415,Sydney,2026-02-10
SKU-OFFI-10789,347,Auckland,2026-07-27
SKU-GROC-08645,404,Melbourne,2026-02-25
SKU-ELEC-01148,412,Auckland,2026-01-23
SKU-ELEC-01031,342,Brisbane,2026-04-06
SKU-HEAL-11009,235,Adelaide,2026-07-25
SKU-SPOR-03802,26,Brisbane,2026-04-08
SKU-BEAU-04982,,Wellington,2026-06-28
SKU-OFFI-10792,373,Adelaide,2026-07-08
SKU-BEAU-05056,,Perth,2026-04-12
SKU-HOME-02893,232,Auckland,2026-07-18
SKU-BEAU-05617,287,Perth,2026-06-24
SKU-BEAU-05945,443,Adelaide,2026-03-22
SKU-APPA-01809,267,Auckland,2026-07-12
SKU-GROC-08510,143,Christchurch,2026-01-11
SKU-AUTO-08255,326,Melbourne,2026-05-20
SKU-GROC-09307,427,Wellington,2026-06-05
SKU-ELEC-00892,81,Perth,2026-04-20
SKU-OFFI-10799,73,Auckland,2026-07-15
SKU-SPOR-03860,220,Christchurch,2026-06-14
SKU-OFFI-10631,143,Adelaide,2026-03-27
SKU-SPOR-03704,127,Sydney,2026-07-09
SKU-APPA-01744,,Brisbane,2026-04-05
SKU-HOME-02785,45,Melbourne,2026-02-03
SKU-TOYS-07004,283,Adelaide,2026-04-06
SKU-HEAL-11797,,Auckland,2026-05-07
SKU-APPA-02335,,Christchurch,2026-07-14
SKU-APPA-01805,86,Christchurch,2026-01-05
SKU-SPOR-04570,191,Melbourne,2026-03-28
SKU-BEAU-04815,301,Perth,2026-05-13
SKU-APPA-02267,107,Sydney,2026-05-04
SKU-APPA-02169,313,Sydney,2026-04-08
SKU-HOME-02575,243,Perth,2026-06-23
SKU-BEAU-05997,51,Brisbane,2026-04-10
SKU-GROC-08607,234,Brisbane,2026-05-09
SKU-GROC-09283,254,Adelaide,2026-06-28
SKU-BEAU-05393,203,Perth,2026-07-01
SKU-HOME-03435,165,Brisbane,2026-01-04
SKU-TOYS-06863,,Perth,2026-03-14
SKU-ELEC-00687,231,Auckland,2026-01-26
SKU-GROC-09411,6,Brisbane,2026-02-09
SKU-ELEC-00821,201,Wellington,2026-04-08
SKU-HOME-03120,480,Melbourne,2026-03-20
SKU-BEAU-05758,,Melbourne,2026-03-15
SKU-AUTO-07427,282,Christchurch,2026-07-01
SKU-TOYS-06658,325,Brisbane,2026-03-04
SKU-ELEC-00408,233,Melbourne,2026-02-17
SKU-ELEC-00756,151,Auckland,2026-07-13
SKU-BEAU-05888,95,Brisbane,2026-04-04
SKU-BEAU-05353,437,Brisbane,2026-06-26
SKU-APPA-01490,296,Adelaide,2026-03-12
SKU-APPA-02389,169,Adelaide,2026-07-14
SKU-ELEC-01062,108,Christchurch,2026-07-16
SKU-SPOR-03685,441,Perth,2026-05-28
SKU-HOME-03333,422,Auckland,2026-03-11
SKU-APPA-01517,37,Adelaide,2026-05-27
SKU-OFFI-09852,18,Sydney,2026-02-12
SKU-ELEC-00117,244,Christchurch,2026-04-01
SKU-OFFI-10469,349,Brisbane,2026-07-23
SKU-APPA-01691,412,Melbourne,2026-04-27
SKU-HEAL-11229,68,Auckland,2026-07-26
SKU-APPA-01601,195,Adelaide,2026-01-04
SKU-GROC-09019,288,Wellington,2026-03-02
SKU-HEAL-11888,175,Wellington,2026-05-06
SKU-AUTO-08125,280,Perth,2026-07-18
SKU-GROC-08646,365,Adelaide,2026-04-05
SKU-APPA-01538,127,Auckland,2026-05-14
SKU-OFFI-10691,163,Wellington,2026-01-13
SKU-GROC-08778,95,Adelaide,2026-07-17
SKU-TOYS-06705,344,Brisbane,2026-03-23
SKU-TOYS-06377,468,Wellington,2026-06-23
SKU-APPA-01694,53,Perth,2026-04-16
SKU-TOYS-06230,143,Auckland,2026-05-12
SKU-SPOR-04477,4,Brisbane,2026-05-16
SKU-AUTO-07255,126,Melbourne,2026-04-22
SKU-TOYS-07001,,Brisbane,2026-04-17
SKU-SPOR-04489,462,Adelaide,2026-07-20
SKU-HOME-02513,236,Adelaide,2026-06-06
SKU-ELEC-00953,295,Wellington,2026-01-10
SKU-BEAU-05305,51,Sydney,2026-03-07
SKU-AUTO-07801,113,Sydney,2026-03-21
SKU-SPOR-04719,460,Melbourne,2026-04-03
SKU-SPOR-04120,258,Wellington,2026-07-24
SKU-TOYS-07013,81,Adelaide,2026-04-05
SKU-GROC-09476,170,Christchurch,2026-01-14
SKU-OFFI-09762,197,Melbourne,2026-05-17
SKU-APPA-01953,115,Brisbane,2026-04-07
SKU-AUTO-07949,281,Adelaide,2026-02-18
SKU-AUTO-07715,,Melbourne,2026-05-02
SKU-OFFI-10487,482,Melbourne,2026-07-03
SKU-APPA-01503,56,Melbourne,2026-07-25
SKU-HOME-03006,222,Adelaide,2026-02-21
SKU-GROC-09126,16,Wellington,2026-05-15
SKU-HOME-02842,98,Perth,2026-03-04
SKU-OFFI-10442,27,Melbourne,2026-02-10
SKU-SPOR-03953,424,Melbourne,2026-04-03
SKU-BEAU-05746,372,Adelaide,2026-07-02
SKU-HEAL-11850,288,Perth,2026-06-23
SKU-OFFI-10275,139,Auckland,2026-04-04
SKU-OFFI-09997,144,Sydney,2026-05-12
SKU-SPOR-03955,22,Perth,2026-03-27
SKU-ELEC-01174,296,Adelaide,2026-07-23
SKU-AUTO-07563,418,Auckland,2026-03-16
SKU-HEAL-11329,461,Melbourne,2026-07-19
SKU-OFFI-10510,270,Adelaide,2026-01-21
SKU-APPA-02317,3,Wellington,2026-04-02
SKU-BEAU-05794,64,Adelaide,2026-01-19
SKU-BEAU-05851,330,Auckland,2026-03-10
SKU-HEAL-11058,183,Auckland,2026-01-27
SKU-ELEC-00832,459,Melbourne,2026-04-28
SKU-HEAL-11730,68,Adelaide,2026-03-11
SKU-BEAU-05455,,Adelaide,2026-06-06
SKU-APPA-02203,82,Brisbane,2026-02-01
SKU-HOME-03582,395,Perth,2026-05-23
SKU-AUTO-07554,335,Sydney,2026-03-13
SKU-ELEC-00741,276,Auckland,2026-03-13
SKU-HOME-03144,373,Sydney,2026-04-22
SKU-SPOR-03711,103,Melbourne,2026-03-13
SKU-APPA-02087,413,Brisbane,2026-04-03
SKU-AUTO-08079,115,Adelaide,2026-07-28
SKU-TOYS-06015,334,Melbourne,2026-02-17
SKU-SPOR-04288,320,Adelaide,2026-01-09
SKU-OFFI-10426,214,Adelaide,2026-04-21
SKU-HEAL-11806,179,Auckland,2026-01-07
SKU-HOME-03264,186,Auckland,2026-05-16
SKU-BEAU-04965,64,Melbourne,2026-07-02
SKU-GROC-09351,109,Wellington,2026-03-22
SKU-HOME-03532,94,Adelaide,2026-01-21
SKU-OFFI-09677,266,Perth,2026-02-20
SKU-OFFI-10417,222,Melbourne,2026-03-13
SKU-BEAU-05071,379,Christchurch,2026-07-02
SKU-APPA-01316,447,Sydney,2026-05-04
SKU-HOME-02729,88,Brisbane,2026-03-14
SKU-BEAU-04855,113,Christchurch,2026-04-23
SKU-HOME-03402,,Adelaide,2026-04-12
SKU-GROC-09161,341,Auckland,2026-03-02
SKU-GROC-09209,491,Wellington,2026-06-02
SKU-OFFI-09816,20,Auckland,2026-06-17
SKU-HOME-02493,40,Melbourne,2026-07-13
SKU-GROC-09439,286,Brisbane,2026-01-22
SKU-TOYS-06514,450,Sydney,2026-05-01
SKU-AUTO-08067,489,Wellington,2026-03-01
SKU-APPA-02101,8,Auckland,2026-04-18
SKU-HEAL-10914,361,Melbourne,2026-06-04
SKU-AUTO-08020,1,Adelaide,2026-07-16
SKU-HOME-03019,149,Christchurch,2026-03-19
SKU-HOME-02828,461,Brisbane,2026-03-13
SKU-APPA-02124,471,Melbourne,2026-04-11
SKU-AUTO-07942,333,Auckland,2026-03-22
SKU-SPOR-03757,187,Auckland,2026-01-14
SKU-BEAU-04997,353,Brisbane,2026-03-10
SKU-APPA-01496,41,Adelaide,2026-04-07
SKU-HEAL-11422,34,Wellington,2026-07-18
SKU-AUTO-08267,34,Adelaide,2026-03-28
SKU-BEAU-05137,400,Adelaide,2026-02-16
SKU-HEAL-11020,443,Auckland,2026-04-19
SKU-OFFI-10051,350,Auckland,2026-01-28
SKU-AUTO-07956,432,Auckland,2026-07-13
SKU-AUTO-07883,172,Adelaide,2026-07-19
SKU-AUTO-07620,183,Auckland,2026-01-01
SKU-GROC-08521,34,Wellington,2026-05-03
SKU-TOYS-06118,84,Auckland,2026-04-15
SKU-HEAL-11483,389,Auckland,2026-03-28
SKU-GROC-08518,240,Wellington,2026-03-26
SKU-TOYS-07042,27,Auckland,2026-06-08
SKU-SPOR-04535,310,Sydney,2026-01-03
SKU-HEAL-11666,314,Perth,2026-02-13
SKU-HOME-02620,121,Wellington,2026-01-07
SKU-HOME-02941,147,Adelaide,2026-03-12
SKU-HOME-03330,451,Adelaide,2026-04-07
SKU-GROC-09505,475,Perth,2026-07-02
SKU-OFFI-10783,302,Sydney,2026-03-16
SKU-OFFI-09922,110,Adelaide,2026-06-11
SKU-ELEC-01177,313,Adelaide,2026-01-15
SKU-OFFI-10441,435,Brisbane,2026-05-23
SKU-BEAU-04903,80,Adelaide,2026-02-02
SKU-AUTO-07321,31,Wellington,2026-07-15
SKU-BEAU-05233,240,Brisbane,2026-07-07
SKU-SPOR-04176,385,Sydney,2026-01-09
SKU-HEAL-11600,314,Brisbane,2026-07-17
SKU-OFFI-10195,48,Perth,2026-05-21
SKU-OFFI-10628,441,Christchurch,2026-05-25
SKU-BEAU-05044,126,Christchurch,2026-05-20
SKU-TOYS-06578,114,Wellington,2026-05-24
SKU-HEAL-10976,333,Auckland,2026-07-02
SKU-AUTO-07561,15,Wellington,2026-07-24
SKU-BEAU-05610,26,Perth,2026-02-06
SKU-AUTO-07903,,Perth,2026-04-11
SKU-BEAU-05046,483,Perth,2026-05-25
SKU-AUTO-07363,425,Adelaide,2026-01-20
SKU-TOYS-06186,0,Wellington,2026-04-12
SKU-HOME-03096,81,Perth,2026-06-03
SKU-BEAU-05039,441,Auckland,2026-02-22
SKU-ELEC-00848,382,Sydney,2026-06-04
SKU-OFFI-10660,302,Wellington,2026-05-24
SKU-OFFI-09958,159,Auckland,2026-02-18
SKU-SPOR-03863,383,Brisbane,2026-01-23
SKU-OFFI-09635,427,Melbourne,2026-02-20
SKU-SPOR-03710,9,Auckland,2026-02-13
SKU-BEAU-05108,240,Auckland,2026-01-09
SKU-OFFI-09811,386,Sydney,2026-02-10
SKU-AUTO-08343,263,Christchurch,2026-03-24
SKU-TOYS-06501,122,Auckland,2026-07-02
SKU-GROC-09222,228,Auckland,2026-02-28
SKU-OFFI-10563,207,Sydney,2026-07-26
SKU-APPA-02370,455,Brisbane,2026-02-24
SKU-HEAL-11063,285,Perth,2026-02-14
SKU-OFFI-09629,305,Christchurch,2026-05-07
SKU-SPOR-04329,345,Brisbane,2026-03-07
SKU-AUTO-07594,,Perth,2026-02-21
SKU-BEAU-05259,,Christchurch,2026-02-01
SKU-HOME-02684,52,Sydney,2026-02-28
SKU-APPA-01281,284,Adelaide,2026-06-22
SKU-BEAU-05175,110,Melbourne,2026-01-21
SKU-GROC-09276,255,Wellington,2026-02-23
SKU-GROC-08446,123,Auckland,2026-06-13
SKU-HEAL-11275,407,Wellington,2026-03-15
SKU-SPOR-04717,207,Adelaide,2026-02-25
SKU-AUTO-07749,274,Sydney,2026-01-22
SKU-TOYS-06728,327,Brisbane,2026-07-05
SKU-AUTO-08205,331,Perth,2026-04-19
SKU-OFFI-10007,176,Adelaide,2026-04-11
SKU-BEAU-04888,310,Adelaide,2026-06-21
SKU-AUTO-07275,272,Adelaide,2026-02-18
SKU-HOME-03177,266,Adelaide,2026-02-26
SKU-APPA-01681,22,Auckland,2026-06-12
SKU-AUTO-07455,252,Wellington,2026-01-22
SKU-HEAL-11636,403,Adelaide,2026-01-15
SKU-APPA-01895,,Adelaide,2026-02-03
SKU-BEAU-05300,101,Perth,2026-04-26
SKU-SPOR-04647,80,Melbourne,2026-03-04
SKU-ELEC-00811,405,Perth,2026-02-20
SKU-GROC-08541,481,Sydney,2026-05-16
SKU-OFFI-10219,114,Wellington,2026-02-08
SKU-AUTO-07423,261,Brisbane,2026-04-16
SKU-HOME-03569,246,Adelaide,2026-06-26
SKU-SPOR-04517,400,Auckland,2026-06-26
SKU-APPA-01930,240,Wellington,2026-02-14
SKU-HOME-02517,416,Perth,2026-01-23
SKU-SPOR-03848,352,Christchurch,2026-05-26
SKU-SPOR-04028,328,Wellington,2026-05-16
SKU-TOYS-06971,57,Auckland,2026-01-02
SKU-GROC-09313,371,Melbourne,2026-07-25
SKU-BEAU-05239,191,Wellington,2026-05-18
SKU-TOYS-06060,186,Wellington,2026-03-17
SKU-SPOR-03609,451,Auckland,2026-07-25
SKU-SPOR-04056,190,Christchurch,2026-04-07
SKU-SPOR-03872,333,Sydney,2026-05-28
SKU-AUTO-07567,499,Melbourne,2026-04-28
SKU-GROC-09562,,Perth,2026-03-15
SKU-AUTO-08005,,Adelaide,2026-07-26
SKU-HEAL-11196,,Perth,2026-07-08
SKU-HEAL-11113,430,Auckland,2026-04-28
SKU-GROC-09195,462,Wellington,2026-06-17
SKU-SPOR-03893,479,Auckland,2026-01-09
SKU-SPOR-04130,332,Melbourne,2026-06-14
SKU-OFFI-09644,408,Brisbane,2026-01-08
SKU-ELEC-01147,385,Brisbane,2026-06-14
SKU-GROC-09322,74,Brisbane,2026-06-19
SKU-TOYS-06529,147,Perth,2026-02-08
SKU-TOYS-06875,5,Adelaide,2026-02-13
SKU-ELEC-00608,377,Christchurch,2026-04-14
SKU-OFFI-09904,425,Adelaide,2026-04-02
SKU-GROC-08510,143,Christchurch,2026-01-11
SKU-ELEC-00696,49,Brisbane,2026-03-21
SKU-APPA-02218,411,Auckland,2026-06-13
SKU-GROC-09172,225,Brisbane,2026-04-28
SKU-HOME-03588,83,Christchurch,2026-01-17
SKU-APPA-01241,362,Sydney,2026-07-19
SKU-OFFI-10768,132,Christchurch,2026-02-27
SKU-HEAL-10942,160,Wellington,2026-01-13
SKU-SPOR-03625,162,Auckland,2026-01-24
SKU-HOME-02615,154,Sydney,2026-03-04
SKU-BEAU-04850,416,Christchurch,2026-05-27
SKU-HOME-02767,93,Brisbane,2026-07-27
SKU-HOME-03556,197,Perth,2026-03-18
SKU-ELEC-00621,74,Brisbane,2026-03-04
SKU-BEAU-04828,284,Sydney,2026-05-22
SKU-AUTO-07939,0,Melbourne,2026-05-03
SKU-HEAL-10846,239,Adelaide,2026-06-13
SKU-AUTO-07201,69,Wellington,2026-04-17
SKU-SPOR-04241,63,Wellington,2026-07-25
SKU-GROC-09298,76,Sydney,2026-06-22
SKU-ELEC-00928,151,Wellington,2026-06-28
SKU-GROC-08720,261,Sydney,2026-05-22
SKU-BEAU-05378,54,Melbourne,2026-05-10
SKU-SPOR-04541,311,Wellington,2026-07-23
SKU-BEAU-05743,239,Adelaide,2026-05-08
SKU-SPOR-03894,388,Brisbane,2026-07-22
SKU-TOYS-06922,294,Brisbane,2026-04-06
SKU-HOME-02704,243,Sydney,2026-03-27
SKU-GROC-09526,85,Christchurch,2026-03-27
SKU-HOME-02945,213,Adelaide,2026-04-16
SKU-HEAL-11516,373,Perth,2026-04-11
SKU-GROC-09196,467,Christchurch,2026-06-09
SKU-AUTO-07211,224,Sydney,2026-06-11
SKU-HOME-02441,97,Auckland,2026-04-20
SKU-SPOR-03842,16,Wellington,2026-02-25
SKU-SPOR-04133,6,Adelaide,2026-02-06
SKU-AUTO-07901,155,Auckland,2026-04-20
SKU-APPA-02371,439,Sydney,2026-07-16
SKU-ELEC-00247,164,Perth,2026-01-21
SKU-ELEC-00689,169,Perth,2026-02-01
SKU-GROC-08443,94,Wellington,2026-04-20
SKU-ELEC-00347,29,Christchurch,2026-05-12
SKU-ELEC-00733,322,Wellington,2026-01-25
SKU-ELEC-00137,370,Wellington,2026-07-11
SKU-AUTO-07790,29,Perth,2026-04-01
SKU-GROC-09246,302,Perth,2026-02-09
SKU-BEAU-05310,114,Adelaide,2026-04-06
SKU-OFFI-09936,481,Auckland,2026-01-25
SKU-HEAL-11733,305,Perth,2026-05-17
SKU-GROC-09260,75,Sydney,2026-03-20
SKU-HOME-03128,414,Auckland,2026-04-20
SKU-GROC-08604,248,Melbourne,2026-07-21
SKU-AUTO-07406,335,Wellington,2026-06-11
SKU-BEAU-05477,494,Wellington,2026-07-10
SKU-APPA-02058,34,Brisbane,2026-02-18
SKU-HEAL-11939,216,Wellington,2026-04-12
SKU-GROC-08799,,Christchurch,2026-07-22
SKU-ELEC-01196,357,Wellington,2026-03-18
SKU-BEAU-05817,390,Christchurch,2026-06-11
SKU-HOME-02842,98,Perth,2026-03-04
SKU-HOME-02631,57,Brisbane,2026-02-08
SKU-APPA-01456,336,Wellington,2026-07-02
SKU-GROC-08965,320,Sydney,2026-05-11
SKU-APPA-01348,110,Sydney,2026-05-17
SKU-BEAU-05571,455,Sydney,2026-02-03
SKU-SPOR-03642,242,Adelaide,2026-03-14
SKU-GROC-09113,443,Christchurch,2026-02-13
SKU-OFFI-09732,198,Brisbane,2026-03-08
SKU-APPA-01435,298,Perth,2026-07-17
SKU-OFFI-10755,8,Christchurch,2026-05-08
SKU-HEAL-11318,433,Christchurch,2026-01-27
SKU-TOYS-06408,285,Perth,2026-01-25
SKU-AUTO-08199,174,Wellington,2026-07-06
SKU-OFFI-10117,448,Christchurch,2026-03-02
SKU-HEAL-11233,249,Sydney,2026-01-02
SKU-SPOR-04746,369,Melbourne,2026-03-02
SKU-APPA-02259,420,Melbourne,2026-03-28
SKU-AUTO-08058,403,Adelaide,2026-05-12
SKU-SPOR-04239,412,Sydney,2026-05-11
SKU-HOME-03276,57,Auckland,2026-03-07
SKU-TOYS-06511,313,Melbourne,2026-05-10
SKU-SPOR-04286,336,Christchurch,2026-07-10
SKU-OFFI-10013,440,Auckland,2026-06-05
SKU-ELEC-01017,240,Wellington,2026-04-01
SKU-SPOR-03626,485,Melbourne,2026-02-08
SKU-APPA-02220,453,Wellington,2026-04-01
SKU-SPOR-04352,137,Perth,2026-01-04
SKU-APPA-02202,189,Auckland,2026-06-12
SKU-APPA-01646,188,Sydney,2026-06-22
SKU-HEAL-11958,257,Perth,2026-05-19
SKU-OFFI-09736,292,Perth,2026-01-03
SKU-ELEC-00268,89,Melbourne,2026-05-16
SKU-SPOR-03630,256,Adelaide,2026-04-26
SKU-HEAL-11701,17,Sydney,2026-05-12
SKU-HEAL-10941,159,Melbourne,2026-07-10
SKU-GROC-09066,182,Adelaide,2026-07-18
SKU-GROC-09379,361,Adelaide,2026-03-22
SKU-OFFI-09754,345,Perth,2026-02-06
SKU-TOYS-06105,182,Sydney,2026-01-25
SKU-SPOR-04472,119,Wellington,2026-07-05
SKU-APPA-01979,48,Perth,2026-02-02
SKU-ELEC-01158,190,Auckland,2026-07-01
SKU-HEAL-11181,259,Wellington,2026-02-25
SKU-TOYS-06106,29,Adelaide,2026-03-22
SKU-AUTO-07250,13,Perth,2026-02-01
SKU-APPA-01674,113,Perth,2026-07-16
SKU-OFFI-09846,392,Brisbane,2026-04-04
SKU-AUTO-07809,304,Sydney,2026-06-12
SKU-APPA-01434,310,Melbourne,2026-05-17
SKU-GROC-08872,161,Auckland,2026-04-04
SKU-GROC-09402,372,Auckland,2026-02-03
SKU-ELEC-00716,281,Melbourne,2026-06-01
SKU-TOYS-06095,471,Sydney,2026-07-25
SKU-APPA-01421,,Adelaide,2026-07-14
SKU-BEAU-04803,441,Brisbane,2026-04-11
SKU-HOME-02443,187,Wellington,2026-04-01
SKU-HEAL-11626,390,Adelaide,2026-01-25
SKU-HEAL-11885,435,Adelaide,2026-04-03
SKU-AUTO-07870,154,Christchurch,2026-01-01
SKU-SPOR-04042,318,Sydney,2026-04-08
SKU-AUTO-08214,138,Auckland,2026-01-18
SKU-GROC-09518,,Sydney,2026-03-03
SKU-BEAU-05836,448,Adelaide,2026-06-21
SKU-HOME-02649,,Adelaide,2026-05-17
SKU-APPA-01988,479,Adelaide,2026-04-14
SKU-OFFI-09670,25,Wellington,2026-07-04
SKU-HOME-03093,145,Perth,2026-03-28
SKU-OFFI-09930,224,Sydney,2026-03-03
SKU-TOYS-06851,389,Auckland,2026-07-25
SKU-SPOR-03693,82,Auckland,2026-04-01
SKU-TOYS-06333,376,Brisbane,2026-03-03
SKU-OFFI-09885,467,Brisbane,2026-06-10
SKU-AUTO-07489,210,Christchurch,2026-02-09
SKU-GROC-09176,386,Perth,2026-01-02
SKU-ELEC-01095,70,Wellington,2026-01-23
SKU-APPA-01509,137,Adelaide,2026-07-22
SKU-TOYS-06232,313,Christchurch,2026-04-05
SKU-TOYS-06291,406,Brisbane,2026-02-22
SKU-AUTO-07718,328,Brisbane,2026-02-03
SKU-HOME-03241,271,Perth,2026-01-11
SKU-ELEC-01082,174,Sydney,2026-07-11
SKU-HEAL-11013,105,Auckland,2026-03-20
SKU-TOYS-06165,137,Wellington,2026-04-04
SKU-APPA-01207,266,Christchurch,2026-06-11
SKU-TOYS-06888,181,Auckland,2026-05-19
SKU-SPOR-04723,464,Perth,2026-04-22
SKU-GROC-09135,0,Adelaide,2026-06-26
SKU-BEAU-05486,302,Christchurch,2026-07-28
SKU-TOYS-06721,198,Sydney,2026-01-17
SKU-TOYS-06323,113,Adelaide,2026-03-17
SKU-GROC-09460,199,Adelaide,2026-03-20
SKU-HOME-03548,138,Auckland,2026-07-16
SKU-SPOR-03856,188,Sydney,2026-06-17
SKU-ELEC-01133,75,Brisbane,2026-03-22
SKU-APPA-01912,142,Christchurch,2026-06-06
SKU-ELEC-00584,152,Auckland,2026-03-01
SKU-AUTO-07852,135,Melbourne,2026-03-09
SKU-TOYS-06458,52,Adelaide,2026-07-09
SKU-HEAL-11526,60,Auckland,2026-04-18
SKU-BEAU-05279,181,Auckland,2026-06-03
SKU-HEAL-11622,71,Wellington,2026-07-02
SKU-BEAU-05887,45,Brisbane,2026-05-16
SKU-AUTO-08011,263,Sydney,2026-06-04
SKU-TOYS-06760,61,Wellington,2026-06-04
SKU-HOME-02854,434,Christchurch,2026-03-15
SKU-HEAL-11450,334,Brisbane,2026-02-12
SKU-HEAL-10903,20,Sydney,2026-05-12
SKU-ELEC-01176,12,Sydney,2026-02-18
SKU-APPA-02155,248,Melbourne,2026-05-01
SKU-BEAU-04849,378,Wellington,2026-06-23
SKU-APPA-01362,,Perth,2026-04-02
SKU-OFFI-10193,359,Auckland,2026-02-20
SKU-APPA-02123,457,Sydney,2026-02-19
SKU-AUTO-08109,359,Christchurch,2026-01-05
SKU-AUTO-07909,154,Christchurch,2026-03-04
SKU-HOME-02884,331,Adelaide,2026-02-03
SKU-TOYS-06746,478,Wellington,2026-07-14
SKU-SPOR-03950,32,Brisbane,2026-02-11
SKU-APPA-02393,27,Melbourne,2026-05-18
SKU-SPOR-03668,20,Wellington,2026-02-03
SKU-HEAL-10805,350,Adelaide,2026-01-03
SKU-BEAU-05490,142,Auckland,2026-02-18
SKU-OFFI-09657,383,Wellington,2026-04-28
SKU-ELEC-00411,474,Brisbane,2026-03-05
SKU-SPOR-03973,419,Adelaide,2026-04-21
SKU-GROC-08686,288,Adelaide,2026-07-24
SKU-ELEC-00010,338,Perth,2026-03-05
SKU-HOME-02746,425,Brisbane,2026-01-27
SKU-GROC-09462,134,Melbourne,2026-05-12
SKU-OFFI-10066,,Auckland,2026-04-03
SKU-HOME-03482,48,Melbourne,2026-01-23
SKU-TOYS-06672,215,Christchurch,2026-03-18
SKU-AUTO-07516,280,Perth,2026-02-27
SKU-ELEC-00224,,Sydney,2026-01-24
SKU-HOME-02903,190,Auckland,2026-02-07
SKU-AUTO-07321,31,Wellington,2026-07-15
SKU-BEAU-05678,486,Adelaide,2026-03-10
SKU-APPA-01660,498,Sydney,2026-02-27
SKU-HEAL-11226,165,Melbourne,2026-05-13
SKU-GROC-09156,257,Christchurch,2026-04-14
SKU-HEAL-11533,373,Christchurch,2026-05-10
SKU-HOME-02956,47,Melbourne,2026-04-27
SKU-ELEC-00009,262,Melbourne,2026-02-07
SKU-APPA-02163,452,Sydney,2026-02-19
SKU-HEAL-10940,80,Wellington,2026-03-09
SKU-HOME-03529,111,Wellington,2026-03-17
SKU-HOME-03035,,Perth,2026-06-25
SKU-ELEC-00674,144,Perth,2026-06-01
SKU-HOME-02665,464,Adelaide,2026-01-19
SKU-HOME-02591,286,Sydney,2026-06-20
SKU-TOYS-06652,283,Wellington,2026-04-18
SKU-SPOR-04115,188,Auckland,2026-06-12
SKU-AUTO-07582,265,Melbourne,2026-04-01
SKU-AUTO-07764,483,Sydney,2026-01-08
SKU-TOYS-06935,169,Wellington,2026-07-24
SKU-BEAU-04847,151,Auckland,2026-07-04
SKU-HEAL-11547,203,Sydney,2026-01-06
SKU-AUTO-07697,53,Sydney,2026-04-23
SKU-SPOR-04346,419,Sydney,2026-01-27
SKU-SPOR-04712,331,Melbourne,2026-03-04
SKU-ELEC-01029,279,Wellington,2026-03-11
SKU-AUTO-07994,34,Sydney,2026-05-20
SKU-OFFI-09690,267,Brisbane,2026-05-09
SKU-ELEC-00301,32,Christchurch,2026-04-15
SKU-SPOR-04266,4,Adelaide,2026-01-01
SKU-BEAU-05516,58,Adelaide,2026-07-16
SKU-GROC-09577,63,Perth,2026-05-12
SKU-OFFI-10369,367,Melbourne,2026-06-21
SKU-AUTO-08322,,Auckland,2026-04-03
SKU-BEAU-04896,277,Christchurch,2026-07-25
SKU-OFFI-09826,,Adelaide,2026-02-23
SKU-HEAL-11030,264,Sydney,2026-04-21
SKU-HEAL-11474,452,Christchurch,2026-05-25
SKU-ELEC-00623,128,Auckland,2026-06-27
SKU-APPA-01624,43,Adelaide,2026-01-22
SKU-ELEC-00740,301,Christchurch,2026-03-06
SKU-ELEC-01061,407,Brisbane,2026-01-14
SKU-OFFI-10597,391,Adelaide,2026-01-18
SKU-ELEC-01019,95,Christchurch,2026-01-26
SKU-APPA-02032,,Sydney,2026-06-13
SKU-HEAL-10910,187,Sydney,2026-06-20
SKU-OFFI-10524,315,Christchurch,2026-01-16
SKU-HOME-02745,486,Perth,2026-03-24
SKU-BEAU-04957,377,Wellington,2026-06-19
SKU-APPA-02355,358,Sydney,2026-03-15
SKU-BEAU-05696,6,Perth,2026-02-11
SKU-BEAU-05081,55,Wellington,2026-05-15
SKU-TOYS-06744,40,Auckland,2026-02-12
SKU-SPOR-04561,283,Auckland,2026-03-17
SKU-GROC-08656,301,Brisbane,2026-06-20
SKU-HOME-02820,479,Melbourne,2026-06-11
SKU-APPA-01265,210,Wellington,2026-04-20
SKU-HOME-03591,,Brisbane,2026-02-07
SKU-APPA-01626,483,Perth,2026-06-22
SKU-AUTO-07917,442,Auckland,2026-03-17
SKU-ELEC-01015,343,Sydney,2026-03-03
SKU-ELEC-00033,414,Sydney,2026-05-26
SKU-BEAU-05240,401,Perth,2026-05-16
SKU-APPA-01272,40,Perth,2026-02-09
SKU-HEAL-11115,463,Brisbane,2026-03-20
SKU-GROC-09082,295,Sydney,2026-06-11
SKU-APPA-01765,344,Melbourne,2026-04-07
SKU-GROC-08514,202,Wellington,2026-04-15
SKU-BEAU-05364,392,Melbourne,2026-01-12
SKU-SPOR-04039,457,Perth,2026-04-03
SKU-APPA-02017,56,Sydney,2026-07-15
SKU-HEAL-10948,16,Perth,2026-02-27
SKU-AUTO-08217,248,Melbourne,2026-01-26
SKU-TOYS-06341,50,Melbourne,2026-05-11
SKU-HOME-03357,278,Melbourne,2026-06-22
SKU-SPOR-04390,251,Wellington,2026-06-19
SKU-GROC-09120,18,Melbourne,2026-06-17
SKU-APPA-01915,382,Sydney,2026-04-16
SKU-GROC-09096,260,Sydney,2026-04-03
SKU-ELEC-00036,365,Melbourne,2026-04-24
SKU-ELEC-00692,20,Adelaide,2026-01-22
SKU-SPOR-04112,26,Auckland,2026-02-24
SKU-HOME-03255,319,Auckland,2026-04-22
SKU-BEAU-05687,372,Brisbane,2026-06-20
SKU-HOME-03387,124,Sydney,2026-07-08
SKU-HOME-03305,257,Brisbane,2026-04-06
SKU-TOYS-06923,5,Wellington,2026-03-28
SKU-HOME-02918,120,Christchurch,2026-06-21
SKU-AUTO-08353,455,Sydney,2026-04-10
SKU-APPA-01889,110,Brisbane,2026-03-19
SKU-APPA-02212,495,Wellington,2026-04-23
SKU-OFFI-09692,449,Wellington,2026-06-18
SKU-ELEC-00622,326,Perth,2026-07-28
SKU-ELEC-01022,288,Auckland,2026-06-13
SKU-AUTO-07717,302,Christchurch,2026-04-02
SKU-HEAL-11718,264,Sydney,2026-05-15
SKU-GROC-08425,416,Wellington,2026-06-22
SKU-BEAU-05608,,Christchurch,2026-05-22
SKU-AUTO-07418,155,Wellington,2026-06-26
SKU-ELEC-01016,487,Adelaide,2026-01-24
SKU-SPOR-04316,24,Brisbane,2026-04-21
SKU-GROC-08530,487,Brisbane,2026-02-01
SKU-GROC-09429,380,Auckland,2026-03-06
SKU-TOYS-06945,115,Melbourne,2026-07-01
SKU-BEAU-05963,303,Adelaide,2026-01-22
SKU-APPA-01632,29,Christchurch,2026-04-17
SKU-APPA-01802,437,Wellington,2026-06-27
SKU-HEAL-11593,11,Christchurch,2026-06-18
SKU-HEAL-11054,490,Perth,2026-06-02
SKU-GROC-09220,335,Brisbane,2026-07-21
SKU-SPOR-04454,377,Melbourne,2026-03-13
SKU-ELEC-00475,205,Sydney,2026-06-24
SKU-TOYS-06220,225,Christchurch,2026-02-25
SKU-BEAU-05764,,Perth,2026-05-16
SKU-ELEC-00131,463,Perth,2026-07-02
SKU-HOME-03256,216,Melbourne,2026-01-15
SKU-HEAL-11486,402,Perth,2026-01-27
SKU-OFFI-10357,340,Sydney,2026-01-12
SKU-APPA-02129,73,Auckland,2026-01-06
SKU-SPOR-04098,284,Sydney,2026-04-07
SKU-TOYS-06009,193,Perth,2026-04-25
SKU-TOYS-06059,245,Christchurch,2026-07-07
SKU-HOME-02698,200,Brisbane,2026-03-10
SKU-GROC-09151,123,Sydney,2026-05-19
SKU-ELEC-00855,223,Christchurch,2026-06-28
SKU-ELEC-00489,439,Sydney,2026-05-17
SKU-HEAL-11320,126,Auckland,2026-07-14
SKU-OFFI-10661,0,Adelaide,2026-06-22
SKU-ELEC-01037,439,Wellington,2026-02-04
SKU-AUTO-08124,460,Adelaide,2026-05-02
SKU-OFFI-10432,125,Brisbane,2026-04-11
SKU-ELEC-00288,276,Brisbane,2026-07-14
SKU-HOME-03512,254,Perth,2026-03-26
SKU-ELEC-00947,,Melbourne,2026-04-11
SKU-TOYS-06198,181,Melbourne,2026-06-18
SKU-GROC-08774,251,Brisbane,2026-06-23
SKU-HEAL-11468,247,Brisbane,2026-04-08
SKU-HOME-02675,82,Wellington,2026-04-13
SKU-APPA-01807,195,Christchurch,2026-01-09
SKU-ELEC-00974,100,Wellington,2026-06-09
SKU-HOME-03576,308,Christchurch,2026-06-21
SKU-ELEC-01006,,Auckland,2026-05-20
SKU-AUTO-07961,342,Brisbane,2026-02-08
SKU-APPA-01296,437,Wellington,2026-03-01
SKU-OFFI-10023,113,Brisbane,2026-05-18
SKU-HEAL-11922,251,Sydney,2026-01-07
SKU-HOME-03447,398,Melbourne,2026-06-25
SKU-HEAL-10994,,Brisbane,2026-07-24
SKU-HEAL-11716,99,Sydney,2026-06-14
SKU-OFFI-10033,29,Auckland,2026-03-20
SKU-TOYS-06454,,Auckland,2026-05-25
SKU-TOYS-06433,98,Melbourne,2026-06-03
SKU-OFFI-10109,111,Sydney,2026-07-04
SKU-HEAL-11262,365,Sydney,2026-06-15
SKU-BEAU-05627,209,Wellington,2026-06-27
SKU-BEAU-04907,83,Auckland,2026-05-18
SKU-GROC-09269,236,Perth,2026-06-17
SKU-APPA-01906,372,Auckland,2026-05-14
SKU-GROC-09235,112,Wellington,2026-04-10
SKU-OFFI-09676,342,Perth,2026-07-09
SKU-TOYS-06808,497,Christchurch,2026-02-24
SKU-BEAU-05070,470,Brisbane,2026-02-15
SKU-HOME-02757,332,Brisbane,2026-02-07
SKU-HEAL-11093,299,Christchurch,2026-03-16
SKU-APPA-01939,437,Melbourne,2026-07-19
SKU-HEAL-10921,243,Adelaide,2026-04-06
SKU-BEAU-05206,173,Brisbane,2026-02-19
SKU-ELEC-00814,382,Brisbane,2026-03-23
SKU-SPOR-04424,,Sydney,2026-07-03
SKU-TOYS-06873,103,Melbourne,2026-01-21
SKU-HOME-02734,218,Christchurch,2026-06-11
SKU-HOME-03396,497,Wellington,2026-06-04
SKU-OFFI-10490,326,Sydney,2026-04-08
SKU-APPA-02165,415,Perth,2026-01-08
SKU-TOYS-06449,487,Wellington,2026-07-21
SKU-ELEC-00388,448,Sydney,2026-06-18
SKU-HEAL-11831,157,Brisbane,2026-03-20
SKU-SPOR-04689,278,Auckland,2026-05-25
SKU-APPA-02018,264,Adelaide,2026-04-15
SKU-OFFI-10118,,Wellington,2026-03-07
SKU-AUTO-07345,,Auckland,2026-03-15
SKU-TOYS-06265,241,Wellington,2026-07-25
SKU-HOME-02907,106,Wellington,2026-03-05
SKU-HOME-02972,234,Perth,2026-02-02
SKU-HEAL-11287,314,Christchurch,2026-05-15
SKU-SPOR-03807,150,Perth,2026-05-28
SKU-TOYS-06506,,Christchurch,2026-05-22
SKU-SPOR-04096,395,Auckland,2026-01-19
SKU-ELEC-00784,30,Adelaide,2026-03-01
SKU-GROC-09143,49,Perth,2026-06-12
SKU-OFFI-09636,355,Brisbane,2026-01-21
SKU-TOYS-06467,129,Sydney,2026-01-16
SKU-TOYS-06610,405,Auckland,2026-03-26
SKU-AUTO-07705,,Christchurch,2026-07-08
SKU-TOYS-06272,403,Auckland,2026-05-28
SKU-AUTO-07390,34,Wellington,2026-04-19
SKU-SPOR-04654,382,Brisbane,2026-01-02
SKU-SPOR-03777,22,Wellington,2026-05-10
SKU-ELEC-00587,215,Melbourne,2026-02-10
SKU-AUTO-07459,254,Perth,2026-02-25
SKU-GROC-09265,156,Perth,2026-04-12
SKU-BEAU-04853,354,Brisbane,2026-01-28
SKU-HOME-02835,223,Christchurch,2026-03-26
SKU-ELEC-00027,58,Wellington,2026-07-23
SKU-GROC-08975,307,Christchurch,2026-07-02
SKU-SPOR-04151,79,Wellington,2026-07-16
SKU-APPA-02056,421,Brisbane,2026-06-10
SKU-APPA-01504,125,Melbourne,2026-06-22
SKU-ELEC-00518,196,Christchurch,2026-02-11
SKU-SPOR-04218,250,Perth,2026-06-10
SKU-OFFI-10779,426,Christchurch,2026-06-11
SKU-GROC-09328,393,Sydney,2026-04-02
SKU-ELEC-00415,406,Adelaide,2026-07-05
SKU-GROC-09212,251,Adelaide,2026-03-27
SKU-BEAU-05321,430,Sydney,2026-06-28
SKU-GROC-08502,381,Melbourne,2026-07-15
SKU-HOME-03382,304,Perth,2026-07-08
SKU-HEAL-11277,287,Auckland,2026-06-14
SKU-AUTO-07636,470,Christchurch,2026-04-11
SKU-BEAU-05808,250,Wellington,2026-02-25
SKU-APPA-02231,238,Wellington,2026-06-16
SKU-HOME-03464,279,Christchurch,2026-06-17
SKU-BEAU-04921,127,Christchurch,2026-01-23
SKU-TOYS-06827,342,Auckland,2026-07-01
SKU-BEAU-04954,69,Brisbane,2026-03-03
SKU-AUTO-07612,325,Auckland,2026-07-16
SKU-TOYS-07149,381,Brisbane,2026-05-23
SKU-APPA-02315,370,Adelaide,2026-04-12
SKU-SPOR-04467,298,Christchurch,2026-06-23
SKU-TOYS-06695,475,Adelaide,2026-06-04
SKU-APPA-01515,93,Adelaide,2026-06-28
SKU-ELEC-01087,114,Brisbane,2026-07-16
SKU-GROC-09544,32,Sydney,2026-02-23
SKU-GROC-09468,102,Sydney,2026-07-02
SKU-BEAU-05277,178,Adelaide,2026-07-11
SKU-TOYS-06187,2,Christchurch,2026-01-05
SKU-OFFI-09837,15,Auckland,2026-04-27
SKU-GROC-08694,474,Melbourne,2026-04-22
SKU-ELEC-00022,475,Auckland,2026-02-22
SKU-OFFI-10130,67,Auckland,2026-03-11
SKU-OFFI-10343,178,Christchurch,2026-03-09
SKU-OFFI-09698,100,Adelaide,2026-03-16
SKU-GROC-09545,407,Christchurch,2026-01-05
SKU-ELEC-00730,384,Wellington,2026-03-19
SKU-APPA-01508,214,Perth,2026-04-06
SKU-GROC-08942,276,Christchurch,2026-02-18
SKU-AUTO-08011,263,Sydney,2026-06-04
SKU-GROC-09532,46,Melbourne,2026-04-06
SKU-OFFI-09795,459,Brisbane,2026-02-28
SKU-HEAL-11530,,Melbourne,2026-05-21
SKU-ELEC-00161,471,Sydney,2026-07-21
SKU-HOME-03285,355,Melbourne,2026-01-24
SKU-GROC-08712,333,Wellington,2026-01-05
SKU-AUTO-07793,150,Sydney,2026-03-21
SKU-ELEC-00551,233,Adelaide,2026-02-06
SKU-HOME-02558,,Wellington,2026-06-28
SKU-AUTO-07226,421,Sydney,2026-06-26
SKU-ELEC-00762,38,Christchurch,2026-02-24
SKU-HEAL-11597,456,Melbourne,2026-07-05
SKU-OFFI-10386,220,Melbourne,2026-01-12
SKU-TOYS-06948,117,Adelaide,2026-05-21
SKU-SPOR-04634,49,Auckland,2026-01-15
SKU-SPOR-04321,233,Wellington,2026-03-26
SKU-TOYS-06954,355,Melbourne,2026-07-05
SKU-SPOR-04543,92,Sydney,2026-01-26
SKU-ELEC-00972,228,Wellington,2026-02-27
SKU-SPOR-03860,220,Christchurch,2026-06-14
SKU-GROC-08613,457,Christchurch,2026-05-25
SKU-APPA-01600,247,Wellington,2026-05-21
SKU-HOME-02423,63,Brisbane,2026-02-28
SKU-ELEC-00279,283,Adelaide,2026-04-24
SKU-SPOR-04348,143,Brisbane,2026-02-28
SKU-TOYS-06054,412,Sydney,2026-07-01
SKU-APPA-01993,459,Melbourne,2026-02-12
SKU-ELEC-00238,268,Adelaide,2026-03-17
SKU-GROC-09038,285,Brisbane,2026-03-26
SKU-HEAL-10889,168,Melbourne,2026-05-16
SKU-BEAU-05088,291,Perth,2026-02-04
SKU-BEAU-05276,164,Brisbane,2026-07-13
SKU-GROC-09130,446,Brisbane,2026-05-23
SKU-SPOR-04590,223,Melbourne,2026-05-12
SKU-HOME-02538,351,Sydney,2026-07-02
SKU-HEAL-11111,,Adelaide,2026-07-12
SKU-APPA-02020,345,Auckland,2026-05-24
SKU-BEAU-05412,183,Brisbane,2026-06-26
SKU-ELEC-00192,485,Christchurch,2026-03-21
SKU-ELEC-01116,319,Perth,2026-04-24
SKU-AUTO-08051,108,Auckland,2026-04-03
SKU-BEAU-05632,23,Melbourne,2026-06-19
SKU-TOYS-06574,,Auckland,2026-05-27
SKU-OFFI-10293,479,Melbourne,2026-02-25
SKU-AUTO-07702,252,Perth,2026-05-28
SKU-GROC-08883,429,Christchurch,2026-03-21
SKU-BEAU-05367,259,Auckland,2026-02-23
SKU-HOME-02839,463,Brisbane,2026-03-12
SKU-SPOR-04191,178,Perth,2026-06-15
SKU-SPOR-04343,122,Wellington,2026-03-07
SKU-HOME-03111,215,Perth,2026-06-04
SKU-HEAL-11167,487,Auckland,2026-07-23
SKU-HEAL-11078,484,Wellington,2026-05-22
SKU-SPOR-03676,,Perth,2026-02-06
SKU-AUTO-08012,452,Wellington,2026-01-28
SKU-HOME-02853,94,Wellington,2026-05-04
SKU-ELEC-00329,177,Sydney,2026-03-25
SKU-HEAL-11930,488,Melbourne,2026-04-26
SKU-TOYS-06930,33,Sydney,2026-04-13
SKU-SPOR-04086,76,Wellington,2026-03-26
SKU-AUTO-08295,196,Perth,2026-07-24
SKU-SPOR-04565,253,Christchurch,2026-07-19
SKU-AUTO-07313,287,Melbourne,2026-05-13
SKU-APPA-01724,76,Adelaide,2026-07-22
SKU-GROC-08599,186,Adelaide,2026-07-08
SKU-HEAL-11256,490,Auckland,2026-05-19
SKU-HOME-02468,465,Christchurch,2026-05-10
SKU-OFFI-10497,51,Melbourne,2026-03-20
SKU-BEAU-04862,258,Auckland,2026-07-13
SKU-OFFI-10528,214,Wellington,2026-06-23
SKU-HOME-02966,18,Perth,2026-01-03
SKU-SPOR-04304,47,Auckland,2026-01-03
SKU-TOYS-06832,186,Wellington,2026-07-21
SKU-AUTO-08396,239,Christchurch,2026-07-22
SKU-HEAL-11160,50,Adelaide,2026-03-10
SKU-AUTO-07232,448,Christchurch,2026-06-05
SKU-AUTO-07696,148,Melbourne,2026-05-23
SKU-BEAU-04869,465,Sydney,2026-07-02
SKU-TOYS-06508,298,Wellington,2026-07-08
SKU-AUTO-08099,213,Sydney,2026-04-23
SKU-APPA-02284,449,Perth,2026-06-01
SKU-SPOR-04235,216,Adelaide,2026-06-17
SKU-AUTO-07864,173,Perth,2026-06-10
SKU-APPA-01262,157,Wellington,2026-05-15
SKU-TOYS-06997,7,Adelaide,2026-03-22
SKU-TOYS-06646,489,Brisbane,2026-01-13
SKU-HOME-03394,419,Christchurch,2026-05-06
SKU-TOYS-06929,227,Christchurch,2026-05-04
SKU-APPA-01232,385,Auckland,2026-05-05
SKU-ELEC-01014,211,Auckland,2026-07-08
SKU-HOME-02501,291,Sydney,2026-05-25
SKU-HOME-03321,,Melbourne,2026-07-18
SKU-TOYS-06662,264,Brisbane,2026-04-09
SKU-TOYS-06148,37,Perth,2026-07-10
SKU-HEAL-10960,,Sydney,2026-03-18
SKU-BEAU-05622,,Sydney,2026-01-10
SKU-HEAL-11096,190,Perth,2026-03-17
SKU-HEAL-11159,198,Adelaide,2026-04-28
SKU-HEAL-11914,145,Sydney,2026-03-02
SKU-HOME-03084,251,Melbourne,2026-02-17
SKU-ELEC-00523,306,Brisbane,2026-01-22
SKU-SPOR-04207,398,Melbourne,2026-07-04
SKU-HEAL-11784,282,Wellington,2026-04-19
SKU-AUTO-07640,374,Perth,2026-02-14
SKU-BEAU-05521,101,Melbourne,2026-05-06
SKU-AUTO-07227,94,Sydney,2026-02-17
SKU-ELEC-00592,440,Christchurch,2026-05-19
SKU-SPOR-03839,172,Brisbane,2026-05-10
SKU-OFFI-09971,337,Sydney,2026-07-27
SKU-AUTO-07542,26,Melbourne,2026-04-18
SKU-TOYS-06020,485,Christchurch,2026-06-12
SKU-TOYS-06048,458,Adelaide,2026-05-02
SKU-SPOR-04121,309,Christchurch,2026-07-09
SKU-APPA-01858,238,Wellington,2026-05-18
SKU-BEAU-04900,306,Perth,2026-05-05
SKU-GROC-09588,213,Wellington,2026-04-12
SKU-BEAU-05057,267,Sydney,2026-04-14
SKU-ELEC-00926,394,Sydney,2026-06-17
SKU-GROC-09346,,Auckland,2026-02-09
SKU-HEAL-10957,120,Christchurch,2026-04-11
SKU-AUTO-07565,8,Sydney,2026-01-11
SKU-TOYS-06816,377,Perth,2026-01-21
SKU-SPOR-04780,236,Sydney,2026-07-25
SKU-OFFI-10453,302,Wellington,2026-07-11
SKU-AUTO-07940,248,Auckland,2026-02-14
SKU-APPA-01864,159,Melbourne,2026-03-20
SKU-HEAL-10872,233,Perth,2026-01-14
SKU-BEAU-05131,486,Wellington,2026-04-08
SKU-ELEC-00628,374,Adelaide,2026-05-10
SKU-BEAU-05065,244,Brisbane,2026-05-21
SKU-GROC-08500,114,Brisbane,2026-03-02
SKU-APPA-01577,299,Perth,2026-07-02
SKU-SPOR-04201,74,Melbourne,2026-06-21
SKU-APPA-01524,304,Wellington,2026-02-13
SKU-TOYS-07136,,Perth,2026-07-13
SKU-OFFI-09764,,Sydney,2026-02-12
SKU-HEAL-11897,342,Melbourne,2026-05-19
SKU-OFFI-10067,173,Perth,2026-02-01
SKU-ELEC-01078,401,Auckland,2026-02-16
SKU-GROC-08959,,Brisbane,2026-02-14
SKU-HEAL-11695,46,Adelaide,2026-02-15
SKU-BEAU-04882,204,Perth,2026-01-09
SKU-SPOR-04437,17,Auckland,2026-07-27
SKU-AUTO-07267,43,Perth,2026-06-27
SKU-OFFI-10101,298,Brisbane,2026-06-17
SKU-TOYS-07150,57,Melbourne,2026-06-05
SKU-GROC-08856,397,Christchurch,2026-03-26
SKU-HOME-03470,390,Adelaide,2026-07-09
SKU-SPOR-04471,495,Perth,2026-02-09
SKU-ELEC-01100,462,Sydney,2026-05-28
SKU-OFFI-10103,444,Brisbane,2026-03-19
SKU-HOME-03459,70,Melbourne,2026-01-19
SKU-SPOR-04625,105,Christchurch,2026-06-02
SKU-GROC-08430,180,Christchurch,2026-03-22
SKU-SPOR-04673,100,Sydney,2026-02-27
SKU-APPA-01532,448,Perth,2026-03-08
SKU-OFFI-10624,183,Auckland,2026-03-24
SKU-HOME-03045,316,Brisbane,2026-05-11
SKU-TOYS-06500,160,Sydney,2026-05-14
SKU-HEAL-11513,32,Wellington,2026-04-11
SKU-HOME-02662,463,Adelaide,2026-01-19
SKU-AUTO-07470,184,Wellington,2026-04-22
SKU-HOME-02632,343,Auckland,2026-03-09
SKU-AUTO-07440,437,Perth,2026-04-07
SKU-GROC-08908,238,Adelaide,2026-03-24
SKU-APPA-01511,101,Christchurch,2026-02-01
SKU-ELEC-00307,439,Christchurch,2026-04-06
SKU-APPA-02065,,Auckland,2026-02-22
SKU-GROC-08954,203,Wellington,2026-02-24
SKU-GROC-09064,109,Brisbane,2026-06-21
SKU-BEAU-05405,96,Melbourne,2026-07-10
SKU-APPA-01464,297,Melbourne,2026-05-20
SKU-HOME-02792,4,Christchurch,2026-07-08
SKU-AUTO-07914,333,Melbourne,2026-02-05
SKU-OFFI-10543,160,Brisbane,2026-03-10
SKU-ELEC-00370,412,Perth,2026-05-24
SKU-TOYS-06419,76,Melbourne,2026-07-26
SKU-GROC-09104,241,Auckland,2026-07-13
SKU-HOME-03331,499,Christchurch,2026-01-09
SKU-HEAL-10923,244,Auckland,2026-07-07
SKU-APPA-02118,382,Perth,2026-05-09
SKU-GROC-09483,273,Melbourne,2026-01-23
SKU-TOYS-06061,481,Sydney,2026-05-14
SKU-GROC-08647,116,Brisbane,2026-02-19
SKU-APPA-02149,93,Adelaide,2026-03-21
SKU-APPA-01321,,Brisbane,2026-02-17
SKU-ELEC-01110,390,Sydney,2026-01-28
SKU-ELEC-01123,,Sydney,2026-02-15
SKU-TOYS-06756,204,Auckland,2026-01-07
SKU-OFFI-09710,180,Brisbane,2026-02-04
SKU-ELEC-00349,354,Wellington,2026-02-12
SKU-SPOR-04713,276,Brisbane,2026-06-10
SKU-SPOR-03620,337,Perth,2026-01-06
SKU-GROC-09560,483,Auckland,2026-02-25
SKU-TOYS-06079,56,Brisbane,2026-05-15
SKU-HEAL-11215,364,Christchurch,2026-03-12
SKU-AUTO-07337,261,Adelaide,2026-04-13
SKU-HEAL-11644,316,Sydney,2026-05-20
SKU-BEAU-05889,94,Auckland,2026-03-19
SKU-SPOR-04748,304,Sydney,2026-03-20
SKU-AUTO-07359,67,Auckland,2026-05-09
SKU-ELEC-01166,236,Christchurch,2026-07-27
SKU-GROC-09134,295,Sydney,2026-04-09
SKU-HEAL-11406,,Melbourne,2026-02-03
SKU-BEAU-05459,404,Christchurch,2026-05-22
SKU-AUTO-07880,121,Christchurch,2026-03-18
SKU-HEAL-11042,46,Sydney,2026-01-17
SKU-AUTO-08389,339,Christchurch,2026-01-19
SKU-ELEC-00779,72,Melbourne,2026-07-06
SKU-OFFI-10359,244,Sydney,2026-01-28
SKU-BEAU-05780,163,Auckland,2026-02-26
SKU-AUTO-08166,91,Brisbane,2026-06-18
SKU-OFFI-10068,476,Perth,2026-02-02
SKU-HEAL-11687,210,Perth,2026-04-12
SKU-TOYS-06916,159,Brisbane,2026-07-13
SKU-HEAL-11513,32,Wellington,2026-04-11
SKU-BEAU-04819,346,Adelaide,2026-01-08
SKU-BEAU-05397,412,Christchurch,2026-01-17
SKU-SPOR-04188,475,Perth,2026-02-18
SKU-TOYS-06101,99,Christchurch,2026-07-23
SKU-HOME-02587,431,Adelaide,2026-03-24
SKU-OFFI-10179,8,Sydney,2026-05-07
SKU-GROC-09455,460,Sydney,2026-01-25
SKU-AUTO-07223,372,Sydney,2026-07-11
SKU-OFFI-10444,338,Adelaide,2026-07-18
SKU-HOME-02477,489,Wellington,2026-04-14
SKU-BEAU-04835,205,Adelaide,2026-06-20
SKU-OFFI-10796,,Brisbane,2026-06-09
SKU-ELEC-01127,348,Sydney,2026-07-16
SKU-GROC-09509,30,Sydney,2026-04-03
SKU-HEAL-11028,463,Auckland,2026-06-23
SKU-ELEC-00234,157,Auckland,2026-05-25
SKU-SPOR-04619,,Christchurch,2026-01-12
SKU-APPA-02085,345,Sydney,2026-02-14
SKU-APPA-01723,235,Sydney,2026-04-26
SKU-ELEC-01190,84,Christchurch,2026-05-04
SKU-APPA-02158,127,Adelaide,2026-03-06
SKU-SPOR-04283,151,Christchurch,2026-04-20
SKU-HOME-03246,52,Perth,2026-05-07
SKU-OFFI-09980,361,Wellington,2026-05-10
SKU-TOYS-06100,192,Sydney,2026-02-09
SKU-ELEC-00887,437,Melbourne,2026-07-05
SKU-TOYS-06515,272,Adelaide,2026-01-09
SKU-SPOR-03956,480,Wellington,2026-07-22
SKU-BEAU-05736,82,Adelaide,2026-02-19
SKU-ELEC-00545,292,Perth,2026-07-05
SKU-AUTO-07795,353,Perth,2026-04-20
SKU-OFFI-10314,317,Auckland,2026-05-10
SKU-AUTO-07293,312,Melbourne,2026-06-25
SKU-TOYS-06789,325,Auckland,2026-03-03
SKU-SPOR-04504,447,Adelaide,2026-07-03
SKU-AUTO-07967,480,Perth,2026-07-25
SKU-ELEC-00469,,Sydney,2026-01-12
SKU-SPOR-03904,316,Brisbane,2026-05-18
SKU-OFFI-09808,338,Wellington,2026-05-03
SKU-HEAL-11662,474,Brisbane,2026-04-05
SKU-BEAU-05519,239,Wellington,2026-01-13
SKU-AUTO-08167,229,Christchurch,2026-04-24
SKU-BEAU-05123,134,Melbourne,2026-06-02
SKU-ELEC-00606,63,Adelaide,2026-04-20
SKU-APPA-01708,377,Perth,2026-02-02
SKU-APPA-01703,319,Melbourne,2026-05-11
SKU-TOYS-06188,27,Wellington,2026-06-27
SKU-OFFI-10375,416,Sydney,2026-07-17
SKU-OFFI-10734,330,Sydney,2026-07-16
SKU-APPA-01314,85,Melbourne,2026-02-28
SKU-GROC-09534,236,Christchurch,2026-01-17
SKU-BEAU-05238,430,Adelaide,2026-06-08
SKU-HOME-03213,95,Adelaide,2026-04-05
SKU-APPA-01957,137,Sydney,2026-02-17
SKU-APPA-01722,199,Wellington,2026-06-21
SKU-GROC-08767,238,Christchurch,2026-03-14
SKU-BEAU-05735,195,Christchurch,2026-02-11
SKU-GROC-08935,70,Melbourne,2026-04-18
SKU-OFFI-10133,26,Brisbane,2026-05-25
SKU-APPA-01964,28,Wellington,2026-07-10
SKU-TOYS-06104,327,Brisbane,2026-03-04
SKU-APPA-01594,,Adelaide,2026-01-26
SKU-APPA-01793,334,Adelaide,2026-02-13
SKU-OFFI-10608,31,Christchurch,2026-01-10
SKU-HOME-02905,,Adelaide,2026-03-06
SKU-TOYS-06076,103,Perth,2026-04-11
SKU-SPOR-04395,377,Wellington,2026-07-10
SKU-TOYS-06312,25,Auckland,2026-05-27
SKU-SPOR-03795,164,Wellington,2026-03-06
SKU-TOYS-06618,422,Brisbane,2026-01-06
SKU-TOYS-06844,166,Melbourne,2026-03-20
SKU-ELEC-00371,111,Perth,2026-01-10
SKU-HEAL-11056,345,Brisbane,2026-04-21
SKU-APPA-02154,418,Perth,2026-04-20
SKU-OFFI-10708,426,Adelaide,2026-04-26
SKU-HEAL-11095,472,Perth,2026-02-12
SKU-AUTO-07935,56,Brisbane,2026-05-07
SKU-AUTO-07692,456,Perth,2026-01-25
SKU-HOME-02971,62,Perth,2026-05-28
SKU-HOME-03184,210,Melbourne,2026-03-02
SKU-BEAU-05665,239,Auckland,2026-03-16
SKU-HOME-02777,255,Melbourne,2026-03-19
SKU-AUTO-08222,,Adelaide,2026-01-07
SKU-AUTO-07462,416,Wellington,2026-04-05
SKU-TOYS-07134,447,Brisbane,2026-05-24
SKU-ELEC-00770,450,Melbourne,2026-01-13
SKU-HOME-03168,225,Christchurch,2026-02-04
SKU-OFFI-10550,357,Sydney,2026-07-09
SKU-SPOR-04669,46,Sydney,2026-02-23
SKU-HOME-03465,,Perth,2026-07-11
SKU-GROC-09279,312,Melbourne,2026-04-14
SKU-ELEC-00852,289,Perth,2026-06-09
SKU-AUTO-07862,231,Auckland,2026-07-03
SKU-BEAU-05827,155,Christchurch,2026-02-11
SKU-TOYS-06283,146,Christchurch,2026-02-17
SKU-HOME-02614,,Auckland,2026-03-05
SKU-HEAL-11689,,Auckland,2026-06-13
SKU-SPOR-04136,182,Christchurch,2026-06-11
SKU-HEAL-11010,,Auckland,2026-05-05
SKU-GROC-09477,441,Perth,2026-03-17
SKU-BEAU-05628,304,Wellington,2026-07-28
SKU-HEAL-11350,397,Adelaide,2026-05-11
SKU-AUTO-07708,162,Wellington,2026-03-18
SKU-AUTO-08146,235,Perth,2026-07-09
SKU-ELEC-00158,42,Sydney,2026-07-19
SKU-AUTO-07727,318,Perth,2026-01-12
SKU-OFFI-09618,98,Christchurch,2026-01-02
SKU-AUTO-07881,246,Christchurch,2026-07-28
SKU-ELEC-01064,119,Auckland,2026-05-28
SKU-OFFI-10140,245,Adelaide,2026-02-23
SKU-ELEC-00504,162,Adelaide,2026-04-06
SKU-OFFI-10049,118,Adelaide,2026-01-03
SKU-HOME-02923,253,Sydney,2026-07-11
SKU-AUTO-08043,2,Sydney,2026-04-20
SKU-ELEC-01077,276,Adelaide,2026-06-13
SKU-SPOR-04422,425,Christchurch,2026-06-15
SKU-GROC-09010,275,Christchurch,2026-06-20
SKU-AUTO-07654,323,Perth,2026-04-14
SKU-SPOR-03994,311,Christchurch,2026-05-28
SKU-HOME-03007,395,Perth,2026-05-07
SKU-BEAU-05818,320,Adelaide,2026-04-24
SKU-SPOR-04439,355,Brisbane,2026-03-08
SKU-ELEC-00682,499,Adelaide,2026-03-09
SKU-APPA-01298,122,Auckland,2026-07-14
SKU-HOME-02771,59,Brisbane,2026-02-26
SKU-GROC-09574,491,Auckland,2026-02-22
SKU-HEAL-11571,117,Melbourne,2026-07-24
SKU-GROC-08835,419,Wellington,2026-03-19
SKU-BEAU-05163,393,Melbourne,2026-04-26
SKU-ELEC-00188,,Auckland,2026-03-09
SKU-HOME-03564,279,Melbourne,2026-04-17
SKU-SPOR-03986,46,Adelaide,2026-06-11
SKU-OFFI-09849,,Christchurch,2026-03-09
SKU-OFFI-09917,369,Sydney,2026-06-06
SKU-SPOR-04778,,Christchurch,2026-05-21
SKU-SPOR-04775,342,Wellington,2026-01-27
SKU-HEAL-11550,389,Adelaide,2026-02-21
SKU-GROC-09583,447,Brisbane,2026-02-12
SKU-OFFI-10499,493,Sydney,2026-03-04
SKU-TOYS-06024,17,Brisbane,2026-04-28
SKU-HOME-02653,192,Wellington,2026-02-10
SKU-GROC-09016,45,Auckland,2026-07-27
SKU-OFFI-09727,32,Brisbane,2026-01-21
SKU-SPOR-04484,269,Auckland,2026-03-15
SKU-HOME-02492,102,Sydney,2026-05-24
SKU-BEAU-05718,323,Auckland,2026-07-19
SKU-AUTO-07306,38,Christchurch,2026-07-01
SKU-HEAL-11876,304,Christchurch,2026-01-22
SKU-GROC-09059,343,Christchurch,2026-04-13
SKU-HOME-03224,391,Perth,2026-03-04
SKU-SPOR-04067,107,Perth,2026-02-27
SKU-AUTO-08327,446,Sydney,2026-02-01
SKU-HOME-02557,18,Perth,2026-01-18
SKU-TOYS-06772,427,Wellington,2026-04-27
SKU-HEAL-11220,323,Sydney,2026-01-04
SKU-AUTO-07510,344,Auckland,2026-04-24
SKU-HOME-03202,217,Auckland,2026-05-13
SKU-APPA-02239,,Auckland,2026-01-02
SKU-HEAL-11588,394,Sydney,2026-03-19
SKU-SPOR-04015,104,Christchurch,2026-05-01
SKU-BEAU-05121,427,Perth,2026-05-13
SKU-AUTO-07615,26,Christchurch,2026-05-28
SKU-TOYS-06747,470,Adelaide,2026-02-12
SKU-TOYS-06952,,Sydney,2026-04-08
SKU-HEAL-11768,29,Sydney,2026-05-24
SKU-ELEC-00440,198,Perth,2026-01-14
SKU-TOYS-06456,443,Melbourne,2026-07-21
SKU-AUTO-07355,88,Adelaide,2026-03-21
SKU-SPOR-04412,178,Wellington,2026-03-14
SKU-BEAU-05637,419,Christchurch,2026-07-20
SKU-GROC-08842,225,Christchurch,2026-06-11
SKU-TOYS-07160,24,Perth,2026-06-11
SKU-BEAU-05617,287,Perth,2026-06-24
SKU-ELEC-00494,,Perth,2026-03-04
SKU-BEAU-05593,15,Sydney,2026-06-28
SKU-AUTO-08359,265,Sydney,2026-04-05
SKU-APPA-01387,234,Wellington,2026-04-14
SKU-HEAL-11849,477,Melbourne,2026-07-10
SKU-APPA-02025,341,Perth,2026-05-15
SKU-GROC-08609,27,Perth,2026-03-02
SKU-SPOR-03753,495,Perth,2026-02-18
SKU-HOME-02837,,Perth,2026-05-18
SKU-AUTO-07898,,Auckland,2026-03-07
SKU-SPOR-04227,194,Christchurch,2026-02-28
SKU-ELEC-00860,,Auckland,2026-04-13
SKU-HOME-03355,379,Christchurch,2026-02-12
SKU-AUTO-07849,275,Sydney,2026-03-14
SKU-GROC-09297,330,Christchurch,2026-02-18
SKU-TOYS-06891,246,Christchurch,2026-06-06
SKU-APPA-01654,447,Christchurch,2026-05-05
SKU-HEAL-11944,252,Christchurch,2026-07-05
SKU-GROC-09083,,Christchurch,2026-05-10
SKU-OFFI-09769,419,Sydney,2026-03-20
SKU-SPOR-03735,98,Auckland,2026-03-08
SKU-HOME-02514,336,Adelaide,2026-02-25
SKU-GROC-08750,175,Melbourne,2026-04-28
SKU-AUTO-08352,55,Christchurch,2026-03-18
SKU-SPOR-03786,392,Sydney,2026-02-25
SKU-OFFI-09726,318,Wellington,2026-01-11
SKU-AUTO-08116,78,Brisbane,2026-07-12
SKU-SPOR-03686,471,Wellington,2026-05-01
SKU-GROC-09566,82,Perth,2026-06-21
SKU-AUTO-07245,233,Melbourne,2026-05-14
SKU-ELEC-00823,,Sydney,2026-02-04
SKU-ELEC-00479,29,Christchurch,2026-04-09
SKU-HEAL-11044,0,Brisbane,2026-07-26
SKU-HEAL-11635,377,Perth,2026-01-24
SKU-AUTO-07816,92,Brisbane,2026-07-03
SKU-TOYS-06039,446,Wellington,2026-01-26
SKU-AUTO-08252,275,Melbourne,2026-02-24
SKU-APPA-02280,410,Melbourne,2026-01-25
SKU-HOME-03410,253,Brisbane,2026-01-23
SKU-BEAU-05020,253,Sydney,2026-06-08
SKU-SPOR-03970,367,Melbourne,2026-03-19
SKU-AUTO-07912,292,Melbourne,2026-07-23
SKU-AUTO-07845,302,Sydney,2026-04-02
SKU-APPA-01283,68,Sydney,2026-01-19
SKU-GROC-09250,59,Adelaide,2026-05-01
SKU-BEAU-05642,417,Wellington,2026-01-27
SKU-AUTO-07831,51,Auckland,2026-07-01
SKU-SPOR-03879,421,Perth,2026-05-03
SKU-GROC-08766,158,Melbourne,2026-01-20
SKU-ELEC-00176,340,Perth,2026-02-14
SKU-OFFI-10664,255,Perth,2026-05-03
SKU-HEAL-11053,453,Brisbane,2026-05-06
SKU-ELEC-00488,392,Perth,2026-06-22
SKU-HOME-02736,,Perth,2026-01-26
SKU-BEAU-05996,130,Brisbane,2026-05-26
SKU-AUTO-07944,17,Melbourne,2026-04-07
SKU-GROC-09496,252,Brisbane,2026-06-13
SKU-OFFI-10374,427,Sydney,2026-01-04
SKU-AUTO-08003,229,Melbourne,2026-04-21
SKU-TOYS-06119,262,Brisbane,2026-07-09
SKU-AUTO-07413,81,Adelaide,2026-03-11
SKU-AUTO-08368,49,Brisbane,2026-01-05
SKU-BEAU-05014,366,Perth,2026-06-28
SKU-SPOR-04537,21,Perth,2026-05-28
SKU-GROC-09051,76,Melbourne,2026-06-22
SKU-BEAU-04840,411,Adelaide,2026-04-03
SKU-BEAU-05879,79,Perth,2026-07-17
SKU-BEAU-05094,240,Auckland,2026-01-11
SKU-OFFI-09696,195,Brisbane,2026-02-22
SKU-AUTO-07364,257,Auckland,2026-02-16
SKU-OFFI-10791,77,Adelaide,2026-02-28
SKU-SPOR-04337,183,Wellington,2026-06-04
SKU-APPA-01463,313,Christchurch,2026-01-10
SKU-BEAU-05961,138,Sydney,2026-01-27
SKU-OFFI-10111,,Sydney,2026-01-28
SKU-AUTO-07841,308,Wellington,2026-03-26
SKU-HEAL-11198,140,Melbourne,2026-01-20
SKU-GROC-08671,16,Auckland,2026-03-18
SKU-HOME-02720,426,Brisbane,2026-05-03
SKU-GROC-09432,259,Perth,2026-05-20
SKU-TOYS-06472,26,Adelaide,2026-06-22
SKU-APPA-01345,177,Sydney,2026-07-22
SKU-HEAL-11300,263,Christchurch,2026-03-16
SKU-TOYS-06621,288,Brisbane,2026-02-12
SKU-AUTO-08370,24,Adelaide,2026-05-26
SKU-OFFI-10334,471,Sydney,2026-06-13
SKU-HEAL-10975,143,Perth,2026-07-08
SKU-AUTO-07379,407,Melbourne,2026-03-18
SKU-ELEC-00428,20,Brisbane,2026-02-27
SKU-GROC-09590,,Wellington,2026-04-06
SKU-HEAL-11033,,Sydney,2026-01-10
SKU-APPA-01830,467,Christchurch,2026-03-14
SKU-TOYS-06708,334,Wellington,2026-04-19
SKU-AUTO-08165,263,Perth,2026-01-22
SKU-TOYS-06830,54,Christchurch,2026-04-16
SKU-SPOR-04376,147,Sydney,2026-06-22
SKU-AUTO-08074,188,Brisbane,2026-01-02
SKU-BEAU-05680,316,Brisbane,2026-07-07
SKU-HOME-03567,85,Auckland,2026-04-19
SKU-HEAL-11367,,Perth,2026-05-07
SKU-ELEC-00414,112,Auckland,2026-03-08
SKU-HEAL-11879,115,Sydney,2026-05-12
SKU-TOYS-07199,393,Melbourne,2026-06-19
SKU-BEAU-05803,315,Christchurch,2026-04-06
SKU-OFFI-09872,159,Melbourne,2026-05-11
SKU-APPA-02186,387,Brisbane,2026-06-11
SKU-HEAL-11823,,Wellington,2026-06-24
SKU-TOYS-07167,335,Auckland,2026-04-21
SKU-HOME-02404,265,Adelaide,2026-05-27
SKU-AUTO-07247,85,Melbourne,2026-03-06
SKU-SPOR-04507,139,Melbourne,2026-05-17
SKU-OFFI-10735,31,Wellington,2026-05-25
SKU-GROC-09430,378,Melbourne,2026-07-03
SKU-APPA-01203,434,Sydney,2026-05-23
SKU-SPOR-04497,23,Auckland,2026-03-27
SKU-SPOR-03984,,Wellington,2026-05-20
SKU-BEAU-05835,378,Christchurch,2026-04-23
SKU-OFFI-10720,84,Auckland,2026-04-28
SKU-HEAL-11012,203,Auckland,2026-06-11
SKU-AUTO-07297,212,Perth,2026-05-05
SKU-GROC-09400,90,Wellington,2026-04-15
SKU-TOYS-06860,259,Melbourne,2026-07-21
SKU-APPA-01390,47,Adelaide,2026-03-25
SKU-SPOR-03841,161,Christchurch,2026-04-12
SKU-SPOR-04665,318,Brisbane,2026-05-13
SKU-SPOR-04214,328,Christchurch,2026-05-15
SKU-BEAU-05231,108,Perth,2026-02-20
SKU-HEAL-10885,455,Christchurch,2026-07-07
SKU-HEAL-11478,314,Wellington,2026-02-01
SKU-GROC-09366,379,Auckland,2026-02-03
SKU-SPOR-03968,259,Melbourne,2026-01-25
SKU-AUTO-07710,62,Adelaide,2026-04-13
SKU-SPOR-04383,77,Perth,2026-01-03
SKU-SPOR-04424,,Sydney,2026-07-03
SKU-AUTO-07809,304,Sydney,2026-06-12
SKU-OFFI-09674,178,Adelaide,2026-03-16
SKU-HEAL-11338,480,Melbourne,2026-02-04
SKU-SPOR-04786,23,Perth,2026-04-02
SKU-APPA-02039,470,Christchurch,2026-04-02
SKU-TOYS-06649,431,Sydney,2026-06-18
SKU-GROC-08679,189,Sydney,2026-03-21
SKU-HEAL-11613,236,Brisbane,2026-01-15
SKU-GROC-08585,79,Wellington,2026-02-20
SKU-HOME-03176,182,Adelaide,2026-01-26
SKU-GROC-09197,262,Adelaide,2026-02-04
SKU-AUTO-08331,456,Perth,2026-01-21
SKU-BEAU-05768,171,Auckland,2026-02-05
SKU-TOYS-06909,289,Wellington,2026-07-16
SKU-APPA-01495,130,Auckland,2026-03-22
SKU-BEAU-05268,164,Sydney,2026-03-05
SKU-APPA-01617,176,Perth,2026-04-28
SKU-SPOR-03682,473,Sydney,2026-07-27
SKU-BEAU-05035,342,Adelaide,2026-06-11
SKU-BEAU-05322,20,Melbourne,2026-02-27
SKU-SPOR-04613,24,Sydney,2026-04-02
SKU-HOME-03178,386,Auckland,2026-01-27
SKU-HEAL-11708,412,Perth,2026-03-24
SKU-AUTO-07780,393,Perth,2026-03-06
SKU-HEAL-11812,274,Brisbane,2026-03-18
SKU-OFFI-10308,451,Wellington,2026-02-20
SKU-AUTO-07621,86,Wellington,2026-05-27
SKU-ELEC-00730,384,Wellington,2026-03-19
SKU-HEAL-10874,126,Christchurch,2026-07-06
SKU-SPOR-04032,115,Adelaide,2026-03-17
SKU-TOYS-06409,448,Adelaide,2026-02-11
SKU-GROC-08415,160,Auckland,2026-06-27
SKU-SPOR-03631,38,Sydney,2026-04-02
SKU-AUTO-08193,258,Auckland,2026-02-12
SKU-AUTO-07899,47,Melbourne,2026-06-11
SKU-OFFI-09810,438,Melbourne,2026-02-02
SKU-ELEC-00383,338,Auckland,2026-04-22
SKU-SPOR-04555,43,Melbourne,2026-04-13
SKU-BEAU-05619,242,Perth,2026-06-15
SKU-ELEC-00355,340,Melbourne,2026-04-16
SKU-AUTO-07978,422,Sydney,2026-05-26
SKU-APPA-02180,243,Wellington,2026-05-25
SKU-APPA-02316,178,Wellington,2026-07-03
SKU-HOME-03320,172,Melbourne,2026-04-01
SKU-SPOR-03980,291,Christchurch,2026-07-18
SKU-GROC-08622,341,Auckland,2026-06-05
SKU-ELEC-00174,203,Adelaide,2026-04-20
SKU-GROC-09033,426,Brisbane,2026-04-18
SKU-TOYS-06946,460,Christchurch,2026-07-07
SKU-HOME-03293,469,Perth,2026-03-27
SKU-GROC-09229,71,Melbourne,2026-06-02
SKU-HEAL-10955,230,Perth,2026-01-01
SKU-OFFI-10342,207,Adelaide,2026-02-23
SKU-HEAL-11391,39,Adelaide,2026-02-11
SKU-BEAU-05100,108,Perth,2026-02-28
SKU-APPA-02167,106,Sydney,2026-06-16
SKU-OFFI-10502,224,Perth,2026-02-04
SKU-SPOR-04009,496,Christchurch,2026-03-08
SKU-HEAL-10967,463,Melbourne,2026-06-02
SKU-AUTO-07474,260,Wellington,2026-06-08
SKU-AUTO-08216,220,Christchurch,2026-04-08
SKU-BEAU-05805,434,Brisbane,2026-07-23
SKU-HEAL-10913,401,Perth,2026-06-02
SKU-GROC-08538,452,Wellington,2026-01-23
SKU-SPOR-04230,44,Brisbane,2026-01-09
SKU-HEAL-10926,242,Christchurch,2026-05-01
SKU-APPA-01669,80,Sydney,2026-06-24
SKU-OFFI-09611,118,Auckland,2026-03-14
SKU-BEAU-04994,282,Melbourne,2026-07-23
SKU-AUTO-08264,219,Brisbane,2026-02-20
SKU-OFFI-10493,470,Adelaide,2026-01-28
SKU-APPA-02112,368,Perth,2026-03-27
SKU-ELEC-00165,454,Auckland,2026-03-04
SKU-APPA-01841,,Melbourne,2026-02-28
SKU-HOME-03294,232,Sydney,2026-01-08
SKU-HEAL-10907,500,Brisbane,2026-04-09
SKU-TOYS-06868,259,Adelaide,2026-03-09
SKU-BEAU-05375,53,Brisbane,2026-06-05
SKU-GROC-09450,,Brisbane,2026-04-02
SKU-TOYS-06618,422,Brisbane,2026-01-06
SKU-APPA-01977,120,Adelaide,2026-03-07
SKU-ELEC-00679,431,Perth,2026-04-26
SKU-HOME-02609,198,Adelaide,2026-06-06
SKU-ELEC-00327,396,Christchurch,2026-06-08
SKU-SPOR-03640,189,Adelaide,2026-02-04
SKU-BEAU-05257,396,Sydney,2026-01-22
SKU-SPOR-03765,391,Adelaide,2026-05-23
SKU-OFFI-09833,452,Adelaide,2026-05-07
SKU-OFFI-10191,,Brisbane,2026-05-15
SKU-AUTO-07812,335,Melbourne,2026-04-12
SKU-SPOR-04546,44,Melbourne,2026-06-21
SKU-ELEC-00847,,Sydney,2026-04-25
SKU-BEAU-05714,332,Brisbane,2026-05-28
SKU-BEAU-05333,17,Sydney,2026-02-24
SKU-GROC-08789,326,Perth,2026-05-24
SKU-HEAL-11293,398,Perth,2026-01-03
SKU-TOYS-06322,246,Brisbane,2026-03-10
SKU-ELEC-00886,367,Auckland,2026-05-03
SKU-ELEC-00882,280,Auckland,2026-05-15
SKU-GROC-08540,479,Perth,2026-07-23
SKU-SPOR-04079,122,Melbourne,2026-07-15
SKU-GROC-09101,374,Wellington,2026-07-25
SKU-HOME-02924,8,Christchurch,2026-03-09
SKU-APPA-02084,296,Auckland,2026-03-23
SKU-TOYS-07101,497,Brisbane,2026-07-02
SKU-OFFI-10174,302,Perth,2026-05-06
SKU-BEAU-05380,217,Brisbane,2026-03-12
SKU-HOME-03416,368,Adelaide,2026-06-19
SKU-HEAL-11108,379,Sydney,2026-04-11
SKU-GROC-09463,187,Sydney,2026-05-13
SKU-GROC-08675,319,Christchurch,2026-04-03
SKU-GROC-09128,111,Sydney,2026-03-02
SKU-BEAU-05953,9,Auckland,2026-07-19
SKU-AUTO-07668,425,Perth,2026-06-04
SKU-HOME-03247,,Christchurch,2026-02-18
SKU-GROC-09397,427,Sydney,2026-02-13
SKU-GROC-08605,395,Perth,2026-07-18
SKU-BEAU-05208,365,Wellington,2026-02-02
SKU-BEAU-05192,148,Christchurch,2026-03-20
SKU-GROC-09425,262,Auckland,2026-03-15
SKU-SPOR-03992,243,Christchurch,2026-03-23
SKU-GROC-08456,56,Adelaide,2026-04-03
SKU-HOME-03018,85,Sydney,2026-04-23
SKU-HEAL-11514,227,Christchurch,2026-05-09
SKU-HOME-02849,334,Melbourne,2026-02-12
SKU-HEAL-11022,45,Wellington,2026-01-12
SKU-HOME-03042,227,Adelaide,2026-07-23
SKU-HEAL-11674,6,Sydney,2026-06-03
SKU-OFFI-09834,72,Melbourne,2026-07-05
SKU-HOME-02474,464,Melbourne,2026-05-26
SKU-HOME-03350,244,Auckland,2026-02-03
SKU-TOYS-06660,47,Auckland,2026-01-19
SKU-HOME-02509,89,Brisbane,2026-07-10
SKU-ELEC-00570,321,Melbourne,2026-01-16
SKU-ELEC-00470,306,Christchurch,2026-03-15
SKU-AUTO-07622,460,Wellington,2026-02-07
SKU-TOYS-06573,333,Adelaide,2026-03-26
SKU-BEAU-05884,235,Christchurch,2026-01-12
SKU-AUTO-08212,497,Sydney,2026-07-23
SKU-OFFI-10630,161,Wellington,2026-07-03
SKU-SPOR-04386,97,Wellington,2026-05-15
SKU-HOME-02912,233,Adelaide,2026-04-24
SKU-SPOR-04142,490,Wellington,2026-06-02
SKU-BEAU-05893,437,Melbourne,2026-02-18
SKU-TOYS-06375,373,Christchurch,2026-02-28
SKU-OFFI-10695,146,Christchurch,2026-02-10
SKU-GROC-08881,406,Christchurch,2026-03-12
SKU-APPA-01398,107,Perth,2026-04-03
SKU-AUTO-08134,413,Brisbane,2026-04-21
SKU-BEAU-05540,,Adelaide,2026-02-15
SKU-BEAU-05464,496,Auckland,2026-04-16
SKU-AUTO-08260,348,Melbourne,2026-04-24
SKU-TOYS-06769,464,Christchurch,2026-06-08
SKU-APPA-01353,15,Perth,2026-07-15
SKU-GROC-09375,195,Wellington,2026-01-05
SKU-SPOR-04402,412,Brisbane,2026-02-08
SKU-OFFI-10268,133,Sydney,2026-05-11
SKU-TOYS-06347,194,Auckland,2026-04-22
SKU-HEAL-11464,431,Christchurch,2026-05-20
SKU-OFFI-10666,424,Auckland,2026-03-17
SKU-GROC-08407,195,Perth,2026-06-26
SKU-BEAU-05356,217,Adelaide,2026-07-21
SKU-OFFI-10452,48,Sydney,2026-02-03
SKU-GROC-09155,261,Perth,2026-05-13
SKU-HOME-02984,336,Sydney,2026-07-25
SKU-HEAL-11956,80,Adelaide,2026-07-28
SKU-GROC-08664,289,Auckland,2026-04-05
SKU-GROC-08904,400,Brisbane,2026-06-02
SKU-APPA-01439,168,Wellington,2026-02-02
SKU-ELEC-00477,466,Brisbane,2026-05-03
SKU-AUTO-07328,182,Auckland,2026-02-04
SKU-AUTO-07813,410,Wellington,2026-01-21
SKU-OFFI-09621,86,Adelaide,2026-03-05
SKU-OFFI-09927,425,Auckland,2026-01-14
SKU-HOME-03423,99,Wellington,2026-06-21
SKU-HEAL-11435,471,Auckland,2026-01-15
SKU-BEAU-05348,11,Sydney,2026-05-18
SKU-HEAL-10895,112,Melbourne,2026-03-28
SKU-APPA-01401,319,Perth,2026-05-10
SKU-BEAU-05891,104,Sydney,2026-01-16
SKU-SPOR-04359,100,Perth,2026-02-17
SKU-AUTO-07662,40,Wellington,2026-02-11
SKU-ELEC-00824,119,Melbourne,2026-07-21
SKU-OFFI-09673,329,Melbourne,2026-04-08
SKU-ELEC-00672,418,Sydney,2026-03-15
SKU-HEAL-11999,410,Auckland,2026-04-12
SKU-ELEC-00759,176,Sydney,2026-07-24
SKU-HEAL-11565,371,Sydney,2026-07-25
SKU-AUTO-07207,23,Adelaide,2026-07-25
SKU-HEAL-11415,259,Wellington,2026-02-01
SKU-ELEC-00065,312,Adelaide,2026-03-16
SKU-TOYS-06632,267,Christchurch,2026-03-13
SKU-HEAL-10990,7,Brisbane,2026-04-25
SKU-ELEC-00640,143,Adelaide,2026-07-17
SKU-AUTO-08246,,Auckland,2026-01-17
SKU-ELEC-00971,,Melbourne,2026-06-03
SKU-ELEC-00970,496,Auckland,2026-02-24
SKU-GROC-08566,38,Perth,2026-04-21
SKU-HOME-03268,155,Brisbane,2026-01-01
SKU-BEAU-05331,336,Christchurch,2026-01-19
SKU-GROC-08535,19,Auckland,2026-04-27
SKU-AUTO-08350,357,Auckland,2026-02-14
SKU-OFFI-10078,480,Adelaide,2026-02-08
SKU-ELEC-00749,301,Sydney,2026-07-28
SKU-OFFI-10231,219,Christchurch,2026-03-21
SKU-BEAU-04814,417,Adelaide,2026-03-10
SKU-OFFI-09946,427,Melbourne,2026-02-28
SKU-AUTO-07652,103,Auckland,2026-05-13
SKU-TOYS-06237,74,Wellington,2026-02-21
SKU-ELEC-00520,301,Auckland,2026-04-06
SKU-GROC-09141,289,Perth,2026-04-27
SKU-AUTO-07506,387,Melbourne,2026-05-18
SKU-BEAU-04933,305,Christchurch,2026-02-05
SKU-HOME-03173,437,Sydney,2026-04-06
SKU-ELEC-00572,,Brisbane,2026-06-26
SKU-BEAU-05667,486,Wellington,2026-06-04
SKU-SPOR-04604,427,Melbourne,2026-03-04
SKU-AUTO-08105,154,Auckland,2026-04-06
SKU-BEAU-05246,335,Christchurch,2026-06-08
SKU-TOYS-06099,39,Wellington,2026-07-11
SKU-AUTO-07540,104,Adelaide,2026-06-27
SKU-TOYS-06813,457,Adelaide,2026-04-13
SKU-ELEC-00132,115,Wellington,2026-05-15
SKU-BEAU-04822,376,Wellington,2026-06-18
SKU-BEAU-05419,123,Melbourne,2026-02-13
SKU-BEAU-05876,399,Melbourne,2026-01-01
SKU-SPOR-04533,50,Brisbane,2026-05-02
SKU-TOYS-07197,83,Sydney,2026-06-06
SKU-OFFI-10598,450,Brisbane,2026-06-25
SKU-SPOR-03684,148,Christchurch,2026-01-22
SKU-AUTO-07827,121,Sydney,2026-02-22
SKU-HEAL-11696,188,Wellington,2026-04-27
SKU-BEAU-05745,,Christchurch,2026-06-27
SKU-GROC-08413,100,Perth,2026-02-14
SKU-SPOR-04646,9,Wellington,2026-05-20
SKU-HEAL-10871,198,Melbourne,2026-06-08
SKU-APPA-02029,,Auckland,2026-01-19
SKU-APPA-02328,144,Melbourne,2026-01-13
SKU-HEAL-11097,208,Wellington,2026-06-15
SKU-AUTO-08169,15,Sydney,2026-01-13
SKU-HEAL-11866,202,Christchurch,2026-05-24
SKU-GROC-09330,426,Auckland,2026-01-05
SKU-ELEC-00502,401,Wellington,2026-04-18
SKU-OFFI-10209,110,Auckland,2026-03-08
SKU-AUTO-07791,80,Wellington,2026-01-15
SKU-AUTO-08023,140,Melbourne,2026-01-08
SKU-TOYS-06089,447,Melbourne,2026-07-15
SKU-TOYS-06373,383,Brisbane,2026-07-16
SKU-HOME-02728,33,Adelaide,2026-03-03
SKU-TOYS-06183,175,Brisbane,2026-07-16
SKU-ELEC-00264,23,Sydney,2026-05-05
SKU-ELEC-00736,144,Wellington,2026-04-07
SKU-HEAL-11122,,Wellington,2026-02-04
SKU-HOME-02868,349,Adelaide,2026-04-15
SKU-OFFI-09932,209,Melbourne,2026-03-21
SKU-TOYS-06993,,Melbourne,2026-01-13
SKU-HEAL-11872,103,Auckland,2026-03-23
SKU-HEAL-11925,152,Christchurch,2026-05-11
SKU-APPA-02150,95,Wellington,2026-03-19
SKU-AUTO-08027,176,Sydney,2026-07-25
SKU-BEAU-05361,173,Christchurch,2026-02-01
SKU-APPA-02153,105,Melbourne,2026-02-18
SKU-ELEC-00092,68,Wellington,2026-04-02
SKU-SPOR-04649,112,Adelaide,2026-05-01
SKU-HOME-02610,285,Brisbane,2026-04-18
SKU-SPOR-04583,136,Melbourne,2026-02-22
SKU-HEAL-10979,105,Wellington,2026-01-06
SKU-OFFI-09688,13,Perth,2026-06-16
SKU-AUTO-07424,495,Adelaide,2026-02-15
SKU-BEAU-05947,462,Perth,2026-04-10
SKU-BEAU-05583,102,Brisbane,2026-07-03
SKU-TOYS-06285,398,Sydney,2026-01-25
SKU-HOME-02706,202,Adelaide,2026-04-17
SKU-GROC-08927,373,Auckland,2026-05-24
SKU-ELEC-00205,499,Auckland,2026-06-05
SKU-BEAU-05202,392,Brisbane,2026-02-18
SKU-HEAL-11280,313,Sydney,2026-02-17
SKU-SPOR-04492,,Perth,2026-06-05
SKU-TOYS-06748,121,Brisbane,2026-06-18
SKU-APPA-01707,,Perth,2026-07-03
SKU-GROC-09467,38,Sydney,2026-01-02
SKU-HOME-02452,59,Adelaide,2026-02-22
SKU-GROC-08517,265,Perth,2026-07-24
SKU-HOME-02965,69,Sydney,2026-07-01
SKU-GROC-09125,463,Adelaide,2026-04-26
SKU-HEAL-11631,414,Brisbane,2026-02-26
SKU-TOYS-06829,231,Auckland,2026-04-04
SKU-APPA-01224,442,Melbourne,2026-06-18
SKU-APPA-01212,120,Melbourne,2026-04-03
SKU-AUTO-08050,309,Perth,2026-05-12
SKU-TOYS-06538,322,Melbourne,2026-07-02
SKU-SPOR-04288,320,Adelaide,2026-01-09
SKU-AUTO-07256,158,Brisbane,2026-03-06
SKU-APPA-02362,292,Perth,2026-01-25
SKU-TOYS-06782,254,Auckland,2026-05-05
SKU-AUTO-07538,,Adelaide,2026-05-04
SKU-TOYS-06787,445,Melbourne,2026-02-15
SKU-APPA-01564,441,Sydney,2026-06-09
SKU-APPA-02198,445,Melbourne,2026-04-09
SKU-HEAL-11729,4,Wellington,2026-01-23
SKU-ELEC-00029,326,Sydney,2026-02-27
SKU-TOYS-07169,340,Brisbane,2026-06-08
SKU-OFFI-10392,296,Auckland,2026-06-09
SKU-OFFI-10265,201,Adelaide,2026-02-04
SKU-GROC-08823,,Adelaide,2026-07-12
SKU-OFFI-10026,459,Wellington,2026-05-21
SKU-GROC-09409,93,Adelaide,2026-07-06
SKU-APPA-02352,243,Christchurch,2026-06-10
SKU-HOME-02958,345,Wellington,2026-02-19
SKU-BEAU-05458,462,Sydney,2026-07-24
SKU-AUTO-08321,38,Brisbane,2026-02-09
SKU-TOYS-07139,167,Perth,2026-05-24
SKU-AUTO-08220,327,Auckland,2026-05-17
SKU-HOME-03473,341,Sydney,2026-03-06
SKU-GROC-09546,225,Christchurch,2026-02-07
SKU-ELEC-01057,257,Brisbane,2026-07-01
SKU-AUTO-07262,282,Wellington,2026-03-12
SKU-ELEC-00127,47,Auckland,2026-05-25
SKU-HOME-03418,109,Wellington,2026-06-16
SKU-AUTO-08052,81,Adelaide,2026-06-08
SKU-BEAU-05989,464,Wellington,2026-05-15
SKU-AUTO-08268,319,Brisbane,2026-04-09
SKU-OFFI-10787,312,Adelaide,2026-02-12
SKU-HEAL-10947,463,Melbourne,2026-03-20
SKU-HOME-02674,370,Wellington,2026-03-07
SKU-BEAU-04918,401,Auckland,2026-06-16
SKU-SPOR-03700,226,Wellington,2026-07-11
SKU-ELEC-01071,19,Christchurch,2026-02-19
SKU-HEAL-11242,42,Sydney,2026-06-16
SKU-AUTO-08393,473,Melbourne,2026-04-26
SKU-OFFI-09900,42,Brisbane,2026-07-01
SKU-HEAL-11055,7,Adelaide,2026-07-06
SKU-HOME-03030,466,Adelaide,2026-05-21
SKU-APPA-01823,402,Perth,2026-06-18
SKU-APPA-01323,102,Perth,2026-06-10
SKU-GROC-09517,41,Sydney,2026-04-05
SKU-AUTO-07937,409,Adelaide,2026-03-27
SKU-GROC-08901,349,Auckland,2026-04-26
SKU-HEAL-11656,66,Brisbane,2026-05-12
SKU-TOYS-06482,39,Auckland,2026-04-15
SKU-SPOR-04156,498,Melbourne,2026-01-27
SKU-APPA-02019,231,Perth,2026-02-23
SKU-SPOR-03789,476,Auckland,2026-01-19
SKU-AUTO-07509,250,Christchurch,2026-03-09
SKU-HOME-03119,,Adelaide,2026-01-23
SKU-GROC-09150,58,Auckland,2026-02-18
SKU-OFFI-09882,477,Perth,2026-05-11
SKU-GROC-09420,362,Christchurch,2026-02-18
SKU-GROC-08982,294,Sydney,2026-02-11
SKU-AUTO-07559,417,Christchurch,2026-02-16
SKU-AUTO-08160,160,Auckland,2026-04-08
SKU-TOYS-07047,,Wellington,2026-01-19
SKU-GROC-08886,118,Christchurch,2026-02-18
SKU-HEAL-11607,472,Perth,2026-01-15
SKU-AUTO-07966,,Sydney,2026-05-25
SKU-HOME-03509,464,Wellington,2026-02-11
SKU-OFFI-09861,375,Melbourne,2026-07-05
SKU-AUTO-07627,458,Brisbane,2026-02-21
SKU-TOYS-06843,453,Wellington,2026-04-27
SKU-AUTO-08172,320,Sydney,2026-06-27
SKU-ELEC-00097,431,Brisbane,2026-04-08
SKU-HEAL-11378,81,Brisbane,2026-04-15
SKU-AUTO-07301,331,Sydney,2026-02-20
SKU-AUTO-07368,236,Auckland,2026-01-08
SKU-OFFI-10534,216,Auckland,2026-06-03
SKU-ELEC-01118,100,Sydney,2026-07-05
SKU-APPA-02390,361,Perth,2026-07-15
SKU-AUTO-07762,133,Christchurch,2026-02-13
SKU-HEAL-10816,119,Perth,2026-01-23
SKU-TOYS-07026,255,Brisbane,2026-02-27
SKU-TOYS-06722,311,Perth,2026-06-14
SKU-TOYS-06418,248,Sydney,2026-06-07
SKU-OFFI-10399,17,Brisbane,2026-05-06
SKU-ELEC-00151,342,Wellington,2026-03-18
SKU-TOYS-06597,243,Brisbane,2026-07-25
SKU-HEAL-11882,133,Sydney,2026-04-12
SKU-BEAU-05278,282,Wellington,2026-06-04
SKU-SPOR-04615,328,Perth,2026-01-21
SKU-BEAU-04866,220,Adelaide,2026-02-27
SKU-OFFI-09671,209,Melbourne,2026-04-11
SKU-ELEC-00888,279,Brisbane,2026-05-17
SKU-TOYS-06608,154,Perth,2026-01-02
SKU-APPA-01335,227,Melbourne,2026-05-15
SKU-TOYS-06459,98,Brisbane,2026-05-13
SKU-APPA-01817,301,Auckland,2026-01-07
SKU-TOYS-06406,42,Melbourne,2026-06-23
SKU-ELEC-00582,434,Brisbane,2026-02-09
SKU-GROC-09435,143,Christchurch,2026-03-02
SKU-HOME-02412,498,Christchurch,2026-04-13
SKU-BEAU-05964,467,Sydney,2026-01-15
SKU-HOME-02585,236,Perth,2026-01-20
SKU-ELEC-01114,227,Wellington,2026-04-15
SKU-HEAL-11245,366,Perth,2026-07-03
SKU-OFFI-10521,420,Auckland,2026-03-09
SKU-APPA-01743,186,Auckland,2026-04-22
SKU-AUTO-07848,139,Melbourne,2026-05-12
SKU-HEAL-11574,,Wellington,2026-01-17
SKU-AUTO-07288,52,Melbourne,2026-03-25
SKU-ELEC-00008,351,Adelaide,2026-04-27
SKU-GROC-09149,186,Wellington,2026-04-27
SKU-ELEC-00391,48,Christchurch,2026-06-18
SKU-HEAL-11065,466,Wellington,2026-07-04
SKU-AUTO-07593,315,Sydney,2026-01-22
SKU-HOME-03087,95,Wellington,2026-05-06
SKU-BEAU-05659,87,Christchurch,2026-03-21
SKU-GROC-09146,127,Christchurch,2026-01-25
SKU-BEAU-05103,320,Sydney,2026-04-01
SKU-SPOR-04701,434,Melbourne,2026-06-13
SKU-HOME-02969,,Wellington,2026-04-12
SKU-GROC-08660,111,Christchurch,2026-02-17
SKU-AUTO-07689,313,Auckland,2026-06-27
SKU-OFFI-10733,449,Wellington,2026-07-25
SKU-APPA-02026,267,Perth,2026-06-19
SKU-ELEC-01098,437,Sydney,2026-07-14
SKU-TOYS-06752,344,Perth,2026-03-28
SKU-BEAU-05244,72,Adelaide,2026-03-05
SKU-TOYS-06861,78,Auckland,2026-06-10
SKU-GROC-09495,129,Auckland,2026-07-25
SKU-GROC-09439,286,Brisbane,2026-01-22
SKU-HEAL-11654,390,Brisbane,2026-03-01
SKU-OFFI-10526,95,Wellington,2026-02-09
SKU-ELEC-00299,156,Melbourne,2026-06-20
SKU-HEAL-11826,140,Melbourne,2026-01-26
SKU-SPOR-03766,81,Melbourne,2026-04-08
SKU-APPA-02007,267,Melbourne,2026-03-23
SKU-SPOR-03606,159,Melbourne,2026-04-07
SKU-TOYS-06521,356,Christchurch,2026-04-09
SKU-SPOR-04137,,Wellington,2026-02-25
SKU-SPOR-04338,157,Christchurch,2026-07-08
SKU-OFFI-10759,97,Melbourne,2026-03-17
SKU-ELEC-00041,143,Auckland,2026-04-11
SKU-GROC-08966,317,Wellington,2026-05-10
SKU-HEAL-11551,92,Brisbane,2026-03-01
SKU-GROC-09216,250,Perth,2026-05-19
SKU-AUTO-08013,67,Auckland,2026-04-19
SKU-GROC-09487,255,Wellington,2026-07-17
SKU-AUTO-07277,459,Wellington,2026-02-28
SKU-APPA-02114,337,Sydney,2026-02-19
SKU-GROC-09454,307,Melbourne,2026-06-08
SKU-AUTO-07318,31,Brisbane,2026-01-04
SKU-GROC-09253,423,Melbourne,2026-05-23
SKU-HEAL-11454,474,Adelaide,2026-01-04
SKU-HOME-02742,392,Melbourne,2026-02-11
SKU-HEAL-11558,273,Adelaide,2026-06-23
SKU-SPOR-04230,44,Brisbane,2026-01-09
SKU-APPA-01784,76,Melbourne,2026-05-22
SKU-SPOR-03884,164,Adelaide,2026-05-08
SKU-HOME-02759,335,Perth,2026-07-21
SKU-OFFI-10621,498,Christchurch,2026-06-07
SKU-OFFI-09722,474,Auckland,2026-02-27
SKU-HEAL-11002,444,Wellington,2026-03-22
SKU-TOYS-06651,290,Perth,2026-05-25
SKU-OFFI-10071,413,Melbourne,2026-01-23
SKU-AUTO-08289,392,Sydney,2026-06-13
SKU-ELEC-00845,429,Sydney,2026-07-13
SKU-AUTO-07316,234,Wellington,2026-06-17
SKU-HOME-03150,372,Sydney,2026-03-06
SKU-ELEC-00861,143,Sydney,2026-03-16
SKU-ELEC-00712,190,Adelaide,2026-01-23
SKU-TOYS-06313,388,Sydney,2026-07-14
SKU-HOME-02690,48,Christchurch,2026-02-24
SKU-HOME-03426,395,Sydney,2026-02-07
SKU-HOME-03574,259,Auckland,2026-07-18
SKU-AUTO-08207,144,Wellington,2026-07-01
SKU-APPA-01907,208,Wellington,2026-01-24
SKU-HEAL-11462,364,Christchurch,2026-05-14
SKU-TOYS-06480,205,Brisbane,2026-05-27
SKU-HEAL-10922,216,Brisbane,2026-07-21
SKU-HEAL-10902,259,Christchurch,2026-06-05
SKU-AUTO-07237,164,Auckland,2026-05-16
SKU-AUTO-07519,128,Melbourne,2026-05-13
SKU-SPOR-03683,108,Perth,2026-03-17
SKU-BEAU-05781,262,Perth,2026-05-28
SKU-APPA-01843,38,Brisbane,2026-01-26
SKU-AUTO-07765,222,Melbourne,2026-03-09
SKU-AUTO-07303,24,Wellington,2026-03-19
SKU-AUTO-08097,366,Adelaide,2026-01-01
SKU-HOME-02636,161,Sydney,2026-07-11
SKU-HOME-03468,146,Sydney,2026-05-02
SKU-SPOR-04276,385,Melbourne,2026-06-21
SKU-GROC-09489,334,Adelaide,2026-07-15
SKU-HOME-03068,67,Wellington,2026-06-22
SKU-BEAU-05476,161,Brisbane,2026-07-01
SKU-TOYS-06075,406,Wellington,2026-03-12
SKU-TOYS-07073,398,Wellington,2026-05-03
SKU-SPOR-03602,210,Christchurch,2026-01-14
SKU-AUTO-08198,457,Brisbane,2026-03-19
SKU-TOYS-06457,196,Adelaide,2026-01-05
SKU-HOME-03160,406,Perth,2026-05-11
SKU-GROC-08455,499,Brisbane,2026-07-19
SKU-AUTO-07527,201,Melbourne,2026-05-03
SKU-BEAU-05902,131,Christchurch,2026-05-14
SKU-OFFI-10398,392,Melbourne,2026-02-10
SKU-HEAL-10924,403,Auckland,2026-03-13
SKU-OFFI-09884,273,Auckland,2026-06-02
SKU-HOME-02817,355,Auckland,2026-02-21
SKU-OFFI-10201,139,Wellington,2026-06-09
SKU-APPA-01593,169,Perth,2026-07-03
SKU-TOYS-06840,297,Melbourne,2026-04-01
SKU-OFFI-10471,249,Adelaide,2026-04-18
SKU-APPA-02145,120,Auckland,2026-07-25
SKU-TOYS-06502,221,Christchurch,2026-02-17
SKU-BEAU-04830,414,Adelaide,2026-01-16
SKU-HEAL-11905,265,Perth,2026-03-10
SKU-BEAU-05446,83,Wellington,2026-05-20
SKU-AUTO-07736,,Sydney,2026-07-21
SKU-HEAL-11141,208,Sydney,2026-01-22
SKU-APPA-01781,19,Adelaide,2026-04-04
SKU-ELEC-00409,323,Sydney,2026-05-15
SKU-APPA-01818,73,Auckland,2026-01-16
SKU-HOME-03238,306,Wellington,2026-05-13
SKU-BEAU-04956,12,Perth,2026-01-02
SKU-SPOR-04285,394,Sydney,2026-06-20
SKU-TOYS-06442,128,Adelaide,2026-05-18
SKU-GROC-08865,273,Adelaide,2026-01-14
SKU-ELEC-00794,9,Auckland,2026-06-28
SKU-SPOR-03936,220,Wellington,2026-06-05
SKU-ELEC-00181,376,Brisbane,2026-01-02
SKU-AUTO-07356,275,Christchurch,2026-07-08
SKU-SPOR-04508,91,Brisbane,2026-04-20
SKU-HOME-02825,122,Wellington,2026-05-08
SKU-OFFI-10214,438,Brisbane,2026-07-02
SKU-GROC-09396,242,Christchurch,2026-07-25
SKU-BEAU-05806,376,Sydney,2026-01-12
SKU-BEAU-05697,347,Wellington,2026-03-08
SKU-BEAU-05837,,Brisbane,2026-05-27
SKU-OFFI-10172,273,Perth,2026-02-06
SKU-APPA-01457,228,Wellington,2026-05-26
SKU-TOYS-06444,237,Christchurch,2026-04-12
SKU-BEAU-05216,138,Adelaide,2026-06-05
SKU-AUTO-08250,441,Perth,2026-03-02
SKU-HOME-03371,468,Melbourne,2026-07-24
SKU-AUTO-08219,450,Auckland,2026-05-28
SKU-TOYS-06392,239,Auckland,2026-04-27
SKU-AUTO-08208,428,Perth,2026-06-05
SKU-GROC-08860,56,Wellington,2026-01-21
SKU-GROC-09165,184,Sydney,2026-02-07
SKU-HEAL-10884,8,Adelaide,2026-03-13
SKU-SPOR-03670,281,Wellington,2026-07-19
SKU-ELEC-00556,95,Auckland,2026-05-23
SKU-HOME-03558,225,Sydney,2026-03-02
SKU-ELEC-00324,273,Wellington,2026-02-19
SKU-AUTO-08213,11,Wellington,2026-04-22
SKU-SPOR-04247,469,Auckland,2026-07-22
SKU-APPA-01492,201,Sydney,2026-04-05
SKU-TOYS-06225,136,Auckland,2026-04-03
SKU-TOYS-06116,346,Wellington,2026-05-24
SKU-BEAU-05072,489,Auckland,2026-03-22
SKU-AUTO-07769,251,Brisbane,2026-05-05
SKU-BEAU-05107,41,Sydney,2026-06-25
SKU-ELEC-00472,475,Melbourne,2026-06-13
SKU-SPOR-03952,309,Christchurch,2026-07-20
SKU-TOYS-06242,236,Christchurch,2026-01-21
SKU-ELEC-00153,80,Melbourne,2026-07-06
SKU-BEAU-05296,,Melbourne,2026-05-06
SKU-OFFI-10448,237,Wellington,2026-06-15
SKU-BEAU-05998,324,Sydney,2026-06-04
SKU-AUTO-07825,216,Auckland,2026-07-18
SKU-BEAU-05671,154,Wellington,2026-05-04
SKU-APPA-01658,140,Perth,2026-03-14
SKU-HEAL-11576,,Christchurch,2026-06-13
SKU-APPA-01393,224,Auckland,2026-01-18
SKU-HEAL-11796,342,Perth,2026-04-04
SKU-ELEC-00208,110,Melbourne,2026-04-17
SKU-AUTO-07613,33,Auckland,2026-03-14
SKU-HOME-02525,186,Auckland,2026-01-11
SKU-TOYS-06801,475,Christchurch,2026-03-17
SKU-BEAU-05554,474,Auckland,2026-06-17
SKU-ELEC-00266,8,Wellington,2026-05-27
SKU-OFFI-10052,107,Sydney,2026-07-02
SKU-HEAL-11544,255,Perth,2026-02-02
SKU-HOME-02451,,Christchurch,2026-07-22
SKU-HOME-03389,471,Auckland,2026-03-09
SKU-AUTO-07782,380,Melbourne,2026-05-20
SKU-GROC-09009,181,Melbourne,2026-01-19
SKU-ELEC-00086,248,Adelaide,2026-05-28
SKU-BEAU-04843,243,Perth,2026-06-03
SKU-TOYS-06522,185,Wellington,2026-06-07
SKU-SPOR-04430,287,Adelaide,2026-04-01
SKU-GROC-09028,175,Adelaide,2026-04-20
SKU-OFFI-10305,259,Melbourne,2026-03-16
SKU-TOYS-06229,428,Auckland,2026-02-16
SKU-HOME-03431,1,Adelaide,2026-06-24
SKU-AUTO-08388,,Wellington,2026-03-22
SKU-HOME-03113,438,Adelaide,2026-07-10
SKU-AUTO-07542,26,Melbourne,2026-04-18
SKU-BEAU-04953,9,Melbourne,2026-03-03
SKU-TOYS-06821,408,Adelaide,2026-04-14
SKU-AUTO-08203,138,Brisbane,2026-02-23
SKU-ELEC-00978,188,Melbourne,2026-07-04
SKU-APPA-02299,308,Melbourne,2026-01-01
SKU-APPA-02333,245,Wellington,2026-07-12
SKU-APPA-01811,259,Sydney,2026-07-08
SKU-HEAL-11368,63,Brisbane,2026-03-19
SKU-HOME-02882,474,Christchurch,2026-02-16
SKU-APPA-01332,266,Melbourne,2026-02-14
SKU-OFFI-10654,21,Melbourne,2026-07-01
SKU-SPOR-04102,318,Christchurch,2026-04-23
SKU-GROC-08408,60,Adelaide,2026-06-20
SKU-HEAL-11959,,Perth,2026-02-26
SKU-SPOR-04254,485,Wellington,2026-07-11
SKU-GROC-09091,409,Brisbane,2026-01-13
SKU-HOME-02959,389,Sydney,2026-01-10
SKU-GROC-08672,195,Wellington,2026-04-23
SKU-ELEC-00647,424,Auckland,2026-01-15
SKU-HEAL-11041,232,Melbourne,2026-01-01
SKU-HOME-03022,255,Christchurch,2026-05-19
SKU-AUTO-08116,78,Brisbane,2026-07-12
SKU-BEAU-05757,103,Melbourne,2026-05-25
SKU-BEAU-05763,92,Wellington,2026-01-02
SKU-TOYS-06653,428,Brisbane,2026-05-23
SKU-SPOR-03764,45,Wellington,2026-02-12
SKU-ELEC-00685,319,Adelaide,2026-01-07
SKU-TOYS-06542,395,Wellington,2026-04-04
SKU-TOYS-06001,33,Adelaide,2026-01-12
SKU-ELEC-00453,348,Wellington,2026-06-18
SKU-SPOR-03703,288,Brisbane,2026-03-26
SKU-HOME-02535,165,Melbourne,2026-03-11
SKU-GROC-09164,167,Sydney,2026-06-25
SKU-BEAU-04935,398,Adelaide,2026-01-07
SKU-TOYS-06245,157,Adelaide,2026-04-16
SKU-SPOR-04076,180,Perth,2026-04-20
SKU-TOYS-06602,152,Sydney,2026-06-06
SKU-ELEC-01140,228,Melbourne,2026-05-24
SKU-GROC-08885,202,Perth,2026-03-04
SKU-GROC-08576,333,Wellington,2026-01-09
SKU-SPOR-04037,395,Brisbane,2026-04-09
SKU-TOYS-06504,284,Melbourne,2026-03-02
SKU-AUTO-07415,221,Brisbane,2026-07-13
SKU-APPA-02358,476,Perth,2026-02-27
SKU-HOME-03390,467,Christchurch,2026-02-13
SKU-HOME-02522,201,Perth,2026-04-07
SKU-ELEC-00348,134,Brisbane,2026-06-14
SKU-GROC-09502,335,Christchurch,2026-07-03
SKU-HEAL-11191,449,Sydney,2026-03-09
SKU-TOYS-06103,472,Wellington,2026-07-09
SKU-SPOR-04456,487,Melbourne,2026-06-04
SKU-ELEC-00638,472,Sydney,2026-07-04
SKU-ELEC-00997,364,Brisbane,2026-04-18
SKU-BEAU-05078,151,Perth,2026-07-07
SKU-OFFI-09889,198,Adelaide,2026-05-15
SKU-BEAU-05786,99,Brisbane,2026-07-16
SKU-SPOR-03937,328,Sydney,2026-07-17
SKU-HEAL-11340,298,Wellington,2026-01-20
SKU-BEAU-05034,183,Christchurch,2026-06-13
SKU-APPA-01229,203,Melbourne,2026-07-16
SKU-GROC-09084,,Christchurch,2026-04-14
SKU-ELEC-01192,119,Wellington,2026-03-27
SKU-ELEC-00099,257,Brisbane,2026-01-20
SKU-BEAU-04893,171,Perth,2026-03-12
SKU-SPOR-04055,214,Christchurch,2026-04-05
SKU-ELEC-00517,218,Perth,2026-05-04
SKU-ELEC-00014,,Adelaide,2026-06-12
SKU-AUTO-07806,95,Sydney,2026-06-19
SKU-HOME-02484,367,Melbourne,2026-01-08
SKU-HOME-03480,277,Christchurch,2026-07-14
SKU-ELEC-00691,238,Perth,2026-03-14
SKU-BEAU-05846,266,Christchurch,2026-06-01
SKU-HOME-02688,122,Auckland,2026-01-25
SKU-HEAL-11021,363,Sydney,2026-05-24
SKU-BEAU-05116,32,Wellington,2026-07-12
SKU-BEAU-05406,332,Brisbane,2026-01-10
SKU-ELEC-01065,159,Perth,2026-05-01
SKU-GROC-08812,329,Melbourne,2026-06-14
SKU-BEAU-05804,74,Wellington,2026-05-20
SKU-ELEC-00924,464,Perth,2026-02-22
SKU-GROC-08481,219,Melbourne,2026-05-20
SKU-OFFI-10610,450,Auckland,2026-04-25
SKU-SPOR-03702,420,Christchurch,2026-01-04
SKU-SPOR-04267,415,Auckland,2026-02-08
SKU-AUTO-07383,68,Perth,2026-07-02
SKU-HOME-03220,457,Auckland,2026-06-14
SKU-OFFI-10680,122,Melbourne,2026-05-21
SKU-HEAL-11068,160,Perth,2026-06-24
SKU-SPOR-04328,159,Perth,2026-03-05
SKU-BEAU-05582,102,Wellington,2026-03-19
SKU-APPA-01531,379,Christchurch,2026-07-17
SKU-TOYS-06303,388,Adelaide,2026-05-07
SKU-AUTO-07562,261,Sydney,2026-06-01
SKU-OFFI-09638,381,Christchurch,2026-06-03
SKU-TOYS-06603,246,Wellington,2026-01-07
SKU-AUTO-08075,209,Christchurch,2026-04-07
SKU-BEAU-05941,177,Sydney,2026-04-22
SKU-TOYS-06300,479,Sydney,2026-05-10
SKU-GROC-09423,486,Brisbane,2026-07-11
SKU-HOME-02989,13,Auckland,2026-02-14
SKU-GROC-09369,285,Sydney,2026-05-11
SKU-HOME-02621,146,Melbourne,2026-04-18
SKU-AUTO-07450,217,Adelaide,2026-05-04
SKU-AUTO-07381,,Perth,2026-07-26
SKU-HEAL-11941,,Perth,2026-06-24
SKU-HOME-02630,288,Auckland,2026-04-22
SKU-GROC-09579,125,Adelaide,2026-03-18
SKU-AUTO-07343,471,Auckland,2026-07-25
SKU-HOME-03590,129,Auckland,2026-02-05
SKU-TOYS-06731,321,Auckland,2026-01-18
SKU-HOME-02611,351,Wellington,2026-06-14
SKU-TOYS-06021,206,Wellington,2026-04-03
SKU-GROC-09315,243,Perth,2026-07-25
SKU-AUTO-08133,354,Christchurch,2026-06-10
SKU-ELEC-00879,5,Adelaide,2026-06-19
SKU-HEAL-10996,172,Brisbane,2026-01-19
SKU-APPA-02052,172,Brisbane,2026-02-26
SKU-ELEC-01000,307,Adelaide,2026-07-08
SKU-HOME-02872,34,Auckland,2026-06-20
SKU-AUTO-07500,268,Wellington,2026-02-27
SKU-TOYS-06260,173,Wellington,2026-05-14
SKU-SPOR-04306,,Perth,2026-01-25
SKU-AUTO-07830,5,Melbourne,2026-03-14
SKU-TOYS-06893,110,Sydney,2026-04-04
SKU-BEAU-05109,103,Auckland,2026-07-27
SKU-BEAU-04926,101,Perth,2026-01-16
SKU-GROC-08771,173,Auckland,2026-01-10
SKU-BEAU-05984,212,Melbourne,2026-01-24
SKU-HEAL-11769,,Christchurch,2026-01-22
SKU-APPA-01684,202,Sydney,2026-01-16
SKU-APPA-02160,388,Adelaide,2026-07-18
SKU-APPA-02071,79,Sydney,2026-03-17
SKU-GROC-09132,46,Brisbane,2026-02-19
SKU-GROC-08957,466,Adelaide,2026-04-23
SKU-AUTO-07927,169,Brisbane,2026-04-10
SKU-HOME-03086,292,Brisbane,2026-04-07
SKU-OFFI-09896,467,Adelaide,2026-02-28
SKU-OFFI-09711,378,Adelaide,2026-05-28
SKU-OFFI-10429,258,Melbourne,2026-05-18
SKU-APPA-01324,287,Auckland,2026-06-17
SKU-BEAU-05294,232,Perth,2026-02-07
SKU-SPOR-03896,182,Christchurch,2026-03-21
SKU-ELEC-00669,467,Brisbane,2026-06-01
SKU-SPOR-04432,186,Wellington,2026-01-13
SKU-BEAU-05448,430,Christchurch,2026-06-10
SKU-SPOR-04408,111,Perth,2026-07-10
SKU-HOME-02581,49,Christchurch,2026-07-26
SKU-HEAL-11334,220,Christchurch,2026-02-24
SKU-AUTO-08387,,Auckland,2026-03-07
SKU-TOYS-07106,495,Melbourne,2026-05-19
SKU-BEAU-05694,453,Brisbane,2026-01-03
SKU-HEAL-11444,336,Wellington,2026-07-27
SKU-TOYS-06799,253,Wellington,2026-02-28
SKU-HOME-03252,309,Christchurch,2026-04-20
SKU-GROC-08568,68,Brisbane,2026-07-26
SKU-OFFI-10285,336,Wellington,2026-01-23
SKU-APPA-01581,467,Christchurch,2026-03-22
SKU-HEAL-11136,9,Melbourne,2026-05-12
SKU-TOYS-06668,312,Sydney,2026-07-03
SKU-OFFI-10594,475,Melbourne,2026-03-24
SKU-BEAU-05398,9,Perth,2026-01-06
SKU-SPOR-04069,,Christchurch,2026-05-26
SKU-BEAU-05424,100,Sydney,2026-05-17
SKU-TOYS-06040,305,Melbourne,2026-05-02
SKU-HEAL-10896,431,Auckland,2026-02-19
SKU-OFFI-10725,319,Sydney,2026-05-08
SKU-TOYS-07143,275,Melbourne,2026-07-26
SKU-HOME-02488,180,Perth,2026-05-16
SKU-SPOR-04655,455,Melbourne,2026-04-12
SKU-BEAU-05475,217,Brisbane,2026-01-02
SKU-HEAL-11987,87,Auckland,2026-06-09
SKU-TOYS-06666,124,Auckland,2026-06-21
SKU-TOYS-06275,297,Perth,2026-06-21
SKU-SPOR-04429,302,Sydney,2026-02-04
SKU-APPA-01837,381,Brisbane,2026-03-22
SKU-GROC-08496,85,Wellington,2026-03-11
SKU-HEAL-11057,272,Melbourne,2026-06-20
SKU-GROC-09034,265,Sydney,2026-02-01
SKU-AUTO-07399,177,Melbourne,2026-03-16
SKU-BEAU-05272,206,Brisbane,2026-03-05
SKU-AUTO-07260,,Brisbane,2026-05-25
SKU-AUTO-08139,81,Melbourne,2026-02-14
SKU-BEAU-05954,368,Sydney,2026-05-14
SKU-GROC-09418,375,Sydney,2026-02-15
SKU-AUTO-07950,59,Auckland,2026-01-08
SKU-AUTO-07493,283,Sydney,2026-02-15
SKU-SPOR-04733,477,Wellington,2026-01-18
SKU-OFFI-10353,92,Melbourne,2026-01-25
SKU-HOME-02722,432,Wellington,2026-05-09
SKU-GROC-08855,43,Auckland,2026-04-27
SKU-GROC-09114,71,Perth,2026-01-26
SKU-BEAU-05122,246,Melbourne,2026-01-20
SKU-TOYS-06657,106,Brisbane,2026-06-13
SKU-AUTO-08168,101,Wellington,2026-01-12
SKU-SPOR-04060,482,Melbourne,2026-03-16
SKU-AUTO-07649,100,Auckland,2026-06-21
SKU-SPOR-04278,406,Sydney,2026-06-03
SKU-HOME-02442,255,Sydney,2026-04-12
SKU-SPOR-04458,257,Auckland,2026-07-09
SKU-APPA-02227,439,Christchurch,2026-04-27
SKU-TOYS-06824,195,Sydney,2026-02-12
SKU-TOYS-06847,476,Adelaide,2026-07-22
SKU-SPOR-04372,58,Melbourne,2026-04-20
SKU-SPOR-04686,214,Adelaide,2026-06-21
SKU-AUTO-08134,413,Brisbane,2026-04-21
SKU-APPA-02311,5,Perth,2026-06-06
SKU-TOYS-06820,265,Melbourne,2026-05-20
SKU-HEAL-11017,117,Adelaide,2026-05-04
SKU-TOYS-06571,444,Christchurch,2026-06-14
SKU-AUTO-07271,176,Perth,2026-03-21
SKU-HEAL-10875,334,Perth,2026-06-22
SKU-GROC-08436,270,Christchurch,2026-01-08
SKU-APPA-02323,491,Melbourne,2026-05-14
SKU-HOME-03331,499,Christchurch,2026-01-09
SKU-AUTO-07996,155,Wellington,2026-01-03
SKU-APPA-02136,261,Christchurch,2026-05-16
SKU-BEAU-04978,,Christchurch,2026-03-06
SKU-HEAL-11658,450,Auckland,2026-02-06
SKU-HEAL-11279,490,Auckland,2026-05-12
SKU-SPOR-04026,428,Brisbane,2026-06-18
SKU-SPOR-04734,257,Auckland,2026-03-03
SKU-GROC-08974,151,Wellington,2026-05-21
SKU-AUTO-07632,135,Wellington,2026-01-01
SKU-AUTO-07818,59,Sydney,2026-05-03
SKU-HOME-03114,26,Auckland,2026-01-07
SKU-ELEC-00948,217,Sydney,2026-02-09
SKU-TOYS-06975,22,Perth,2026-06-16
SKU-BEAU-05975,17,Adelaide,2026-03-17
SKU-TOYS-06688,453,Perth,2026-01-07
SKU-ELEC-00912,484,Perth,2026-04-13
SKU-BEAU-05820,145,Sydney,2026-06-24
SKU-AUTO-08235,58,Christchurch,2026-06-12
SKU-ELEC-00375,482,Brisbane,2026-07-15
SKU-GROC-08654,160,Sydney,2026-02-21
SKU-AUTO-07258,426,Auckland,2026-07-27
SKU-OFFI-10345,36,Auckland,2026-07-08
SKU-BEAU-05650,,Christchurch,2026-02-12
SKU-ELEC-00526,425,Auckland,2026-04-22
SKU-GROC-09383,182,Perth,2026-07-18
SKU-BEAU-05326,416,Auckland,2026-01-03
SKU-AUTO-07929,79,Sydney,2026-07-17
SKU-APPA-01325,477,Auckland,2026-06-04
SKU-AUTO-07414,301,Brisbane,2026-06-22
SKU-GROC-09522,362,Wellington,2026-06-03
SKU-SPOR-04125,58,Melbourne,2026-04-20
SKU-APPA-01851,26,Wellington,2026-04-26
SKU-OFFI-10211,137,Adelaide,2026-02-28
SKU-HEAL-11977,,Melbourne,2026-05-17
SKU-ELEC-00226,339,Brisbane,2026-04-19
SKU-AUTO-07714,432,Christchurch,2026-06-07
SKU-ELEC-00467,160,Christchurch,2026-06-21
SKU-ELEC-00515,249,Melbourne,2026-06-19
SKU-HEAL-11490,201,Auckland,2026-06-05
SKU-AUTO-08062,124,Wellington,2026-06-12
SKU-SPOR-04170,1,Perth,2026-06-17
SKU-HEAL-11433,457,Brisbane,2026-01-20
SKU-TOYS-06615,,Melbourne,2026-01-10
SKU-HOME-03596,68,Brisbane,2026-05-15
SKU-GROC-09099,284,Wellington,2026-04-24
SKU-GROC-08483,238,Wellington,2026-07-07
SKU-SPOR-04557,339,Brisbane,2026-06-13
SKU-HEAL-11316,,Sydney,2026-02-21
SKU-OFFI-10415,13,Adelaide,2026-02-12
SKU-HEAL-11076,458,Wellington,2026-03-08
SKU-AUTO-07254,449,Auckland,2026-03-02
SKU-SPOR-04469,286,Auckland,2026-04-23
SKU-APPA-01643,305,Melbourne,2026-07-07
SKU-ELEC-00659,358,Christchurch,2026-03-24
SKU-GROC-09436,9,Sydney,2026-07-13
SKU-APPA-01804,43,Auckland,2026-03-11
SKU-GROC-09332,51,Auckland,2026-04-12
SKU-GROC-09361,400,Auckland,2026-01-11
SKU-HOME-02672,243,Christchurch,2026-04-07
SKU-APPA-01369,78,Melbourne,2026-05-28
SKU-OFFI-10260,196,Christchurch,2026-07-28
SKU-SPOR-03948,360,Perth,2026-05-23
SKU-AUTO-07214,489,Christchurch,2026-07-18
SKU-ELEC-00996,77,Melbourne,2026-03-18
SKU-TOYS-07068,388,Auckland,2026-06-08
SKU-SPOR-03802,26,Brisbane,2026-04-08
SKU-BEAU-05451,124,Auckland,2026-04-10
SKU-GROC-09362,441,Perth,2026-04-04
SKU-BEAU-05314,382,Auckland,2026-02-22
SKU-BEAU-05769,319,Wellington,2026-05-08
SKU-HOME-02483,462,Sydney,2026-05-28
SKU-BEAU-05151,495,Melbourne,2026-07-02
SKU-TOYS-06827,342,Auckland,2026-07-01
SKU-HOME-03116,73,Christchurch,2026-07-20
SKU-GROC-09119,12,Adelaide,2026-06-12
SKU-GROC-08923,130,Wellington,2026-02-01
SKU-ELEC-00957,297,Wellington,2026-02-13
SKU-OFFI-09729,271,Adelaide,2026-06-08
SKU-HEAL-11269,270,Auckland,2026-04-11
SKU-HOME-03460,361,Wellington,2026-06-17
SKU-BEAU-05043,213,Melbourne,2026-06-25
SKU-HOME-03132,491,Christchurch,2026-02-07
SKU-HOME-03323,411,Christchurch,2026-06-10
SKU-HOME-03475,341,Melbourne,2026-02-20
SKU-ELEC-00227,12,Adelaide,2026-04-08
SKU-SPOR-04749,1,Adelaide,2026-07-21
SKU-BEAU-04879,162,Wellington,2026-03-06
SKU-BEAU-05381,82,Wellington,2026-07-12
SKU-HEAL-11301,30,Christchurch,2026-03-07
SKU-HEAL-11943,488,Christchurch,2026-01-03
SKU-ELEC-00320,271,Sydney,2026-05-19
SKU-HOME-03487,318,Sydney,2026-01-01
SKU-APPA-01363,342,Sydney,2026-01-13
SKU-HEAL-11627,475,Sydney,2026-06-13
SKU-HOME-02635,276,Wellington,2026-01-27
SKU-ELEC-00435,244,Adelaide,2026-03-28
SKU-OFFI-09818,242,Brisbane,2026-05-18
SKU-GROC-08706,338,Sydney,2026-05-23
SKU-HOME-02419,312,Christchurch,2026-03-16
SKU-HOME-03479,54,Brisbane,2026-06-28
SKU-GROC-08627,94,Brisbane,2026-05-01
SKU-OFFI-10670,177,Auckland,2026-07-26
SKU-HEAL-11531,101,Sydney,2026-04-19
SKU-AUTO-07485,182,Christchurch,2026-04-03
SKU-OFFI-10148,479,Adelaide,2026-01-24
SKU-APPA-02240,106,Wellington,2026-04-03
SKU-HEAL-11314,455,Adelaide,2026-06-10
SKU-BEAU-05102,170,Sydney,2026-04-24
SKU-OFFI-10149,265,Melbourne,2026-03-06
SKU-BEAU-05810,110,Auckland,2026-02-26
SKU-BEAU-05207,18,Adelaide,2026-04-28
SKU-TOYS-06251,,Christchurch,2026-03-27
SKU-SPOR-04054,208,Perth,2026-06-20
SKU-GROC-08926,17,Auckland,2026-03-02
SKU-ELEC-00722,132,Adelaide,2026-06-09
SKU-AUTO-07828,334,Auckland,2026-04-06
SKU-ELEC-00529,333,Brisbane,2026-06-28
SKU-APPA-01260,287,Sydney,2026-01-01
SKU-HEAL-11646,158,Brisbane,2026-06-02
SKU-APPA-01359,285,Brisbane,2026-02-19
SKU-BEAU-05253,,Wellington,2026-01-21
SKU-HEAL-11180,258,Brisbane,2026-06-15
SKU-SPOR-04606,21,Christchurch,2026-01-28
SKU-ELEC-00351,436,Perth,2026-03-05
SKU-HEAL-11770,71,Sydney,2026-02-23
SKU-ELEC-00877,69,Christchurch,2026-03-17
SKU-AUTO-07685,283,Wellington,2026-05-23
SKU-ELEC-00565,109,Brisbane,2026-03-01
SKU-GROC-08721,43,Wellington,2026-07-14
SKU-APPA-02273,329,Auckland,2026-03-04
SKU-GROC-08972,411,Brisbane,2026-02-23
SKU-AUTO-08086,452,Wellington,2026-01-06
SKU-TOYS-06258,31,Brisbane,2026-04-22
SKU-ELEC-00297,415,Sydney,2026-01-26
SKU-GROC-08864,120,Auckland,2026-07-24
SKU-AUTO-07953,425,Auckland,2026-03-14
SKU-HOME-03439,304,Sydney,2026-07-15
SKU-OFFI-10379,407,Sydney,2026-03-21
SKU-HOME-02819,62,Auckland,2026-01-07
SKU-SPOR-04370,6,Brisbane,2026-06-23
SKU-OFFI-10385,236,Sydney,2026-02-28
SKU-HOME-03370,407,Melbourne,2026-07-08
SKU-HEAL-11502,295,Adelaide,2026-04-15
SKU-OFFI-09724,305,Melbourne,2026-02-11
SKU-HEAL-11776,251,Wellington,2026-05-18
SKU-BEAU-05862,482,Perth,2026-04-08
SKU-TOYS-07133,423,Wellington,2026-03-05
SKU-AUTO-07522,449,Wellington,2026-01-09
SKU-TOYS-06110,283,Christchurch,2026-06-19
SKU-AUTO-07778,161,Perth,2026-03-03
SKU-BEAU-05271,,Christchurch,2026-01-22
SKU-SPOR-04714,48,Christchurch,2026-06-21
SKU-HOME-02847,139,Wellington,2026-03-11
SKU-GROC-08469,471,Brisbane,2026-01-24
SKU-SPOR-03995,37,Auckland,2026-04-14
SKU-GROC-09585,419,Christchurch,2026-03-22
SKU-ELEC-00454,163,Brisbane,2026-01-05
SKU-AUTO-08285,71,Christchurch,2026-06-15
SKU-HOME-02571,361,Christchurch,2026-06-04
SKU-GROC-08582,352,Auckland,2026-01-28
SKU-HEAL-11432,145,Melbourne,2026-07-20
SKU-APPA-01942,256,Perth,2026-06-06
SKU-ELEC-00306,48,Perth,2026-07-14
SKU-GROC-09047,401,Melbourne,2026-02-07
SKU-HEAL-11429,461,Adelaide,2026-03-12
SKU-SPOR-03844,271,Adelaide,2026-05-18
SKU-HEAL-11302,86,Christchurch,2026-02-02
SKU-ELEC-00905,462,Perth,2026-03-14
SKU-ELEC-01025,208,Perth,2026-06-19
SKU-TOYS-06027,362,Adelaide,2026-05-25
SKU-ELEC-00115,150,Sydney,2026-04-28
SKU-AUTO-07626,436,Melbourne,2026-07-22
SKU-APPA-01960,236,Brisbane,2026-03-01
SKU-TOYS-06226,267,Christchurch,2026-04-28
SKU-APPA-01302,237,Sydney,2026-02-11
SKU-ELEC-00994,96,Brisbane,2026-04-10
SKU-SPOR-04798,345,Adelaide,2026-01-17
SKU-GROC-09335,350,Sydney,2026-05-03
SKU-OFFI-10281,233,Brisbane,2026-03-28
SKU-AUTO-08338,118,Wellington,2026-03-14
SKU-AUTO-08044,36,Auckland,2026-04-02
SKU-APPA-01205,90,Christchurch,2026-04-07
SKU-ELEC-00362,272,Perth,2026-03-03
SKU-SPOR-04559,66,Christchurch,2026-03-02
SKU-HEAL-11503,32,Auckland,2026-04-06
SKU-HEAL-11394,,Perth,2026-02-20
SKU-HEAL-10997,293,Brisbane,2026-01-14
SKU-BEAU-05261,120,Auckland,2026-04-12
SKU-TOYS-06412,325,Sydney,2026-02-11
SKU-AUTO-08038,267,Adelaide,2026-03-26
SKU-SPOR-03750,97,Adelaide,2026-03-23
SKU-TOYS-06791,54,Brisbane,2026-06-22
SKU-HOME-02982,100,Adelaide,2026-05-28
SKU-HEAL-10824,157,Auckland,2026-03-27
SKU-GROC-08907,20,Melbourne,2026-06-13
SKU-GROC-09582,177,Christchurch,2026-05-04
SKU-TOYS-06424,,Melbourne,2026-06-09
SKU-SPOR-04209,124,Wellington,2026-05-26
SKU-OFFI-09878,48,Auckland,2026-06-14
SKU-AUTO-07731,422,Sydney,2026-04-15
SKU-APPA-01758,308,Sydney,2026-04-02
SKU-HOME-03520,79,Brisbane,2026-01-09
SKU-GROC-08555,436,Adelaide,2026-05-15
SKU-HOME-02524,233,Wellington,2026-02-08
SKU-BEAU-05973,360,Auckland,2026-04-21
SKU-HEAL-11911,314,Perth,2026-03-16
SKU-APPA-02337,445,Auckland,2026-06-26
SKU-BEAU-05765,462,Sydney,2026-03-13
SKU-APPA-01761,156,Perth,2026-02-04
SKU-AUTO-08033,174,Perth,2026-03-18
SKU-ELEC-01172,375,Wellington,2026-06-05
SKU-APPA-02114,337,Sydney,2026-02-19
SKU-HEAL-10880,109,Brisbane,2026-06-08
SKU-BEAU-05515,51,Sydney,2026-02-06
SKU-HOME-03534,186,Wellington,2026-06-11
SKU-SPOR-04119,467,Auckland,2026-01-05
SKU-BEAU-05861,244,Brisbane,2026-04-19
SKU-AUTO-07673,,Perth,2026-02-14
SKU-HOME-03301,330,Auckland,2026-02-06
SKU-HEAL-11325,476,Christchurch,2026-06-27
SKU-SPOR-03984,,Wellington,2026-05-20
SKU-GROC-09240,138,Auckland,2026-01-23
SKU-SPOR-03889,244,Perth,2026-02-04
SKU-TOYS-06474,490,Wellington,2026-02-08
SKU-HEAL-10987,343,Perth,2026-04-04
SKU-SPOR-04476,275,Christchurch,2026-02-20
SKU-OFFI-10226,140,Perth,2026-07-04
SKU-GROC-08770,348,Sydney,2026-05-02
SKU-APPA-01389,100,Brisbane,2026-03-20
SKU-ELEC-00069,120,Melbourne,2026-03-27
SKU-BEAU-05050,283,Wellington,2026-06-25
SKU-AUTO-08081,465,Brisbane,2026-02-21
SKU-TOYS-06447,4,Wellington,2026-07-17
SKU-HOME-03311,491,Auckland,2026-01-08
SKU-AUTO-07721,443,Perth,2026-03-03
SKU-AUTO-08330,89,Christchurch,2026-04-28
SKU-SPOR-04416,131,Auckland,2026-04-17
SKU-APPA-01452,196,Sydney,2026-03-08
SKU-HOME-03169,327,Perth,2026-05-15
SKU-APPA-02306,397,Wellington,2026-01-04
SKU-HOME-03133,19,Brisbane,2026-06-22
SKU-AUTO-07822,79,Adelaide,2026-04-23
SKU-AUTO-08272,321,Auckland,2026-04-24
SKU-SPOR-03763,,Sydney,2026-06-01
SKU-ELEC-00206,53,Adelaide,2026-02-04
SKU-HOME-03514,57,Perth,2026-06-25
SKU-APPA-02170,232,Christchurch,2026-01-02
SKU-APPA-01676,356,Auckland,2026-07-03
SKU-HEAL-11605,464,Auckland,2026-06-26
SKU-GROC-09381,12,Melbourne,2026-02-14
SKU-AUTO-08349,326,Christchurch,2026-07-18
SKU-AUTO-07957,64,Adelaide,2026-01-03
SKU-BEAU-05015,375,Christchurch,2026-01-11
SKU-TOYS-07086,297,Brisbane,2026-07-22
SKU-ELEC-00990,378,Christchurch,2026-04-12
SKU-ELEC-00495,454,Wellington,2026-07-08
SKU-HEAL-11732,192,Christchurch,2026-05-01
SKU-OFFI-10303,231,Auckland,2026-07-14
SKU-APPA-02064,362,Melbourne,2026-01-01
SKU-APPA-02060,,Wellington,2026-01-03
SKU-GROC-08993,407,Brisbane,2026-04-11
SKU-HOME-02897,425,Christchurch,2026-06-05
SKU-GROC-09092,317,Sydney,2026-03-21
SKU-APPA-01516,76,Wellington,2026-05-12
SKU-GROC-09013,150,Melbourne,2026-06-17
SKU-APPA-01945,323,Christchurch,2026-07-16
SKU-APPA-01226,379,Wellington,2026-05-17
SKU-HOME-02702,192,Sydney,2026-05-20
SKU-TOYS-06160,7,Wellington,2026-06-11
SKU-BEAU-05784,327,Melbourne,2026-07-01
SKU-OFFI-09941,392,Sydney,2026-03-05
SKU-BEAU-05651,393,Brisbane,2026-02-16
SKU-ELEC-00881,459,Perth,2026-05-18
SKU-AUTO-08185,,Wellington,2026-03-08
SKU-HOME-02845,419,Perth,2026-01-03
SKU-AUTO-07499,352,Wellington,2026-03-18
SKU-OFFI-09649,281,Melbourne,2026-01-23
SKU-AUTO-07416,64,Sydney,2026-02-08
SKU-GROC-08795,16,Melbourne,2026-06-05
SKU-ELEC-00271,97,Brisbane,2026-02-20
SKU-ELEC-00094,421,Melbourne,2026-02-05
SKU-AUTO-07330,228,Adelaide,2026-04-16
SKU-OFFI-10589,,Wellington,2026-04-03
SKU-HOME-02640,357,Adelaide,2026-07-21
SKU-BEAU-05704,41,Melbourne,2026-02-08
SKU-HEAL-10961,,Perth,2026-06-10
SKU-OFFI-09892,185,Auckland,2026-03-26
SKU-AUTO-08371,399,Adelaide,2026-05-15
SKU-TOYS-07109,453,Brisbane,2026-01-25
SKU-GROC-09426,226,Christchurch,2026-01-13
SKU-AUTO-08236,129,Adelaide,2026-07-22
SKU-HOME-03057,456,Melbourne,2026-01-02
SKU-AUTO-07737,422,Brisbane,2026-02-04
SKU-ELEC-00827,377,Wellington,2026-06-11
SKU-TOYS-06607,425,Auckland,2026-02-25
SKU-TOYS-06134,147,Auckland,2026-03-02
SKU-HEAL-10959,32,Auckland,2026-06-10
SKU-AUTO-08309,65,Brisbane,2026-05-23
SKU-OFFI-10754,243,Melbourne,2026-06-22
SKU-GROC-08894,267,Christchurch,2026-06-15
SKU-GROC-09484,189,Wellington,2026-03-03
SKU-HEAL-11387,421,Brisbane,2026-03-03
SKU-APPA-02320,247,Auckland,2026-04-12
SKU-GROC-08776,362,Auckland,2026-03-26
SKU-APPA-01610,481,Sydney,2026-03-28
SKU-APPA-02207,299,Adelaide,2026-04-22
SKU-HOME-02494,14,Wellington,2026-02-04
SKU-TOYS-06784,391,Brisbane,2026-01-25
SKU-TOYS-06887,425,Auckland,2026-03-03
SKU-AUTO-07469,82,Adelaide,2026-02-28
SKU-TOYS-06013,57,Melbourne,2026-06-06
SKU-HOME-02929,348,Auckland,2026-05-02
SKU-ELEC-00590,198,Melbourne,2026-04-21
SKU-HOME-03134,0,Melbourne,2026-03-07
SKU-AUTO-08308,427,Perth,2026-03-03
SKU-AUTO-07327,408,Perth,2026-04-21
SKU-HEAL-11031,30,Sydney,2026-02-17
SKU-HOME-03172,370,Wellington,2026-01-27
SKU-SPOR-04628,,Wellington,2026-07-07
SKU-TOYS-06044,29,Adelaide,2026-05-01
SKU-ELEC-01159,117,Christchurch,2026-06-20
SKU-APPA-02033,386,Christchurch,2026-06-19
SKU-SPOR-04630,1,Brisbane,2026-04-21
SKU-BEAU-05495,399,Wellington,2026-04-25
SKU-TOYS-06941,,Perth,2026-05-20
SKU-SPOR-03837,213,Auckland,2026-05-20
SKU-OFFI-10437,468,Melbourne,2026-04-06
SKU-TOYS-07061,460,Wellington,2026-03-01
SKU-HOME-03292,269,Auckland,2026-02-23
SKU-SPOR-03874,440,Melbourne,2026-07-26
SKU-SPOR-04122,46,Brisbane,2026-06-02
SKU-ELEC-01080,492,Adelaide,2026-04-04
SKU-HEAL-11039,431,Brisbane,2026-07-26
SKU-BEAU-05565,281,Brisbane,2026-01-01
SKU-HEAL-11814,378,Adelaide,2026-01-19
SKU-SPOR-04519,190,Adelaide,2026-05-24
SKU-HOME-02660,226,Wellington,2026-04-05
SKU-GROC-08731,470,Wellington,2026-02-13
SKU-BEAU-05987,52,Perth,2026-06-19
SKU-BEAU-05875,446,Auckland,2026-03-07
SKU-AUTO-07687,382,Melbourne,2026-01-07
SKU-APPA-01413,371,Wellington,2026-06-01
SKU-TOYS-07098,357,Sydney,2026-05-18
SKU-TOYS-06269,314,Adelaide,2026-07-25
SKU-AUTO-07819,336,Adelaide,2026-05-14
SKU-APPA-02009,284,Brisbane,2026-02-01
SKU-BEAU-05724,1,Christchurch,2026-02-01
SKU-BEAU-05482,261,Christchurch,2026-07-12
SKU-AUTO-07320,200,Melbourne,2026-06-25
SKU-BEAU-05916,421,Sydney,2026-05-12
SKU-APPA-02197,110,Sydney,2026-05-11
SKU-HEAL-11935,457,Wellington,2026-01-24
SKU-AUTO-08325,198,Adelaide,2026-03-14
SKU-APPA-01347,9,Melbourne,2026-03-18
SKU-BEAU-05985,212,Melbourne,2026-04-13
SKU-APPA-01992,124,Adelaide,2026-05-18
SKU-SPOR-04728,337,Wellington,2026-06-03
SKU-GROC-08418,326,Adelaide,2026-01-01
SKU-BEAU-05789,334,Sydney,2026-03-26
SKU-TOYS-07036,95,Perth,2026-03-10
SKU-APPA-02376,177,Sydney,2026-04-17
SKU-ELEC-00632,,Melbourne,2026-01-18
SKU-GROC-08877,236,Sydney,2026-02-11
SKU-SPOR-03776,7,Adelaide,2026-03-05
SKU-TOYS-06685,,Melbourne,2026-06-10
SKU-HEAL-11153,274,Christchurch,2026-05-15
SKU-OFFI-10365,226,Auckland,2026-02-09
SKU-TOYS-06287,327,Adelaide,2026-04-01
SKU-GROC-08780,158,Sydney,2026-01-12
SKU-TOYS-06471,482,Melbourne,2026-05-22
SKU-HOME-03250,268,Wellington,2026-07-24
SKU-TOYS-06262,448,Melbourne,2026-03-20
SKU-BEAU-05243,332,Christchurch,2026-07-13
SKU-GROC-08729,,Christchurch,2026-04-23
SKU-AUTO-07444,432,Sydney,2026-06-12
SKU-SPOR-04577,151,Christchurch,2026-02-28
SKU-HEAL-11430,128,Brisbane,2026-02-19
SKU-BEAU-05252,117,Adelaide,2026-03-20
SKU-ELEC-00170,6,Brisbane,2026-07-18
SKU-TOYS-06445,376,Sydney,2026-04-02
SKU-TOYS-06532,122,Christchurch,2026-06-22
SKU-HOME-02900,229,Auckland,2026-01-20
SKU-ELEC-01024,171,Christchurch,2026-06-24
SKU-HEAL-11996,386,Auckland,2026-02-08
SKU-OFFI-09829,,Auckland,2026-07-20
SKU-BEAU-05254,176,Christchurch,2026-05-25
SKU-BEAU-05180,492,Auckland,2026-03-12
SKU-HOME-03187,252,Christchurch,2026-01-04
SKU-ELEC-01036,198,Wellington,2026-03-04
SKU-ELEC-00333,90,Brisbane,2026-01-21
SKU-GROC-08909,51,Auckland,2026-03-28
SKU-BEAU-05020,253,Sydney,2026-06-08
SKU-HEAL-11330,410,Christchurch,2026-05-01
SKU-TOYS-06525,182,Sydney,2026-07-05
SKU-OFFI-10048,219,Auckland,2026-01-05
SKU-APPA-01333,195,Christchurch,2026-06-20
SKU-ELEC-00503,369,Adelaide,2026-06-16
SKU-BEAU-05531,486,Melbourne,2026-06-20
SKU-SPOR-04046,399,Brisbane,2026-07-04
SKU-HEAL-11266,140,Wellington,2026-07-03
SKU-APPA-02388,457,Adelaide,2026-06-10
SKU-OFFI-10687,302,Adelaide,2026-01-23
SKU-SPOR-03760,349,Melbourne,2026-05-06
SKU-ELEC-00021,222,Wellington,2026-04-17
SKU-BEAU-05886,,Auckland,2026-03-03
SKU-GROC-09557,37,Brisbane,2026-01-14
SKU-HEAL-11924,238,Sydney,2026-01-15
SKU-HOME-02414,313,Melbourne,2026-03-22
SKU-HOME-03381,161,Melbourne,2026-01-17
SKU-TOYS-06006,484,Perth,2026-04-26
SKU-TOYS-07104,485,Brisbane,2026-06-07
SKU-ELEC-00734,130,Perth,2026-01-05
SKU-HEAL-10857,152,Brisbane,2026-03-01
SKU-ELEC-00444,461,Auckland,2026-05-13
SKU-OFFI-10100,,Brisbane,2026-04-05
SKU-HEAL-11395,62,Christchurch,2026-01-11
SKU-SPOR-04663,366,Sydney,2026-03-15
SKU-SPOR-03967,305,Sydney,2026-06-06
SKU-APPA-01544,221,Sydney,2026-05-05
SKU-APPA-01649,430,Wellington,2026-06-05
SKU-GROC-09443,82,Auckland,2026-01-15
SKU-GROC-09200,445,Adelaide,2026-01-22
SKU-OFFI-10580,66,Wellington,2026-07-12
SKU-OFFI-10155,136,Adelaide,2026-06-19
SKU-APPA-01627,87,Perth,2026-02-05
SKU-TOYS-06259,328,Perth,2026-07-21
SKU-GROC-09492,253,Auckland,2026-06-15
SKU-HOME-03424,478,Perth,2026-03-15
SKU-HEAL-11099,428,Melbourne,2026-07-14
SKU-SPOR-04702,14,Wellington,2026-03-07
SKU-BEAU-04818,464,Sydney,2026-07-14
SKU-HOME-03188,469,Christchurch,2026-04-04
SKU-SPOR-04103,499,Perth,2026-03-12
SKU-HOME-02953,316,Brisbane,2026-06-12
SKU-APPA-02360,341,Wellington,2026-06-20
SKU-HOME-02855,380,Christchurch,2026-03-22
SKU-GROC-08583,206,Adelaide,2026-03-18
SKU-GROC-09344,319,Melbourne,2026-01-05
SKU-ELEC-00482,426,Adelaide,2026-07-16
SKU-HOME-03562,330,Sydney,2026-05-08
SKU-TOYS-07016,135,Wellington,2026-07-18
SKU-GROC-08822,24,Adelaide,2026-01-01
SKU-TOYS-06117,387,Perth,2026-05-08
SKU-OFFI-09874,494,Perth,2026-04-12
SKU-SPOR-03828,145,Perth,2026-03-22
SKU-APPA-02300,138,Sydney,2026-03-28
SKU-HOME-02997,332,Brisbane,2026-02-21
SKU-ELEC-00104,271,Sydney,2026-07-10
SKU-OFFI-10615,228,Auckland,2026-06-11
SKU-GROC-09102,214,Perth,2026-05-26
SKU-HOME-02954,414,Adelaide,2026-01-21
SKU-APPA-01922,280,Sydney,2026-07-07
SKU-HOME-03380,170,Perth,2026-07-26
SKU-APPA-02092,85,Melbourne,2026-04-24
SKU-OFFI-10036,89,Christchurch,2026-04-01
SKU-SPOR-04477,4,Brisbane,2026-05-16
SKU-OFFI-09812,496,Adelaide,2026-06-23
SKU-APPA-01947,272,Sydney,2026-03-02
SKU-AUTO-07678,500,Melbourne,2026-02-01
SKU-AUTO-08397,61,Adelaide,2026-02-01
SKU-BEAU-05849,110,Sydney,2026-01-26
SKU-SPOR-04360,98,Brisbane,2026-01-26
SKU-AUTO-07639,268,Wellington,2026-06-28
SKU-HEAL-10893,448,Melbourne,2026-06-05
SKU-BEAU-05532,276,Wellington,2026-03-28
SKU-SPOR-04664,113,Melbourne,2026-05-08
SKU-ELEC-00478,163,Sydney,2026-04-22
SKU-GROC-08509,28,Adelaide,2026-02-05
SKU-AUTO-07872,465,Perth,2026-07-01
SKU-ELEC-00491,183,Perth,2026-01-07
SKU-GROC-09255,340,Adelaide,2026-02-09
SKU-HEAL-11612,445,Brisbane,2026-07-22
SKU-AUTO-08089,468,Perth,2026-01-05
SKU-TOYS-06263,58,Brisbane,2026-06-10
SKU-GROC-08935,70,Melbourne,2026-04-18
SKU-APPA-02177,140,Brisbane,2026-04-08
SKU-BEAU-05933,181,Sydney,2026-06-25
SKU-HOME-02906,8,Adelaide,2026-05-11
SKU-HEAL-11074,151,Brisbane,2026-03-19
SKU-SPOR-04114,,Sydney,2026-02-18
SKU-APPA-01273,288,Auckland,2026-05-09
SKU-ELEC-00909,115,Sydney,2026-04-11
SKU-SPOR-03865,469,Perth,2026-07-05
SKU-TOYS-06940,481,Wellington,2026-04-06
SKU-HOME-02695,181,Melbourne,2026-05-14
SKU-TOYS-07134,447,Brisbane,2026-05-24
SKU-AUTO-07377,149,Brisbane,2026-02-02
SKU-BEAU-05541,198,Perth,2026-04-19
SKU-APPA-01366,,Wellington,2026-06-03
SKU-AUTO-07657,73,Wellington,2026-02-15
SKU-APPA-01803,187,Christchurch,2026-01-03
SKU-OFFI-09929,279,Adelaide,2026-03-09
SKU-AUTO-08053,392,Auckland,2026-01-18
SKU-HEAL-11283,,Sydney,2026-03-02
SKU-APPA-02396,341,Christchurch,2026-01-22
SKU-APPA-02268,,Sydney,2026-05-28
SKU-ELEC-01027,,Perth,2026-06-21
SKU-HOME-02895,228,Wellington,2026-06-05
SKU-GROC-08434,139,Adelaide,2026-03-19
SKU-AUTO-07302,280,Brisbane,2026-07-14
SKU-BEAU-05788,363,Sydney,2026-05-18
SKU-HOME-03200,,Auckland,2026-06-23
SKU-OFFI-10445,396,Melbourne,2026-01-23
SKU-APPA-02117,29,Melbourne,2026-04-11
SKU-ELEC-00569,312,Wellington,2026-04-10
SKU-HOME-03282,83,Sydney,2026-04-04
SKU-APPA-02390,361,Perth,2026-07-15
SKU-SPOR-03767,108,Perth,2026-01-10
SKU-ELEC-00786,248,Sydney,2026-07-24
SKU-SPOR-04473,,Christchurch,2026-05-12
SKU-HEAL-11206,305,Brisbane,2026-04-12
SKU-HEAL-10971,243,Auckland,2026-02-21
SKU-HEAL-11742,284,Sydney,2026-05-09
SKU-AUTO-08377,475,Sydney,2026-06-14
SKU-HEAL-11869,,Christchurch,2026-03-01
SKU-BEAU-04910,1,Melbourne,2026-07-04
SKU-ELEC-01182,333,Sydney,2026-01-25
SKU-APPA-01239,152,Melbourne,2026-05-13
SKU-GROC-09584,,Adelaide,2026-03-04
SKU-ELEC-00600,174,Perth,2026-02-25
SKU-BEAU-05748,21,Brisbane,2026-06-15
SKU-SPOR-04169,136,Christchurch,2026-05-13
SKU-SPOR-04637,,Adelaide,2026-03-20
SKU-SPOR-04057,232,Melbourne,2026-05-05
SKU-HOME-03403,119,Perth,2026-04-17
SKU-SPOR-04652,473,Adelaide,2026-05-23
SKU-ELEC-00906,36,Christchurch,2026-04-13
SKU-GROC-08814,303,Brisbane,2026-04-26
SKU-HEAL-10817,65,Wellington,2026-06-04
SKU-TOYS-07148,405,Sydney,2026-03-06
SKU-HOME-03046,363,Auckland,2026-01-28
SKU-HEAL-11260,371,Wellington,2026-07-26
SKU-HOME-03105,78,Brisbane,2026-04-05
SKU-AUTO-08276,15,Melbourne,2026-03-14
SKU-ELEC-00471,228,Christchurch,2026-03-06
SKU-OFFI-09800,434,Sydney,2026-03-18
SKU-ELEC-00803,21,Perth,2026-03-26
SKU-GROC-09536,368,Adelaide,2026-02-16
SKU-GROC-09020,369,Auckland,2026-05-04
SKU-GROC-08451,76,Christchurch,2026-07-01
SKU-AUTO-07259,140,Brisbane,2026-01-13
SKU-AUTO-07403,439,Wellington,2026-05-16
SKU-BEAU-05766,491,Auckland,2026-01-02
SKU-HOME-03369,302,Wellington,2026-01-15
SKU-APPA-01469,186,Christchurch,2026-06-24
SKU-SPOR-03891,339,Melbourne,2026-05-22
SKU-HEAL-10892,243,Christchurch,2026-07-01
SKU-TOYS-06383,443,Auckland,2026-01-24
SKU-SPOR-04297,71,Melbourne,2026-03-06
SKU-BEAU-05496,224,Auckland,2026-05-12
SKU-HOME-03278,17,Brisbane,2026-06-12
SKU-AUTO-07690,167,Brisbane,2026-01-24
SKU-BEAU-05188,62,Wellington,2026-02-05
SKU-AUTO-07666,255,Melbourne,2026-04-24
SKU-TOYS-06051,137,Melbourne,2026-07-23
SKU-ELEC-00397,185,Auckland,2026-07-08
SKU-OFFI-10560,343,Brisbane,2026-04-19
SKU-ELEC-00090,15,Christchurch,2026-04-08
SKU-ELEC-00463,155,Brisbane,2026-01-09
SKU-APPA-02262,459,Melbourne,2026-05-22
SKU-TOYS-06992,73,Auckland,2026-06-10
SKU-GROC-08895,480,Christchurch,2026-01-09
SKU-BEAU-05143,315,Adelaide,2026-07-26
SKU-SPOR-04289,431,Sydney,2026-05-02
SKU-ELEC-00480,312,Brisbane,2026-04-11
SKU-AUTO-07385,379,Adelaide,2026-04-11
SKU-HOME-03552,,Wellington,2026-01-19
SKU-APPA-01972,77,Adelaide,2026-06-15
SKU-HEAL-11927,160,Melbourne,2026-03-26
SKU-APPA-01967,264,Wellington,2026-03-02
SKU-HEAL-11912,224,Wellington,2026-05-02
SKU-HOME-02511,165,Auckland,2026-03-27
SKU-BEAU-05850,351,Adelaide,2026-04-27
SKU-OFFI-10089,263,Wellington,2026-05-13
SKU-HOME-02841,58,Brisbane,2026-01-17
SKU-ELEC-00822,219,Christchurch,2026-04-12
SKU-HEAL-11150,392,Brisbane,2026-06-08
SKU-AUTO-08284,168,Christchurch,2026-05-01
SKU-OFFI-09923,293,Wellington,2026-03-03
SKU-HEAL-10917,20,Auckland,2026-02-08
SKU-GROC-08432,415,Melbourne,2026-03-01
SKU-SPOR-04004,40,Christchurch,2026-03-26
SKU-SPOR-04737,,Auckland,2026-03-23
SKU-BEAU-05613,37,Adelaide,2026-01-19
SKU-TOYS-06084,132,Christchurch,2026-05-20
SKU-GROC-09209,491,Wellington,2026-06-02
SKU-OFFI-10014,21,Auckland,2026-05-21
SKU-SPOR-04388,107,Sydney,2026-05-10
SKU-TOYS-07081,395,Brisbane,2026-07-28
SKU-OFFI-09881,101,Perth,2026-04-12
SKU-GROC-08914,315,Brisbane,2026-01-14
SKU-OFFI-09684,122,Christchurch,2026-07-15
SKU-BEAU-05900,427,Sydney,2026-02-18
SKU-TOYS-06882,12,Auckland,2026-03-26
SKU-ELEC-00429,77,Melbourne,2026-03-01
SKU-HOME-02999,,Perth,2026-01-23
SKU-APPA-01845,55,Christchurch,2026-01-12
SKU-OFFI-10238,113,Adelaide,2026-01-14
SKU-HEAL-11595,257,Auckland,2026-05-06
SKU-SPOR-04691,257,Adelaide,2026-06-23
SKU-AUTO-07904,2,Melbourne,2026-01-18
SKU-HOME-02685,58,Brisbane,2026-05-08
SKU-ELEC-00559,153,Wellington,2026-05-24
SKU-BEAU-05730,473,Brisbane,2026-05-11
SKU-AUTO-08381,438,Auckland,2026-04-07
SKU-SPOR-04246,325,Perth,2026-01-02
SKU-OFFI-10070,420,Perth,2026-02-02
SKU-APPA-01574,345,Auckland,2026-03-13
SKU-SPOR-04211,10,Auckland,2026-06-06
SKU-GROC-08992,72,Wellington,2026-07-20
SKU-GROC-08828,373,Melbourne,2026-01-20
SKU-HEAL-11066,432,Christchurch,2026-03-06
SKU-BEAU-05342,329,Auckland,2026-04-22
SKU-GROC-08565,473,Auckland,2026-01-24
SKU-GROC-08944,122,Adelaide,2026-07-04
SKU-HOME-03392,122,Adelaide,2026-04-18
SKU-OFFI-10279,340,Sydney,2026-01-03
SKU-TOYS-06415,147,Melbourne,2026-01-20
SKU-TOYS-06154,5,Christchurch,2026-03-14
SKU-BEAU-05275,49,Auckland,2026-06-05
SKU-OFFI-09967,406,Wellington,2026-06-17
SKU-AUTO-08024,337,Perth,2026-01-11
SKU-TOYS-06692,48,Sydney,2026-01-28
SKU-TOYS-06590,,Auckland,2026-02-27
SKU-ELEC-01134,213,Sydney,2026-07-09
SKU-TOYS-06984,485,Auckland,2026-03-27
SKU-OFFI-10394,225,Auckland,2026-03-15
SKU-HOME-02836,410,Auckland,2026-04-12
SKU-SPOR-04305,363,Perth,2026-03-08
SKU-TOYS-06516,264,Adelaide,2026-04-10
SKU-OFFI-09648,150,Perth,2026-07-12
SKU-AUTO-07941,252,Perth,2026-07-21
SKU-HEAL-11005,241,Melbourne,2026-05-20
SKU-TOYS-06235,329,Brisbane,2026-02-10
SKU-OFFI-10689,269,Brisbane,2026-01-08
SKU-HEAL-11980,373,Perth,2026-02-25
SKU-AUTO-08156,309,Perth,2026-06-11
SKU-HOME-02705,470,Brisbane,2026-06-20
SKU-HOME-02642,494,Melbourne,2026-04-02
SKU-AUTO-08066,275,Wellington,2026-05-03
SKU-AUTO-07997,,Brisbane,2026-06-07
SKU-BEAU-05713,481,Adelaide,2026-03-25
SKU-HEAL-11006,281,Christchurch,2026-02-06
SKU-TOYS-06644,476,Adelaide,2026-01-26
SKU-APPA-02181,,Adelaide,2026-07-16
SKU-ELEC-00703,290,Perth,2026-06-27
SKU-SPOR-04199,435,Sydney,2026-07-01
SKU-GROC-08922,,Christchurch,2026-02-25
SKU-ELEC-00742,166,Perth,2026-06-15
SKU-GROC-09245,304,Melbourne,2026-02-26
SKU-HOME-03488,,Christchurch,2026-06-04
SKU-SPOR-03969,76,Adelaide,2026-07-22
SKU-GROC-08676,398,Sydney,2026-03-10
SKU-GROC-09438,71,Wellington,2026-02-25
SKU-SPOR-03641,494,Wellington,2026-03-01
SKU-AUTO-08167,229,Christchurch,2026-04-24
SKU-OFFI-09623,380,Melbourne,2026-07-20
SKU-SPOR-03843,345,Melbourne,2026-05-25
SKU-APPA-01461,32,Perth,2026-02-01
SKU-TOYS-06988,254,Melbourne,2026-07-14
SKU-TOYS-06461,118,Auckland,2026-04-02
SKU-SPOR-03827,62,Perth,2026-05-04
SKU-AUTO-08077,345,Melbourne,2026-03-26
SKU-HEAL-11363,293,Wellington,2026-01-24
SKU-HOME-02915,446,Perth,2026-02-13
SKU-SPOR-04358,319,Adelaide,2026-04-08
SKU-HEAL-11525,264,Adelaide,2026-02-13
SKU-SPOR-03798,301,Auckland,2026-02-03
SKU-HOME-02464,183,Perth,2026-01-26
SKU-HEAL-11356,372,Brisbane,2026-04-04
SKU-SPOR-04683,426,Melbourne,2026-07-17
SKU-HEAL-10890,393,Adelaide,2026-04-10
SKU-HOME-03434,152,Brisbane,2026-02-27
SKU-ELEC-01122,263,Sydney,2026-01-07
SKU-TOYS-06600,399,Perth,2026-07-25
SKU-BEAU-05901,287,Melbourne,2026-07-25
SKU-SPOR-04078,193,Wellington,2026-02-21
SKU-GROC-08917,225,Brisbane,2026-05-05
SKU-SPOR-03947,359,Auckland,2026-06-03
SKU-OFFI-09737,345,Auckland,2026-06-25
SKU-HEAL-11278,496,Christchurch,2026-04-13
SKU-TOYS-06177,481,Adelaide,2026-01-22
SKU-ELEC-00189,171,Auckland,2026-02-14
SKU-HOME-03295,56,Brisbane,2026-02-27
SKU-BEAU-05237,63,Adelaide,2026-04-17
SKU-OFFI-10304,158,Christchurch,2026-04-25
SKU-HOME-02933,355,Perth,2026-03-06
SKU-GROC-09223,248,Perth,2026-07-05
SKU-HEAL-11615,28,Adelaide,2026-04-15
SKU-HEAL-11606,93,Brisbane,2026-02-12
SKU-APPA-02372,258,Melbourne,2026-05-06
SKU-AUTO-07457,,Christchurch,2026-07-16
SKU-TOYS-06216,179,Sydney,2026-04-15
SKU-BEAU-05692,233,Christchurch,2026-05-17
SKU-SPOR-03716,275,Perth,2026-04-11
SKU-ELEC-01091,54,Auckland,2026-05-17
SKU-AUTO-07975,109,Perth,2026-02-04
SKU-GROC-08658,463,Wellington,2026-02-27
SKU-ELEC-00868,336,Adelaide,2026-04-18
SKU-AUTO-07296,301,Auckland,2026-02-26
SKU-OFFI-09992,,Adelaide,2026-06-09
SKU-SPOR-04731,165,Brisbane,2026-02-09
SKU-AUTO-07907,182,Christchurch,2026-01-21
SKU-ELEC-00508,110,Auckland,2026-07-26
SKU-SPOR-04501,379,Wellington,2026-03-11
SKU-OFFI-09662,37,Sydney,2026-01-28
SKU-AUTO-08179,317,Brisbane,2026-07-15
SKU-TOYS-06612,202,Perth,2026-05-18
SKU-AUTO-07286,145,Melbourne,2026-02-11
SKU-HOME-03109,272,Brisbane,2026-07-09
SKU-SPOR-03770,450,Adelaide,2026-02-05
SKU-AUTO-07524,4,Wellington,2026-05-08
SKU-BEAU-05350,,Brisbane,2026-05-26
SKU-GROC-09508,110,Perth,2026-05-20
SKU-AUTO-07584,321,Adelaide,2026-06-23
SKU-APPA-02225,195,Adelaide,2026-05-07
SKU-SPOR-03924,169,Perth,2026-05-20
SKU-OFFI-10522,128,Auckland,2026-07-22
SKU-ELEC-00318,422,Perth,2026-05-22
SKU-APPA-02368,254,Auckland,2026-02-24
SKU-HOME-03209,296,Christchurch,2026-06-16
SKU-ELEC-00002,328,Brisbane,2026-06-11
SKU-AUTO-07686,466,Wellington,2026-03-17
SKU-AUTO-07372,314,Melbourne,2026-07-25
SKU-APPA-01437,145,Auckland,2026-01-20
SKU-ELEC-00332,149,Melbourne,2026-01-26
SKU-APPA-01349,494,Christchurch,2026-03-19
SKU-OFFI-09779,210,Brisbane,2026-07-09
SKU-HEAL-11854,422,Brisbane,2026-07-10
SKU-SPOR-04017,169,Wellington,2026-05-28
SKU-HEAL-11512,369,Sydney,2026-07-22
SKU-HOME-02967,497,Adelaide,2026-05-27
SKU-ELEC-00114,,Sydney,2026-02-23
SKU-GROC-09341,399,Perth,2026-03-22
SKU-AUTO-08342,129,Sydney,2026-01-08
SKU-TOYS-06368,32,Brisbane,2026-03-02
SKU-GROC-09191,397,Auckland,2026-05-11
SKU-OFFI-10477,0,Sydney,2026-02-24
SKU-HEAL-11903,284,Christchurch,2026-04-24
SKU-BEAU-05287,379,Sydney,2026-06-15
SKU-GROC-09232,238,Adelaide,2026-03-03
SKU-OFFI-10629,329,Auckland,2026-04-19
SKU-GROC-09163,235,Melbourne,2026-06-23
SKU-APPA-02110,94,Christchurch,2026-03-20
SKU-TOYS-06848,314,Christchurch,2026-01-23
SKU-HOME-03273,213,Melbourne,2026-02-27
SKU-HEAL-11291,51,Wellington,2026-02-02
SKU-GROC-08764,226,Wellington,2026-02-12
SKU-SPOR-04421,2,Melbourne,2026-02-26
SKU-HOME-03455,84,Perth,2026-02-17
SKU-HOME-02901,29,Wellington,2026-07-20
SKU-APPA-01208,140,Wellington,2026-06-16
SKU-BEAU-05601,36,Adelaide,2026-05-06
SKU-OFFI-10433,113,Adelaide,2026-05-02
SKU-GROC-08941,46,Auckland,2026-06-20
SKU-APPA-01780,192,Melbourne,2026-01-26
SKU-APPA-01693,40,Adelaide,2026-02-02
SKU-TOYS-06443,440,Wellington,2026-06-16
SKU-HEAL-11425,,Melbourne,2026-05-23
SKU-GROC-09071,21,Auckland,2026-01-24
SKU-HOME-02713,240,Sydney,2026-06-20
SKU-BEAU-05545,12,Auckland,2026-04-02
SKU-GROC-08900,230,Adelaide,2026-03-26
SKU-OFFI-10097,175,Christchurch,2026-01-28
SKU-BEAU-05402,,Brisbane,2026-03-05
SKU-ELEC-00708,288,Auckland,2026-02-09
SKU-OFFI-09856,159,Wellington,2026-02-17
SKU-AUTO-07219,50,Melbourne,2026-02-24
SKU-SPOR-03849,132,Perth,2026-05-05
SKU-OFFI-10492,267,Wellington,2026-03-20
SKU-AUTO-07972,,Adelaide,2026-03-23
SKU-ELEC-01028,342,Auckland,2026-01-24
SKU-HOME-03230,366,Brisbane,2026-05-04
SKU-SPOR-03852,467,Sydney,2026-05-24
SKU-OFFI-10599,389,Melbourne,2026-06-22
SKU-BEAU-05707,375,Melbourne,2026-07-02
SKU-ELEC-00850,327,Brisbane,2026-05-08
SKU-BEAU-05829,189,Adelaide,2026-06-23
SKU-BEAU-04906,174,Melbourne,2026-06-18
SKU-BEAU-04992,32,Melbourne,2026-03-22
SKU-BEAU-05591,345,Brisbane,2026-02-23
SKU-TOYS-06972,459,Christchurch,2026-07-12
SKU-SPOR-04118,365,Adelaide,2026-04-02
SKU-HEAL-11921,499,Perth,2026-05-14
SKU-OFFI-09694,370,Sydney,2026-02-24
SKU-TOYS-07136,,Perth,2026-07-13
SKU-ELEC-00163,360,Melbourne,2026-05-17
SKU-SPOR-03656,375,Auckland,2026-04-19
SKU-AUTO-07980,422,Brisbane,2026-04-19
SKU-BEAU-05778,2,Melbourne,2026-05-28
SKU-BEAU-05423,214,Sydney,2026-05-16
SKU-TOYS-06703,394,Christchurch,2026-07-07
SKU-APPA-02051,173,Melbourne,2026-03-10
SKU-TOYS-06546,436,Christchurch,2026-04-02
SKU-APPA-01885,233,Adelaide,2026-04-04
SKU-SPOR-04668,276,Perth,2026-03-19
SKU-APPA-01746,311,Adelaide,2026-06-25
SKU-BEAU-05854,294,Sydney,2026-06-14
SKU-HEAL-11661,237,Adelaide,2026-06-05
SKU-GROC-09512,481,Christchurch,2026-04-20
SKU-HEAL-11932,466,Wellington,2026-03-27
SKU-HEAL-10929,310,Wellington,2026-02-25
SKU-SPOR-04682,22,Brisbane,2026-02-17
SKU-APPA-02074,344,Adelaide,2026-05-17
SKU-HOME-02445,404,Auckland,2026-05-22
SKU-BEAU-05596,185,Brisbane,2026-03-27
SKU-SPOR-04468,249,Perth,2026-07-15
SKU-GROC-09224,428,Sydney,2026-02-25
SKU-OFFI-10495,437,Brisbane,2026-01-21
SKU-OFFI-09788,241,Perth,2026-07-10
SKU-APPA-01639,254,Brisbane,2026-04-11
SKU-TOYS-06437,337,Perth,2026-07-26
SKU-AUTO-08385,190,Melbourne,2026-01-22
SKU-APPA-01478,252,Melbourne,2026-01-27
SKU-BEAU-05359,67,Brisbane,2026-01-26
SKU-SPOR-03927,,Melbourne,2026-02-15
SKU-SPOR-03813,121,Sydney,2026-04-12
SKU-HEAL-10812,154,Auckland,2026-01-07
SKU-HOME-03450,40,Melbourne,2026-04-06
SKU-HEAL-11052,377,Auckland,2026-01-14
SKU-APPA-01258,131,Christchurch,2026-03-09
SKU-HOME-02683,405,Auckland,2026-06-23
SKU-TOYS-06563,105,Perth,2026-04-12
SKU-ELEC-00911,249,Auckland,2026-06-05
SKU-OFFI-10537,179,Brisbane,2026-06-01
SKU-APPA-01636,,Auckland,2026-06-18
SKU-HEAL-11728,33,Sydney,2026-05-13
SKU-APPA-01371,444,Auckland,2026-05-06
SKU-ELEC-01129,203,Wellington,2026-05-27
SKU-ELEC-00214,234,Perth,2026-06-09
SKU-OFFI-10063,297,Christchurch,2026-04-18
SKU-SPOR-04573,469,Auckland,2026-05-10
SKU-BEAU-05229,422,Auckland,2026-04-22
SKU-TOYS-06623,77,Adelaide,2026-06-04
SKU-TOYS-06991,172,Melbourne,2026-05-28
SKU-ELEC-00927,53,Melbourne,2026-02-26
SKU-OFFI-09842,418,Wellington,2026-06-22
SKU-HOME-02931,82,Brisbane,2026-07-23
SKU-HEAL-11345,74,Brisbane,2026-07-06
SKU-ELEC-00707,264,Wellington,2026-02-26
SKU-SPOR-04562,140,Christchurch,2026-04-16
SKU-AUTO-07617,311,Sydney,2026-07-10
SKU-HEAL-11805,398,Adelaide,2026-03-13
SKU-TOYS-06496,488,Auckland,2026-03-24
SKU-APPA-01460,,Perth,2026-01-17
SKU-GROC-09386,322,Wellington,2026-03-18
SKU-ELEC-00416,200,Sydney,2026-03-01
SKU-TOYS-06819,,Christchurch,2026-01-06
SKU-HOME-02850,416,Melbourne,2026-04-02
SKU-GROC-08820,186,Perth,2026-02-15
SKU-TOYS-06205,318,Sydney,2026-06-16
SKU-SPOR-04581,489,Christchurch,2026-07-06
SKU-APPA-01290,182,Brisbane,2026-04-01
SKU-APPA-01440,148,Christchurch,2026-05-01
SKU-HEAL-10827,176,Sydney,2026-05-12
SKU-ELEC-00031,293,Adelaide,2026-07-23
SKU-OFFI-10577,94,Brisbane,2026-04-23
SKU-HOME-03440,213,Perth,2026-07-09
SKU-ELEC-00910,317,Perth,2026-04-25
SKU-GROC-09497,39,Christchurch,2026-04-27
SKU-ELEC-00527,253,Christchurch,2026-06-19
SKU-SPOR-04053,148,Melbourne,2026-02-03
SKU-SPOR-03629,344,Adelaide,2026-03-01
SKU-AUTO-07593,315,Sydney,2026-01-22
SKU-ELEC-00067,308,Christchurch,2026-04-12
SKU-ELEC-00197,301,Wellington,2026-04-03
SKU-ELEC-00802,485,Melbourne,2026-04-16
SKU-HEAL-11473,60,Perth,2026-01-17
SKU-HEAL-11777,212,Christchurch,2026-02-28
SKU-BEAU-05602,318,Adelaide,2026-02-11
SKU-TOYS-06168,450,Sydney,2026-04-16
SKU-HOME-03236,286,Adelaide,2026-04-13
SKU-HEAL-11952,,Melbourne,2026-01-04
SKU-OFFI-10561,170,Wellington,2026-03-22
SKU-ELEC-01053,6,Melbourne,2026-02-14
SKU-ELEC-00922,2,Wellington,2026-06-08
SKU-SPOR-04300,63,Perth,2026-01-02
SKU-ELEC-00880,123,Auckland,2026-06-27
SKU-AUTO-07634,395,Melbourne,2026-01-17
SKU-ELEC-00729,277,Christchurch,2026-05-14
SKU-TOYS-06369,279,Perth,2026-02-25
SKU-OFFI-09640,0,Auckland,2026-03-28
SKU-TOYS-06451,349,Perth,2026-05-06
SKU-OFFI-09978,468,Melbourne,2026-03-26
SKU-TOYS-06717,363,Wellington,2026-05-05
SKU-GROC-09493,24,Christchurch,2026-07-02
SKU-OFFI-10770,262,Perth,2026-01-06
SKU-BEAU-05111,270,Perth,2026-01-10
SKU-HEAL-11910,39,Wellington,2026-04-19
SKU-GROC-09123,499,Perth,2026-07-21
SKU-AUTO-07930,398,Perth,2026-05-12
SKU-HEAL-11294,261,Auckland,2026-06-20
SKU-SPOR-04391,422,Wellington,2026-04-14
SKU-BEAU-05682,92,Adelaide,2026-06-25
SKU-GROC-08668,422,Perth,2026-02-25
SKU-TOYS-06783,413,Sydney,2026-07-12
SKU-ELEC-00146,151,Christchurch,2026-04-06
SKU-TOYS-06550,162,Brisbane,2026-02-27
SKU-TOYS-06316,380,Wellington,2026-02-19
SKU-OFFI-10591,239,Brisbane,2026-01-24
SKU-BEAU-04889,141,Christchurch,2026-06-04
SKU-APPA-01584,33,Adelaide,2026-06-19
SKU-HOME-02648,405,Perth,2026-07-27
SKU-AUTO-07468,106,Sydney,2026-05-07
SKU-ELEC-01180,191,Christchurch,2026-03-05
SKU-SPOR-03738,62,Adelaide,2026-01-08
SKU-HEAL-11174,16,Auckland,2026-06-22
SKU-HOME-03269,353,Adelaide,2026-03-24
SKU-APPA-02043,330,Auckland,2026-05-22
SKU-HOME-03453,439,Perth,2026-06-27
SKU-OFFI-10500,290,Wellington,2026-07-27
SKU-OFFI-10088,275,Christchurch,2026-03-24
SKU-BEAU-05797,74,Melbourne,2026-04-28
SKU-ELEC-01171,114,Adelaide,2026-01-07
SKU-TOYS-06159,398,Auckland,2026-04-03
SKU-BEAU-05981,25,Perth,2026-03-04
SKU-OFFI-10290,276,Melbourne,2026-05-10
SKU-TOYS-07186,349,Sydney,2026-04-19
SKU-GROC-09591,193,Melbourne,2026-04-22
SKU-HEAL-11307,434,Christchurch,2026-05-17
SKU-OFFI-10723,307,Auckland,2026-05-12
SKU-OFFI-10377,90,Auckland,2026-06-25
SKU-TOYS-07032,380,Wellington,2026-06-18
SKU-TOYS-07145,498,Wellington,2026-07-18
SKU-HEAL-11225,15,Brisbane,2026-03-02
SKU-BEAU-05388,190,Adelaide,2026-07-17
SKU-GROC-08412,,Sydney,2026-02-06
SKU-GROC-09389,246,Melbourne,2026-07-26
SKU-GROC-08448,41,Christchurch,2026-06-14
SKU-SPOR-04756,,Wellington,2026-06-04
SKU-HOME-02863,319,Perth,2026-07-18
SKU-OFFI-09862,,Wellington,2026-05-09
SKU-AUTO-08065,25,Brisbane,2026-01-25
SKU-HOME-03395,141,Perth,2026-02-10
SKU-GROC-09108,,Sydney,2026-02-11
SKU-BEAU-05959,,Brisbane,2026-05-05
SKU-HOME-03010,468,Auckland,2026-05-07
SKU-HOME-03419,58,Adelaide,2026-01-20
SKU-TOYS-06397,117,Auckland,2026-06-22
SKU-OFFI-10105,355,Sydney,2026-04-24
SKU-SPOR-04576,312,Sydney,2026-07-16
SKU-OFFI-10530,416,Wellington,2026-06-23
SKU-HOME-02806,,Auckland,2026-03-03
SKU-HEAL-11563,491,Auckland,2026-07-01
SKU-HEAL-11748,381,Melbourne,2026-04-16
SKU-BEAU-05544,33,Adelaide,2026-06-09
SKU-BEAU-04892,77,Christchurch,2026-04-18
SKU-BEAU-05633,124,Wellington,2026-03-01
SKU-OFFI-10590,319,Perth,2026-04-15
SKU-APPA-01789,440,Sydney,2026-04-15
SKU-SPOR-04258,427,Wellington,2026-06-23
SKU-OFFI-09650,466,Adelaide,2026-07-25
SKU-TOYS-06835,175,Adelaide,2026-05-15
SKU-APPA-02141,281,Adelaide,2026-02-07
SKU-HOME-02584,73,Adelaide,2026-06-08
SKU-SPOR-04427,296,Adelaide,2026-01-02
SKU-AUTO-08140,377,Auckland,2026-07-04
SKU-GROC-09506,456,Sydney,2026-07-08
SKU-APPA-02008,378,Brisbane,2026-01-18
SKU-AUTO-07242,184,Adelaide,2026-07-28
SKU-AUTO-07961,342,Brisbane,2026-02-08
SKU-TOYS-06073,,Sydney,2026-01-14
SKU-OFFI-10240,358,Brisbane,2026-03-21
SKU-TOYS-06077,186,Melbourne,2026-05-05
SKU-ELEC-00384,216,Sydney,2026-02-11
SKU-HOME-02912,233,Adelaide,2026-04-24
SKU-TOYS-07192,108,Brisbane,2026-01-22
SKU-OFFI-10697,133,Melbourne,2026-06-13
SKU-OFFI-10333,390,Melbourne,2026-06-06
SKU-AUTO-08202,359,Sydney,2026-03-09
SKU-TOYS-06577,9,Melbourne,2026-01-11
SKU-SPOR-04578,240,Auckland,2026-03-14
SKU-APPA-01512,32,Sydney,2026-06-18
SKU-HEAL-11239,296,Sydney,2026-01-22
SKU-APPA-01835,490,Wellington,2026-07-05
SKU-TOYS-06140,469,Adelaide,2026-01-14
SKU-SPOR-03943,76,Auckland,2026-01-02
SKU-SPOR-04033,390,Perth,2026-03-16
SKU-BEAU-05679,,Adelaide,2026-06-20
SKU-HEAL-11089,473,Wellington,2026-02-06
SKU-GROC-09179,475,Auckland,2026-02-17
SKU-GROC-08620,345,Wellington,2026-04-11
SKU-ELEC-00434,169,Adelaide,2026-06-18
SKU-AUTO-07308,170,Wellington,2026-05-23
SKU-OFFI-09906,277,Adelaide,2026-03-23
SKU-OFFI-09667,27,Auckland,2026-04-12
SKU-APPA-01378,204,Wellington,2026-04-11
SKU-APPA-01813,1,Adelaide,2026-02-03
SKU-TOYS-06339,106,Melbourne,2026-03-28
SKU-APPA-01715,364,Christchurch,2026-04-13
SKU-ELEC-01135,20,Sydney,2026-05-02
SKU-HOME-03041,321,Christchurch,2026-01-18
SKU-HOME-02566,380,Wellington,2026-05-08
SKU-AUTO-07273,289,Brisbane,2026-07-20
SKU-OFFI-10044,185,Wellington,2026-02-02
SKU-ELEC-00662,269,Wellington,2026-02-09
SKU-BEAU-05171,288,Wellington,2026-01-16
SKU-SPOR-03708,,Wellington,2026-04-28
SKU-AUTO-07775,228,Wellington,2026-07-24
SKU-HOME-02601,244,Wellington,2026-05-04
SKU-HEAL-11094,155,Brisbane,2026-05-15
SKU-HEAL-11463,416,Auckland,2026-03-18
SKU-SPOR-04288,320,Adelaide,2026-01-09
SKU-HOME-03466,,Adelaide,2026-04-24
SKU-SPOR-04552,384,Brisbane,2026-07-08
SKU-TOYS-06574,,Auckland,2026-05-27
SKU-TOYS-06393,382,Brisbane,2026-04-21
SKU-TOYS-06092,238,Wellington,2026-05-23
SKU-ELEC-00042,302,Brisbane,2026-01-09
SKU-APPA-01331,417,Perth,2026-01-07
SKU-APPA-01446,159,Auckland,2026-07-10
SKU-TOYS-07179,168,Perth,2026-05-16
SKU-GROC-08781,206,Perth,2026-07-25
SKU-ELEC-00152,112,Brisbane,2026-05-19
SKU-HOME-03397,196,Christchurch,2026-01-04
SKU-TOYS-06977,446,Perth,2026-03-14
SKU-GROC-08753,424,Adelaide,2026-01-26
SKU-ELEC-00660,190,Perth,2026-05-19
SKU-GROC-08497,112,Perth,2026-07-27
SKU-AUTO-07460,324,Sydney,2026-04-09
SKU-GROC-09210,428,Christchurch,2026-04-01
SKU-BEAU-04812,159,Sydney,2026-02-03
SKU-OFFI-09689,10,Brisbane,2026-01-27
SKU-GROC-08467,177,Melbourne,2026-01-15
SKU-HEAL-11700,351,Melbourne,2026-07-07
SKU-HEAL-10868,35,Wellington,2026-06-18
SKU-ELEC-00101,,Christchurch,2026-02-27
SKU-APPA-02243,341,Adelaide,2026-06-10
SKU-HOME-02703,187,Brisbane,2026-03-23
SKU-HEAL-11883,197,Brisbane,2026-06-21
SKU-ELEC-00826,159,Brisbane,2026-04-18
SKU-BEAU-05442,284,Melbourne,2026-02-09
SKU-HEAL-11793,56,Adelaide,2026-01-28
SKU-AUTO-07867,33,Sydney,2026-03-13
SKU-GROC-09394,32,Sydney,2026-05-17
SKU-GROC-09417,245,Perth,2026-06-21
SKU-HOME-02856,87,Christchurch,2026-04-08
SKU-TOYS-06540,41,Melbourne,2026-03-19
SKU-HEAL-11252,482,Sydney,2026-03-02
SKU-BEAU-05282,359,Brisbane,2026-02-24
SKU-GROC-09516,492,Christchurch,2026-05-13
SKU-TOYS-06384,286,Wellington,2026-02-15
SKU-BEAU-05792,222,Brisbane,2026-02-22
SKU-APPA-02354,116,Auckland,2026-06-13
SKU-AUTO-07799,400,Brisbane,2026-06-26
SKU-TOYS-06539,254,Brisbane,2026-01-09
SKU-HEAL-11491,321,Melbourne,2026-01-04
SKU-AUTO-08105,154,Auckland,2026-04-06
SKU-BEAU-04940,299,Christchurch,2026-03-16
SKU-ELEC-00758,210,Adelaide,2026-01-14
SKU-AUTO-07544,322,Christchurch,2026-07-20
SKU-TOYS-06739,176,Auckland,2026-01-02
SKU-ELEC-00931,80,Christchurch,2026-06-22
SKU-BEAU-05456,312,Sydney,2026-02-23
SKU-APPA-01745,338,Perth,2026-03-21
SKU-TOYS-06350,187,Perth,2026-07-21
SKU-SPOR-04238,360,Christchurch,2026-06-11
SKU-AUTO-08344,210,Adelaide,2026-05-21
SKU-TOYS-07011,70,Brisbane,2026-06-02
SKU-HEAL-11508,202,Melbourne,2026-02-15
SKU-AUTO-08228,467,Sydney,2026-05-15
SKU-ELEC-00705,143,Sydney,2026-04-04
SKU-HEAL-11557,236,Wellington,2026-01-08
SKU-ELEC-00445,27,Adelaide,2026-01-28
SKU-SPOR-04755,79,Melbourne,2026-07-05
SKU-OFFI-10618,24,Brisbane,2026-01-07
SKU-HEAL-11162,333,Auckland,2026-03-01
SKU-TOYS-06634,107,Christchurch,2026-03-08
SKU-ELEC-00358,478,Brisbane,2026-06-14
SKU-HEAL-11534,277,Melbourne,2026-06-11
SKU-HOME-02824,201,Adelaide,2026-07-05
SKU-OFFI-10262,115,Adelaide,2026-04-10
SKU-APPA-01637,80,Brisbane,2026-06-28
SKU-HOME-02766,328,Auckland,2026-06-04
SKU-SPOR-03957,178,Brisbane,2026-02-07
SKU-AUTO-07635,475,Brisbane,2026-04-22
SKU-HOME-03069,276,Christchurch,2026-05-28
SKU-HOME-03365,376,Melbourne,2026-06-03
SKU-AUTO-07679,,Melbourne,2026-01-15
SKU-SPOR-04671,105,Perth,2026-07-27
SKU-OFFI-10054,211,Melbourne,2026-01-28
SKU-GROC-08433,448,Perth,2026-02-22
SKU-ELEC-00627,186,Brisbane,2026-06-28
SKU-BEAU-05164,277,Perth,2026-04-26
SKU-APPA-02281,98,Brisbane,2026-05-23
SKU-GROC-08920,312,Melbourne,2026-05-08
SKU-AUTO-07725,,Perth,2026-02-04
SKU-BEAU-05045,286,Adelaide,2026-05-12
SKU-HEAL-11207,129,Wellington,2026-05-06
SKU-ELEC-00213,261,Adelaide,2026-02-16
SKU-OFFI-09988,69,Brisbane,2026-01-26
SKU-AUTO-07751,384,Wellington,2026-01-08
SKU-AUTO-07964,31,Brisbane,2026-05-09
SKU-HOME-03329,,Auckland,2026-06-15
SKU-HOME-02658,357,Melbourne,2026-07-01
SKU-SPOR-04366,407,Christchurch,2026-05-03
SKU-SPOR-04618,106,Melbourne,2026-07-23
SKU-AUTO-07449,263,Auckland,2026-02-25
SKU-GROC-09105,286,Melbourne,2026-01-22
SKU-HOME-02670,163,Adelaide,2026-07-02
SKU-ELEC-00605,321,Sydney,2026-04-09
SKU-HOME-02808,76,Brisbane,2026-02-23
SKU-OFFI-10403,373,Christchurch,2026-02-10
SKU-HEAL-11396,130,Auckland,2026-06-15
SKU-OFFI-09655,270,Wellington,2026-04-22
SKU-SPOR-03800,361,Melbourne,2026-07-15
SKU-ELEC-00715,130,Auckland,2026-07-12
SKU-BEAU-05481,105,Brisbane,2026-07-06
SKU-BEAU-05845,298,Auckland,2026-02-08
SKU-ELEC-00159,53,Wellington,2026-06-07
SKU-SPOR-03628,270,Melbourne,2026-02-15
SKU-TOYS-06370,89,Adelaide,2026-01-22
SKU-APPA-01361,100,Christchurch,2026-04-05
SKU-APPA-01699,442,Wellington,2026-07-01
SKU-SPOR-04448,50,Sydney,2026-06-06
SKU-AUTO-07543,89,Melbourne,2026-01-06
SKU-HEAL-11148,,Wellington,2026-07-14
SKU-HOME-02508,253,Melbourne,2026-07-26
SKU-TOYS-06810,8,Wellington,2026-04-07
SKU-TOYS-07118,488,Perth,2026-06-09
SKU-BEAU-05066,385,Perth,2026-06-12
SKU-ELEC-00789,393,Melbourne,2026-02-10
SKU-ELEC-00186,146,Perth,2026-05-12
SKU-HOME-03306,457,Auckland,2026-04-21
SKU-AUTO-07609,59,Brisbane,2026-07-15
SKU-HEAL-11476,320,Adelaide,2026-05-09
SKU-SPOR-03824,64,Adelaide,2026-06-10
SKU-GROC-09075,250,Sydney,2026-06-07
SKU-OFFI-10372,87,Wellington,2026-04-04
SKU-HEAL-11172,,Adelaide,2026-01-12
SKU-BEAU-05509,110,Wellington,2026-04-15
SKU-TOYS-06999,42,Christchurch,2026-06-13
SKU-OFFI-10465,35,Auckland,2026-02-28
SKU-AUTO-08366,,Melbourne,2026-04-08
SKU-SPOR-04426,143,Adelaide,2026-07-07
SKU-BEAU-05986,228,Adelaide,2026-02-28
SKU-HOME-03104,172,Adelaide,2026-03-21
SKU-SPOR-04774,158,Wellington,2026-01-07
SKU-ELEC-00392,73,Auckland,2026-02-18
SKU-BEAU-05090,303,Sydney,2026-05-04
SKU-APPA-01585,184,Brisbane,2026-01-07
SKU-HOME-02727,52,Sydney,2026-07-23
SKU-BEAU-05958,466,Perth,2026-03-12
SKU-ELEC-01112,140,Brisbane,2026-01-24
SKU-GROC-08659,482,Auckland,2026-01-16
SKU-BEAU-05917,93,Sydney,2026-07-24
SKU-AUTO-08312,119,Sydney,2026-05-28
SKU-SPOR-04272,410,Wellington,2026-01-18
SKU-ELEC-00951,25,Melbourne,2026-01-09
SKU-APPA-01894,169,Perth,2026-04-19
SKU-ELEC-00519,13,Perth,2026-05-24
SKU-TOYS-06053,133,Auckland,2026-02-28
SKU-APPA-01424,197,Wellington,2026-02-12
SKU-TOYS-06856,229,Wellington,2026-07-08
SKU-HOME-02562,314,Sydney,2026-01-05
SKU-HOME-02939,436,Perth,2026-07-11
SKU-TOYS-07162,426,Adelaide,2026-05-03
SKU-OFFI-10700,,Auckland,2026-03-22
SKU-SPOR-04445,298,Perth,2026-03-27
SKU-OFFI-10657,7,Auckland,2026-07-06
SKU-HEAL-11067,398,Perth,2026-03-05
SKU-BEAU-04983,497,Perth,2026-05-15
SKU-GROC-08638,180,Sydney,2026-05-10
SKU-OFFI-10269,446,Perth,2026-05-16
SKU-TOYS-06115,255,Auckland,2026-07-04
SKU-APPA-02297,271,Melbourne,2026-03-13
SKU-APPA-01822,235,Adelaide,2026-07-23
SKU-HOME-02708,493,Auckland,2026-02-06
SKU-AUTO-07382,66,Adelaide,2026-01-08
SKU-HOME-02937,114,Perth,2026-04-02
SKU-TOYS-06676,12,Wellington,2026-03-18
SKU-SPOR-04172,116,Melbourne,2026-02-19
SKU-APPA-02242,100,Adelaide,2026-04-10
SKU-TOYS-06534,200,Brisbane,2026-02-02
SKU-TOYS-06972,459,Christchurch,2026-07-12
SKU-HOME-02840,297,Wellington,2026-06-12
SKU-BEAU-05138,351,Melbourne,2026-02-03
SKU-HOME-02822,75,Adelaide,2026-03-06
SKU-AUTO-08129,91,Melbourne,2026-02-13
SKU-HOME-03491,245,Brisbane,2026-01-24
SKU-AUTO-07541,211,Melbourne,2026-05-05
SKU-HOME-02531,487,Melbourne,2026-07-20
SKU-SPOR-04002,305,Christchurch,2026-04-14
SKU-AUTO-07456,379,Melbourne,2026-05-20
SKU-SPOR-04116,240,Perth,2026-04-14
SKU-AUTO-08251,290,Sydney,2026-03-07
SKU-AUTO-07218,469,Adelaide,2026-06-17
SKU-ELEC-01145,442,Adelaide,2026-03-07
SKU-OFFI-09772,357,Auckland,2026-03-21
SKU-OFFI-09685,226,Perth,2026-06-23
SKU-BEAU-05067,62,Melbourne,2026-02-19
SKU-HOME-02931,82,Brisbane,2026-07-23
SKU-APPA-01829,176,Sydney,2026-01-24
SKU-GROC-09142,199,Brisbane,2026-05-03
SKU-GROC-08976,241,Auckland,2026-03-23
SKU-HEAL-11779,43,Perth,2026-04-28
SKU-TOYS-06554,17,Brisbane,2026-03-26
SKU-GROC-08688,154,Auckland,2026-04-28
SKU-APPA-01263,453,Sydney,2026-03-06
SKU-HEAL-11016,444,Sydney,2026-05-08
SKU-ELEC-00805,228,Adelaide,2026-04-13
SKU-HEAL-10938,254,Brisbane,2026-01-27
SKU-ELEC-00834,12,Sydney,2026-02-23
SKU-BEAU-05660,36,Wellington,2026-03-16
SKU-AUTO-08001,124,Adelaide,2026-06-10
SKU-SPOR-03825,369,Brisbane,2026-05-02
SKU-HEAL-11722,477,Auckland,2026-06-23
SKU-OFFI-09883,218,Adelaide,2026-04-23
SKU-ELEC-01197,301,Brisbane,2026-05-26
SKU-GROC-09289,253,Brisbane,2026-07-12
SKU-ELEC-00244,170,Christchurch,2026-05-24
SKU-APPA-01686,10,Christchurch,2026-03-28
SKU-GROC-09268,,Adelaide,2026-03-26
SKU-SPOR-04139,139,Sydney,2026-06-15
SKU-APPA-02379,478,Brisbane,2026-03-01
SKU-OFFI-10425,9,Sydney,2026-07-05
SKU-OFFI-10726,12,Brisbane,2026-04-25
SKU-APPA-02277,422,Christchurch,2026-07-28
SKU-TOYS-06797,385,Melbourne,2026-03-09
SKU-OFFI-10665,496,Melbourne,2026-05-23
SKU-HOME-02781,25,Auckland,2026-07-18
SKU-APPA-01526,484,Christchurch,2026-02-11
SKU-TOYS-06720,441,Auckland,2026-01-23
SKU-APPA-01695,331,Auckland,2026-01-01
SKU-OFFI-10771,310,Auckland,2026-02-22
SKU-AUTO-08120,43,Perth,2026-03-26
SKU-SPOR-04363,,Christchurch,2026-05-21
SKU-BEAU-05487,422,Auckland,2026-05-28
SKU-AUTO-07234,70,Brisbane,2026-03-06
SKU-ELEC-00201,305,Perth,2026-07-10
SKU-SPOR-04197,51,Brisbane,2026-06-02
SKU-APPA-01989,195,Wellington,2026-04-15
SKU-GROC-08468,22,Wellington,2026-05-26
SKU-ELEC-01169,146,Perth,2026-05-08
SKU-BEAU-05483,23,Adelaide,2026-04-06
SKU-HOME-02732,303,Perth,2026-07-20
SKU-AUTO-08287,208,Sydney,2026-05-01
SKU-APPA-01368,253,Auckland,2026-03-13
SKU-OFFI-09793,393,Adelaide,2026-07-16
SKU-GROC-09287,202,Adelaide,2026-01-26
SKU-BEAU-05469,357,Auckland,2026-02-07
SKU-ELEC-00959,400,Wellington,2026-02-03
SKU-AUTO-07556,341,Melbourne,2026-03-10
SKU-SPOR-03726,165,Perth,2026-06-27
SKU-HEAL-11098,154,Sydney,2026-01-03
SKU-HEAL-11808,239,Brisbane,2026-05-10
SKU-OFFI-09977,270,Sydney,2026-06-20
SKU-HOME-03323,411,Christchurch,2026-06-10
SKU-HOME-03539,376,Melbourne,2026-05-09
SKU-SPOR-04635,52,Auckland,2026-07-11
SKU-HOME-03124,270,Brisbane,2026-05-02
SKU-TOYS-06126,459,Auckland,2026-07-17
SKU-AUTO-07953,425,Auckland,2026-03-14
SKU-GROC-09022,40,Auckland,2026-07-10
SKU-APPA-01859,21,Melbourne,2026-06-20
SKU-AUTO-07752,104,Christchurch,2026-02-21
SKU-HOME-03108,117,Sydney,2026-02-26
SKU-OFFI-10677,,Melbourne,2026-03-28
SKU-HOME-03123,36,Auckland,2026-06-25
SKU-HOME-03056,267,Wellington,2026-06-11
SKU-ELEC-00593,79,Christchurch,2026-03-02
SKU-HEAL-11416,466,Christchurch,2026-05-19
SKU-ELEC-00614,27,Auckland,2026-02-28
SKU-SPOR-03707,322,Wellington,2026-01-26
SKU-TOYS-06240,387,Sydney,2026-07-23
SKU-ELEC-00272,94,Auckland,2026-07-01
SKU-BEAU-05048,358,Brisbane,2026-04-19
SKU-HEAL-11739,147,Wellington,2026-06-10
SKU-APPA-01297,491,Perth,2026-04-25
SKU-HOME-02625,199,Wellington,2026-02-02
SKU-ELEC-00374,,Christchurch,2026-01-28
SKU-HEAL-11538,133,Melbourne,2026-06-01
SKU-SPOR-04113,491,Wellington,2026-03-02
SKU-BEAU-05316,7,Perth,2026-06-09
SKU-AUTO-08357,218,Wellington,2026-02-22
SKU-TOYS-06949,76,Sydney,2026-04-12
SKU-TOYS-07089,124,Sydney,2026-01-19
SKU-BEAU-05379,,Christchurch,2026-02-28
SKU-BEAU-05576,128,Perth,2026-02-01
SKU-ELEC-01029,279,Wellington,2026-03-11
SKU-GROC-09024,211,Melbourne,2026-01-16
SKU-HEAL-11919,310,Perth,2026-07-03
SKU-GROC-08549,462,Melbourne,2026-03-11
SKU-HEAL-11332,253,Perth,2026-06-23
SKU-APPA-02100,445,Perth,2026-04-20
SKU-AUTO-08180,259,Christchurch,2026-04-09
SKU-SPOR-04364,80,Christchurch,2026-02-13
SKU-SPOR-04588,,Perth,2026-04-16
SKU-AUTO-07761,450,Brisbane,2026-06-04
SKU-AUTO-07738,299,Wellington,2026-05-06
SKU-BEAU-05347,453,Sydney,2026-01-09
SKU-HEAL-10965,100,Brisbane,2026-04-20
SKU-HEAL-11609,93,Christchurch,2026-03-25
SKU-AUTO-07890,458,Brisbane,2026-01-22
SKU-HOME-02639,444,Wellington,2026-07-21
SKU-HOME-03413,297,Christchurch,2026-06-23
SKU-GROC-08479,200,Adelaide,2026-05-09
SKU-TOYS-06176,386,Adelaide,2026-07-08
SKU-TOYS-07181,407,Christchurch,2026-07-20
SKU-GROC-08810,311,Perth,2026-04-18
SKU-AUTO-07598,414,Perth,2026-05-06
SKU-AUTO-07773,282,Wellington,2026-01-06
SKU-OFFI-09845,140,Brisbane,2026-04-06
SKU-HOME-02423,63,Brisbane,2026-02-28
SKU-GROC-08520,317,Wellington,2026-02-18
SKU-AUTO-07380,349,Brisbane,2026-06-23
SKU-BEAU-05497,142,Brisbane,2026-06-15
SKU-HEAL-11204,428,Auckland,2026-04-13
SKU-HOME-02706,202,Adelaide,2026-04-17
SKU-APPA-01214,399,Christchurch,2026-04-07
SKU-AUTO-07712,73,Wellington,2026-06-25
SKU-GROC-09080,467,Sydney,2026-02-16
SKU-APPA-02119,318,Perth,2026-07-14
SKU-BEAU-05711,,Auckland,2026-07-26
SKU-GROC-08810,311,Perth,2026-04-18
SKU-TOYS-06558,115,Christchurch,2026-06-19
SKU-TOYS-06826,7,Wellington,2026-06-14
SKU-AUTO-07748,110,Perth,2026-05-27
SKU-ELEC-00872,468,Wellington,2026-04-12
SKU-GROC-09118,170,Auckland,2026-05-09
SKU-APPA-01341,252,Auckland,2026-03-15
SKU-SPOR-04672,92,Adelaide,2026-05-17
SKU-ELEC-00609,285,Auckland,2026-01-23
SKU-HEAL-11675,392,Sydney,2026-06-11
SKU-APPA-02341,332,Christchurch,2026-03-01
SKU-APPA-01755,345,Wellington,2026-06-22
SKU-APPA-01420,11,Auckland,2026-02-09
SKU-AUTO-07351,443,Sydney,2026-07-21
SKU-SPOR-04081,423,Melbourne,2026-03-23
SKU-BEAU-04920,207,Adelaide,2026-02-13
SKU-BEAU-05144,462,Brisbane,2026-02-23
SKU-SPOR-03846,107,Wellington,2026-03-12
SKU-SPOR-04681,38,Perth,2026-06-17
SKU-HEAL-11507,429,Melbourne,2026-02-03
SKU-HEAL-11537,470,Melbourne,2026-06-13
SKU-BEAU-05075,28,Melbourne,2026-07-25
SKU-HEAL-11119,,Auckland,2026-06-26
SKU-HEAL-11061,183,Christchurch,2026-02-12
SKU-HOME-02681,0,Brisbane,2026-07-09
SKU-SPOR-04331,385,Melbourne,2026-03-09
SKU-APPA-01926,487,Christchurch,2026-01-13
SKU-SPOR-03696,146,Sydney,2026-06-06
SKU-AUTO-07820,3,Wellington,2026-07-13
SKU-TOYS-06766,4,Sydney,2026-01-18
SKU-SPOR-04525,186,Perth,2026-03-24
SKU-APPA-01475,286,Brisbane,2026-01-17
SKU-BEAU-04912,22,Christchurch,2026-03-02
SKU-HEAL-11116,258,Perth,2026-02-21
SKU-AUTO-07959,142,Sydney,2026-02-07
SKU-TOYS-06196,40,Christchurch,2026-01-11
SKU-ELEC-00731,218,Brisbane,2026-06-28
SKU-BEAU-04919,157,Christchurch,2026-05-07
SKU-SPOR-04186,193,Auckland,2026-03-13
SKU-ELEC-00602,280,Perth,2026-05-25
SKU-SPOR-03911,58,Sydney,2026-03-19
SKU-GROC-08595,420,Melbourne,2026-02-13
SKU-OFFI-10747,111,Auckland,2026-04-02
SKU-ELEC-00034,,Auckland,2026-01-19
SKU-TOYS-06169,107,Wellington,2026-02-13
SKU-APPA-02070,88,Melbourne,2026-01-08
SKU-GROC-08717,218,Sydney,2026-03-09
SKU-AUTO-08158,225,Melbourne,2026-05-15
SKU-APPA-01590,369,Wellington,2026-03-05
SKU-OFFI-09865,300,Auckland,2026-06-17
SKU-GROC-09404,159,Auckland,2026-02-10
SKU-TOYS-06533,243,Auckland,2026-03-06
SKU-TOYS-06157,430,Melbourne,2026-04-27
SKU-HEAL-11703,245,Melbourne,2026-01-02
SKU-SPOR-03981,57,Brisbane,2026-03-17
SKU-AUTO-07537,144,Melbourne,2026-03-14
SKU-TOYS-07085,396,Wellington,2026-01-13
SKU-HOME-02469,60,Wellington,2026-06-21
SKU-SPOR-04243,354,Adelaide,2026-03-17
SKU-GROC-08873,61,Sydney,2026-02-01
SKU-TOYS-06518,307,Brisbane,2026-01-27
SKU-OFFI-09851,456,Melbourne,2026-04-07
SKU-HEAL-10951,221,Melbourne,2026-03-26
SKU-ELEC-00394,223,Adelaide,2026-06-07
SKU-HEAL-11026,394,Auckland,2026-05-26
SKU-APPA-01782,162,Adelaide,2026-01-16
SKU-HOME-02550,112,Wellington,2026-07-01
SKU-GROC-08572,208,Perth,2026-03-06
SKU-TOYS-06767,170,Adelaide,2026-04-17
SKU-OFFI-09908,293,Sydney,2026-01-13
SKU-BEAU-05994,482,Brisbane,2026-07-15
SKU-AUTO-08071,330,Adelaide,2026-07-25
SKU-SPOR-04075,447,Sydney,2026-05-26
SKU-BEAU-04821,167,Brisbane,2026-06-19
SKU-HOME-03036,240,Auckland,2026-03-13
SKU-GROC-08874,337,Melbourne,2026-02-28
SKU-OFFI-10681,287,Christchurch,2026-02-09
SKU-SPOR-04676,41,Wellington,2026-02-10
SKU-APPA-01641,308,Christchurch,2026-05-15
SKU-AUTO-08084,366,Wellington,2026-02-01
SKU-SPOR-04638,148,Melbourne,2026-03-11
SKU-TOYS-06494,156,Auckland,2026-02-06
SKU-GROC-09504,281,Sydney,2026-04-11
SKU-OFFI-10250,450,Brisbane,2026-04-08
SKU-BEAU-05910,482,Perth,2026-01-19
SKU-AUTO-07870,154,Christchurch,2026-01-01
SKU-ELEC-00072,172,Adelaide,2026-06-03
SKU-AUTO-07505,292,Christchurch,2026-05-25
SKU-HOME-03565,230,Adelaide,2026-06-12
SKU-ELEC-00436,117,Brisbane,2026-05-05
SKU-OFFI-09760,21,Perth,2026-07-15
SKU-TOYS-07165,485,Wellington,2026-07-23
SKU-SPOR-04754,199,Melbourne,2026-05-03
SKU-AUTO-08265,397,Wellington,2026-02-11
SKU-APPA-01721,206,Adelaide,2026-02-14
SKU-SPOR-03613,269,Sydney,2026-03-06
SKU-OFFI-09951,277,Wellington,2026-07-07
SKU-HEAL-10844,210,Wellington,2026-03-21
SKU-SPOR-03887,303,Auckland,2026-07-22
SKU-HEAL-11984,497,Auckland,2026-07-01
SKU-OFFI-10507,203,Melbourne,2026-03-20
SKU-OFFI-09675,,Auckland,2026-07-09
SKU-TOYS-06683,,Perth,2026-03-01
SKU-SPOR-04651,66,Christchurch,2026-01-28
SKU-SPOR-04536,455,Sydney,2026-02-19
SKU-HOME-02446,193,Brisbane,2026-03-20
SKU-SPOR-04059,426,Melbourne,2026-02-12
SKU-AUTO-08194,435,Brisbane,2026-03-26
SKU-HEAL-10853,407,Melbourne,2026-04-11
SKU-GROC-08632,162,Brisbane,2026-06-04
SKU-GROC-08739,17,Adelaide,2026-04-22
SKU-BEAU-04986,435,Brisbane,2026-01-06
SKU-AUTO-07923,88,Perth,2026-02-02
SKU-BEAU-05099,50,Adelaide,2026-02-17
SKU-SPOR-04708,333,Auckland,2026-06-25
SKU-HEAL-11575,64,Sydney,2026-04-25
SKU-HOME-02975,440,Christchurch,2026-03-01
SKU-HOME-03312,354,Sydney,2026-02-04
SKU-BEAU-04996,111,Christchurch,2026-06-15
SKU-TOYS-06743,348,Sydney,2026-05-13
SKU-HOME-02930,485,Sydney,2026-05-18
SKU-OFFI-10717,383,Adelaide,2026-07-14
SKU-GROC-08495,211,Brisbane,2026-02-20
SKU-APPA-01752,440,Melbourne,2026-06-26
SKU-SPOR-04626,367,Adelaide,2026-04-18
SKU-GROC-09235,112,Wellington,2026-04-10
SKU-SPOR-03931,385,Brisbane,2026-01-03
SKU-HEAL-11261,375,Wellington,2026-03-23
SKU-ELEC-00353,61,Adelaide,2026-03-25
SKU-AUTO-08301,36,Auckland,2026-02-25
SKU-HEAL-11143,99,Perth,2026-06-23
SKU-BEAU-04838,474,Sydney,2026-07-22
SKU-TOYS-06107,237,Auckland,2026-06-22
SKU-APPA-01246,72,Sydney,2026-01-15
SKU-APPA-01787,296,Perth,2026-02-25
SKU-OFFI-10753,191,Perth,2026-06-22
SKU-ELEC-00058,489,Sydney,2026-01-08
SKU-SPOR-04036,132,Perth,2026-01-09
SKU-ELEC-00743,109,Perth,2026-05-17
SKU-OFFI-10325,306,Sydney,2026-01-13
SKU-TOYS-07117,353,Christchurch,2026-05-17
SKU-HOME-02544,189,Wellington,2026-07-28
SKU-GROC-08542,412,Perth,2026-03-26
SKU-HEAL-11640,88,Adelaide,2026-06-08
SKU-HOME-03407,102,Wellington,2026-01-03
SKU-SPOR-04438,,Brisbane,2026-04-26
SKU-APPA-02336,140,Christchurch,2026-01-24
SKU-BEAU-05880,264,Christchurch,2026-07-19
SKU-GROC-09095,495,Adelaide,2026-01-16
SKU-SPOR-03713,351,Wellington,2026-05-25
SKU-APPA-01778,256,Wellington,2026-03-26
SKU-OFFI-10295,482,Brisbane,2026-04-22
SKU-BEAU-05607,297,Perth,2026-05-26
SKU-OFFI-09804,353,Sydney,2026-02-06
SKU-GROC-08428,375,Sydney,2026-03-23
SKU-ELEC-00154,331,Perth,2026-05-14
SKU-TOYS-07099,158,Christchurch,2026-03-23
SKU-HOME-03283,498,Adelaide,2026-01-03
SKU-AUTO-08154,429,Melbourne,2026-03-11
SKU-ELEC-00454,163,Brisbane,2026-01-05
SKU-TOYS-06124,,Christchurch,2026-06-02
SKU-HOME-02721,219,Wellington,2026-06-07
SKU-SPOR-03917,30,Melbourne,2026-01-26
SKU-BEAU-05227,300,Adelaide,2026-04-24
SKU-BEAU-05493,,Melbourne,2026-07-23
SKU-GROC-09152,,Christchurch,2026-05-14
SKU-AUTO-08171,92,Brisbane,2026-01-12
SKU-GROC-09274,224,Christchurch,2026-01-05
SKU-TOYS-06147,22,Wellington,2026-02-08
SKU-APPA-01776,388,Wellington,2026-03-25
SKU-AUTO-08104,84,Melbourne,2026-04-25
SKU-GROC-08918,224,Auckland,2026-01-03
SKU-TOYS-06974,135,Perth,2026-06-05
SKU-AUTO-08266,177,Wellington,2026-01-26
SKU-AUTO-07720,168,Brisbane,2026-07-27
SKU-BEAU-04976,204,Adelaide,2026-07-19
SKU-OFFI-09933,338,Christchurch,2026-06-07
SKU-TOYS-06386,240,Wellington,2026-06-10
SKU-OFFI-09857,393,Wellington,2026-07-12
SKU-SPOR-04670,86,Christchurch,2026-06-12
SKU-TOYS-06243,80,Christchurch,2026-02-15
SKU-APPA-02213,10,Adelaide,2026-03-21
SKU-BEAU-04842,332,Sydney,2026-03-20
SKU-ELEC-00051,97,Christchurch,2026-07-28
SKU-AUTO-07441,381,Sydney,2026-05-08
SKU-HOME-03058,291,Christchurch,2026-05-04
SKU-APPA-01217,366,Adelaide,2026-06-28
SKU-AUTO-08018,86,Auckland,2026-03-08
SKU-TOYS-06426,313,Perth,2026-07-07
SKU-OFFI-10391,36,Wellington,2026-05-07
SKU-TOYS-06065,240,Melbourne,2026-02-25
SKU-TOYS-06496,488,Auckland,2026-03-24
SKU-ELEC-00862,498,Wellington,2026-07-17
SKU-SPOR-04152,92,Adelaide,2026-03-04
SKU-HOME-03337,284,Perth,2026-07-18
SKU-BEAU-05832,114,Auckland,2026-02-16
SKU-HOME-03360,305,Christchurch,2026-07-12
SKU-SPOR-04229,405,Christchurch,2026-02-11
SKU-BEAU-05290,81,Melbourne,2026-06-04
SKU-HEAL-11168,392,Melbourne,2026-03-23
SKU-BEAU-05253,,Wellington,2026-01-21
SKU-TOYS-06178,54,Perth,2026-01-26
SKU-APPA-01760,287,Christchurch,2026-04-14
SKU-OFFI-10056,102,Adelaide,2026-03-02
SKU-BEAU-05581,433,Perth,2026-02-18
SKU-BEAU-05921,494,Wellington,2026-07-15
SKU-TOYS-06947,303,Perth,2026-05-12
SKU-TOYS-06321,76,Melbourne,2026-01-18
SKU-OFFI-09601,186,Auckland,2026-06-01
SKU-AUTO-07603,12,Wellington,2026-02-25
SKU-GROC-09530,364,Wellington,2026-07-18
SKU-AUTO-07546,375,Perth,2026-01-04
SKU-APPA-01867,336,Perth,2026-02-24
SKU-AUTO-07633,95,Brisbane,2026-04-06
SKU-OFFI-10064,498,Perth,2026-04-10
SKU-HEAL-10906,24,Brisbane,2026-04-24
SKU-BEAU-05047,416,Christchurch,2026-05-15
SKU-OFFI-10002,205,Christchurch,2026-06-10
SKU-HEAL-11333,305,Perth,2026-03-18
SKU-HOME-02787,41,Perth,2026-01-15
SKU-GROC-08630,395,Auckland,2026-06-04
SKU-SPOR-03835,161,Perth,2026-02-21
SKU-HOME-03378,200,Sydney,2026-04-19
SKU-TOYS-06678,41,Brisbane,2026-03-05
SKU-OFFI-10501,141,Brisbane,2026-04-11
SKU-APPA-01342,43,Melbourne,2026-07-15
SKU-SPOR-04179,120,Perth,2026-07-04
SKU-AUTO-07490,,Brisbane,2026-04-09
SKU-OFFI-10541,112,Perth,2026-07-12
SKU-BEAU-05700,216,Adelaide,2026-05-09
SKU-SPOR-04799,250,Sydney,2026-05-19
SKU-OFFI-10344,430,Adelaide,2026-05-21
SKU-HEAL-11404,279,Melbourne,2026-05-22
SKU-APPA-02214,333,Melbourne,2026-03-22
SKU-AUTO-07817,124,Brisbane,2026-06-17
SKU-GROC-08416,389,Christchurch,2026-05-07
SKU-TOYS-07124,480,Auckland,2026-06-21
SKU-HOME-03349,360,Sydney,2026-07-05
SKU-ELEC-00981,93,Wellington,2026-04-28
SKU-HEAL-11528,329,Brisbane,2026-01-14
SKU-AUTO-07575,370,Auckland,2026-01-12
SKU-BEAU-05655,376,Christchurch,2026-05-24
SKU-HEAL-11050,417,Sydney,2026-06-15
SKU-HEAL-11651,,Perth,2026-03-25
SKU-SPOR-03974,402,Perth,2026-01-10
SKU-BEAU-05939,,Melbourne,2026-07-16
SKU-AUTO-08048,377,Sydney,2026-05-19
SKU-SPOR-04393,184,Auckland,2026-03-12
SKU-SPOR-04294,456,Perth,2026-06-12
SKU-ELEC-00032,485,Brisbane,2026-02-26
SKU-ELEC-00258,294,Brisbane,2026-05-08
SKU-TOYS-06179,498,Christchurch,2026-03-05
SKU-BEAU-04881,129,Wellington,2026-01-11
SKU-AUTO-07879,291,Sydney,2026-02-16
SKU-TOYS-06067,258,Christchurch,2026-01-25
SKU-OFFI-10352,36,Brisbane,2026-06-28
SKU-AUTO-08264,219,Brisbane,2026-02-20
SKU-APPA-01599,34,Sydney,2026-02-21
SKU-OFFI-09782,170,Wellington,2026-04-19
SKU-GROC-09153,69,Perth,2026-05-15
SKU-HOME-03429,173,Melbourne,2026-07-26
SKU-BEAU-04890,228,Brisbane,2026-05-10
SKU-SPOR-03652,256,Melbourne,2026-01-18
SKU-ELEC-00988,319,Sydney,2026-06-03
SKU-AUTO-07387,310,Sydney,2026-04-09
SKU-APPA-01547,71,Auckland,2026-03-19
SKU-APPA-02253,311,Brisbane,2026-05-04
SKU-AUTO-07215,170,Perth,2026-05-13
SKU-SPOR-03993,137,Brisbane,2026-02-14
SKU-HOME-02979,264,Brisbane,2026-06-22
SKU-GROC-09162,462,Melbourne,2026-04-17
SKU-SPOR-04212,390,Brisbane,2026-07-02
SKU-APPA-01266,108,Perth,2026-07-16
SKU-OFFI-09791,279,Auckland,2026-07-07
SKU-SPOR-03665,340,Auckland,2026-07-22
SKU-HEAL-11035,98,Auckland,2026-07-24
SKU-GROC-09259,322,Wellington,2026-04-25
SKU-OFFI-09765,305,Brisbane,2026-01-10
SKU-HOME-02409,152,Auckland,2026-02-14
SKU-HEAL-10939,102,Sydney,2026-05-20
SKU-ELEC-00382,325,Christchurch,2026-02-03
SKU-SPOR-04240,53,Wellington,2026-06-02
SKU-HOME-03288,,Adelaide,2026-01-12
SKU-OFFI-09984,434,Auckland,2026-03-17
SKU-OFFI-10635,286,Brisbane,2026-05-20
SKU-AUTO-07995,198,Sydney,2026-07-04
SKU-AUTO-08094,407,Melbourne,2026-01-10
SKU-GROC-09556,159,Melbourne,2026-04-17
SKU-HOME-03560,473,Adelaide,2026-02-17
SKU-HEAL-11715,28,Perth,2026-02-09
SKU-BEAU-05833,425,Christchurch,2026-01-09
SKU-TOYS-07146,422,Brisbane,2026-01-21
SKU-GROC-08403,308,Perth,2026-04-22
SKU-HEAL-11581,87,Perth,2026-02-05
SKU-ELEC-00180,443,Christchurch,2026-04-06
SKU-TOYS-06965,77,Adelaide,2026-06-27
SKU-TOYS-06307,199,Auckland,2026-01-23
SKU-TOYS-06920,334,Sydney,2026-06-13
SKU-APPA-01810,11,Wellington,2026-01-08
SKU-HOME-02470,162,Sydney,2026-01-01
SKU-HOME-02985,45,Auckland,2026-03-05
SKU-AUTO-08148,225,Melbourne,2026-01-14
SKU-SPOR-04022,227,Christchurch,2026-04-16
SKU-ELEC-01033,376,Auckland,2026-04-20
SKU-HEAL-11015,363,Auckland,2026-03-26
SKU-HOME-03222,102,Auckland,2026-01-02
SKU-APPA-01383,309,Wellington,2026-02-08
SKU-GROC-09205,51,Sydney,2026-01-11
SKU-GROC-09233,83,Sydney,2026-05-14
SKU-GROC-08752,197,Christchurch,2026-07-28
SKU-ELEC-01184,410,Sydney,2026-05-07
SKU-ELEC-00298,355,Perth,2026-06-23
SKU-ELEC-00798,6,Brisbane,2026-02-22
SKU-AUTO-07815,183,Christchurch,2026-04-01
SKU-GROC-09189,87,Melbourne,2026-06-22
SKU-SPOR-03928,44,Perth,2026-02-25
SKU-HOME-03505,475,Brisbane,2026-06-20
SKU-OFFI-09995,399,Wellington,2026-05-21
SKU-BEAU-05443,,Sydney,2026-04-16
SKU-APPA-01763,64,Perth,2026-03-03
SKU-SPOR-04660,213,Adelaide,2026-03-13
SKU-SPOR-03901,373,Wellington,2026-07-26
SKU-GROC-08878,256,Adelaide,2026-03-01
SKU-SPOR-03864,281,Christchurch,2026-06-06
SKU-ELEC-00250,309,Adelaide,2026-06-05
SKU-AUTO-07386,,Perth,2026-04-25
SKU-GROC-08561,229,Wellington,2026-05-20
SKU-OFFI-09934,314,Melbourne,2026-04-08
SKU-APPA-02304,263,Adelaide,2026-06-26
SKU-SPOR-04027,343,Sydney,2026-05-04
SKU-ELEC-00710,458,Perth,2026-03-26
SKU-OFFI-10389,210,Auckland,2026-03-02
SKU-APPA-01611,26,Perth,2026-01-27
SKU-SPOR-03882,175,Adelaide,2026-02-18
SKU-HOME-02864,139,Adelaide,2026-05-06
SKU-BEAU-05153,44,Christchurch,2026-06-16
SKU-GROC-09035,53,Sydney,2026-06-25
SKU-SPOR-03618,293,Melbourne,2026-01-05
SKU-BEAU-05400,53,Adelaide,2026-02-02
SKU-TOYS-06770,281,Sydney,2026-01-10
SKU-OFFI-10277,458,Brisbane,2026-02-15
SKU-HEAL-11349,154,Auckland,2026-03-01
SKU-SPOR-04616,130,Sydney,2026-04-26
SKU-HOME-02523,79,Adelaide,2026-01-27
SKU-ELEC-00257,233,Melbourne,2026-03-20
SKU-OFFI-10592,208,Perth,2026-05-20
SKU-AUTO-07821,292,Auckland,2026-07-21
SKU-ELEC-00135,223,Adelaide,2026-06-17
SKU-OFFI-09924,440,Christchurch,2026-07-16
SKU-HEAL-10977,423,Auckland,2026-04-15
SKU-OFFI-10187,171,Sydney,2026-05-16
SKU-OFFI-10421,67,Auckland,2026-07-08
SKU-HEAL-11545,,Brisbane,2026-05-17
SKU-APPA-01913,148,Christchurch,2026-07-08
SKU-TOYS-06405,436,Wellington,2026-03-07
SKU-HEAL-11915,471,Adelaide,2026-05-18
SKU-OFFI-10464,130,Melbourne,2026-07-20
SKU-APPA-01560,170,Adelaide,2026-04-12
SKU-HOME-02835,223,Christchurch,2026-03-26
SKU-GROC-09318,96,Perth,2026-01-11
SKU-OFFI-10740,7,Auckland,2026-03-17
SKU-HOME-03064,,Perth,2026-04-25
SKU-BEAU-05807,93,Adelaide,2026-02-28
SKU-OFFI-09803,17,Auckland,2026-01-15
SKU-TOYS-06915,134,Christchurch,2026-01-14
SKU-SPOR-03661,76,Adelaide,2026-04-02
SKU-OFFI-10154,312,Wellington,2026-02-03
SKU-APPA-02342,10,Sydney,2026-07-05
SKU-ELEC-00142,490,Perth,2026-07-15
SKU-AUTO-08279,122,Wellington,2026-04-25
SKU-APPA-01591,487,Auckland,2026-05-09
SKU-GROC-08811,355,Wellington,2026-05-26
SKU-APPA-01607,431,Sydney,2026-04-16
SKU-AUTO-08029,350,Christchurch,2026-04-03
SKU-BEAU-05142,,Christchurch,2026-03-09
SKU-TOYS-06206,210,Perth,2026-03-20
SKU-AUTO-07623,343,Adelaide,2026-06-04
SKU-OFFI-09844,347,Melbourne,2026-02-01
SKU-HEAL-11327,373,Christchurch,2026-07-21
SKU-HEAL-11847,238,Adelaide,2026-03-16
SKU-ELEC-00637,260,Brisbane,2026-07-06
SKU-SPOR-04064,369,Sydney,2026-04-24
SKU-BEAU-05156,356,Brisbane,2026-02-13
SKU-ELEC-00326,91,Wellington,2026-03-02
SKU-APPA-02289,362,Brisbane,2026-05-03
SKU-GROC-08663,309,Sydney,2026-04-01
SKU-ELEC-00753,,Wellington,2026-04-06
SKU-ELEC-00017,373,Adelaide,2026-02-01
SKU-HOME-02432,239,Melbourne,2026-06-13
SKU-TOYS-06041,426,Auckland,2026-03-25
SKU-AUTO-07352,259,Adelaide,2026-04-07
SKU-HEAL-11444,336,Wellington,2026-07-27
SKU-OFFI-10424,207,Perth,2026-04-07
SKU-APPA-01615,364,Perth,2026-01-06
SKU-APPA-02102,211,Christchurch,2026-02-17
SKU-BEAU-05470,164,Perth,2026-06-19
SKU-APPA-01696,450,Brisbane,2026-07-05
SKU-BEAU-05263,109,Auckland,2026-05-18
SKU-ELEC-00302,322,Auckland,2026-03-25
SKU-ELEC-00636,262,Sydney,2026-07-15
SKU-AUTO-08000,23,Christchurch,2026-03-09
SKU-GROC-09321,278,Wellington,2026-02-19
SKU-TOYS-06619,224,Wellington,2026-02-03
SKU-AUTO-07579,10,Brisbane,2026-03-03
SKU-OFFI-09911,356,Sydney,2026-05-02
SKU-HOME-03536,106,Perth,2026-05-21
SKU-HOME-03404,47,Christchurch,2026-01-28
SKU-ELEC-01117,253,Brisbane,2026-04-10
SKU-TOYS-06097,,Sydney,2026-01-13
SKU-AUTO-08313,247,Perth,2026-07-27
SKU-ELEC-00063,241,Adelaide,2026-06-23
SKU-AUTO-07527,201,Melbourne,2026-05-03
SKU-BEAU-05873,108,Brisbane,2026-07-13
SKU-GROC-08435,39,Perth,2026-05-13
SKU-ELEC-01166,236,Christchurch,2026-07-27
SKU-OFFI-10037,156,Melbourne,2026-05-26
SKU-AUTO-07842,,Perth,2026-07-16
SKU-BEAU-04915,458,Auckland,2026-06-01
SKU-OFFI-10069,179,Christchurch,2026-02-05
SKU-TOYS-06395,214,Melbourne,2026-07-20
SKU-HEAL-11604,444,Perth,2026-04-14
SKU-HEAL-11599,49,Melbourne,2026-05-14
SKU-TOYS-06852,327,Perth,2026-07-10
SKU-SPOR-04275,368,Perth,2026-03-26
SKU-HOME-02739,20,Melbourne,2026-07-13
SKU-AUTO-08006,57,Adelaide,2026-06-20
SKU-BEAU-05878,17,Adelaide,2026-04-08
SKU-SPOR-04182,255,Brisbane,2026-07-17
SKU-HEAL-11934,139,Auckland,2026-03-04
SKU-TOYS-06871,412,Auckland,2026-04-05
SKU-ELEC-00896,258,Auckland,2026-07-03
SKU-OFFI-10525,,Brisbane,2026-02-14
SKU-TOYS-06279,491,Sydney,2026-01-27
SKU-ELEC-00011,411,Adelaide,2026-02-22
SKU-SPOR-03861,362,Adelaide,2026-03-22
SKU-OFFI-10668,194,Wellington,2026-02-26
SKU-TOYS-06794,271,Christchurch,2026-06-10
SKU-SPOR-04460,64,Christchurch,2026-03-05
SKU-AUTO-07606,157,Perth,2026-06-24
SKU-SPOR-03690,427,Christchurch,2026-03-16
SKU-SPOR-04224,140,Sydney,2026-03-12
SKU-OFFI-09964,318,Melbourne,2026-01-10
SKU-ELEC-00976,292,Sydney,2026-03-04
SKU-BEAU-04999,47,Auckland,2026-04-10
SKU-AUTO-08336,167,Brisbane,2026-03-02
SKU-GROC-09539,5,Sydney,2026-07-01
SKU-ELEC-00763,174,Adelaide,2026-04-06
SKU-SPOR-04233,167,Brisbane,2026-01-04
SKU-GROC-08856,397,Christchurch,2026-03-26
SKU-TOYS-06190,110,Melbourne,2026-01-24
SKU-HOME-02402,357,Perth,2026-04-23
SKU-SPOR-04410,239,Adelaide,2026-02-16
SKU-TOYS-06234,366,Adelaide,2026-02-15
SKU-GROC-09485,211,Perth,2026-07-21
SKU-SPOR-03729,414,Adelaide,2026-01-12
SKU-AUTO-07587,41,Adelaide,2026-03-23
SKU-BEAU-05203,270,Christchurch,2026-01-01
SKU-HOME-03522,314,Adelaide,2026-04-12
SKU-ELEC-00618,202,Melbourne,2026-05-13
SKU-SPOR-04457,139,Adelaide,2026-04-19
SKU-BEAU-05563,227,Sydney,2026-02-26
SKU-TOYS-06567,375,Perth,2026-07-17
SKU-ELEC-00933,80,Wellington,2026-02-22
SKU-HOME-03153,326,Adelaide,2026-07-02
SKU-ELEC-00642,224,Adelaide,2026-06-13
SKU-HEAL-10810,499,Christchurch,2026-03-09
SKU-HEAL-11297,351,Adelaide,2026-01-18
SKU-HOME-02637,494,Auckland,2026-07-20
SKU-SPOR-03972,8,Brisbane,2026-05-11
SKU-HEAL-11834,31,Wellington,2026-02-21
SKU-HOME-03405,95,Auckland,2026-02-08
SKU-GROC-09529,185,Sydney,2026-06-02
SKU-SPOR-04185,,Christchurch,2026-01-23
SKU-APPA-01230,412,Melbourne,2026-04-16
SKU-BEAU-05285,52,Perth,2026-07-19
SKU-HOME-02434,130,Brisbane,2026-05-05
SKU-BEAU-05303,31,Adelaide,2026-02-17
SKU-HEAL-11773,300,Melbourne,2026-01-18
SKU-SPOR-04045,85,Wellington,2026-07-12
SKU-GROC-08545,55,Brisbane,2026-01-20
SKU-AUTO-07847,145,Adelaide,2026-02-23
SKU-BEAU-05900,427,Sydney,2026-02-18
SKU-BEAU-04837,301,Auckland,2026-03-12
SKU-SPOR-03985,160,Christchurch,2026-03-23
SKU-HEAL-10900,,Melbourne,2026-06-07
SKU-HEAL-11480,481,Brisbane,2026-02-19
SKU-HOME-02507,329,Brisbane,2026-07-02
SKU-APPA-01499,407,Wellington,2026-04-03
SKU-SPOR-03926,356,Auckland,2026-05-04
SKU-GROC-09040,475,Melbourne,2026-01-08
SKU-APPA-02168,,Perth,2026-03-19
SKU-HEAL-11149,462,Auckland,2026-06-11
SKU-OFFI-10762,,Wellington,2026-04-06
SKU-TOYS-06897,162,Brisbane,2026-07-15
SKU-APPA-01510,399,Melbourne,2026-02-05
SKU-OFFI-09751,261,Melbourne,2026-06-28
SKU-HOME-03235,279,Adelaide,2026-03-10
SKU-OFFI-10777,418,Christchurch,2026-01-26
SKU-ELEC-00368,484,Adelaide,2026-02-19
SKU-TOYS-06914,212,Wellington,2026-07-10
SKU-BEAU-05798,64,Wellington,2026-01-12
SKU-APPA-01309,423,Auckland,2026-06-05
SKU-BEAU-05578,390,Perth,2026-04-22
SKU-APPA-02385,318,Sydney,2026-03-12
SKU-HEAL-11249,70,Auckland,2026-01-28
SKU-TOYS-07031,171,Auckland,2026-02-16
SKU-GROC-09043,490,Melbourne,2026-01-11
SKU-APPA-02384,42,Melbourne,2026-01-11
SKU-HOME-03090,390,Sydney,2026-06-22
SKU-GROC-08484,,Auckland,2026-02-25
SKU-AUTO-07946,405,Melbourne,2026-04-17
SKU-AUTO-07772,42,Adelaide,2026-05-18
SKU-SPOR-04339,293,Perth,2026-03-01
SKU-AUTO-08218,235,Adelaide,2026-04-22
SKU-AUTO-07344,128,Melbourne,2026-02-11
SKU-SPOR-04066,397,Wellington,2026-05-02
SKU-TOYS-06499,73,Brisbane,2026-01-05
SKU-GROC-08998,222,Auckland,2026-06-05
SKU-GROC-08465,39,Sydney,2026-04-21
SKU-ELEC-00843,472,Wellington,2026-01-15
SKU-TOYS-06429,187,Sydney,2026-04-06
SKU-HOME-03020,260,Adelaide,2026-02-15
SKU-OFFI-10342,207,Adelaide,2026-02-23
SKU-OFFI-09840,359,Melbourne,2026-02-14
SKU-BEAU-05639,217,Adelaide,2026-01-20
SKU-BEAU-04924,109,Adelaide,2026-04-23
SKU-HEAL-11963,180,Christchurch,2026-03-05
SKU-GROC-08683,78,Sydney,2026-04-09
SKU-HOME-02879,437,Auckland,2026-07-25
SKU-TOYS-06031,,Perth,2026-01-02
SKU-AUTO-08314,180,Sydney,2026-04-17
SKU-GROC-08438,215,Christchurch,2026-01-17
SKU-OFFI-10727,312,Brisbane,2026-06-15
SKU-AUTO-08333,293,Adelaide,2026-02-06
SKU-BEAU-05858,421,Perth,2026-07-24
SKU-SPOR-03636,26,Melbourne,2026-03-20
SKU-AUTO-07581,208,Sydney,2026-01-18
SKU-OFFI-10192,364,Auckland,2026-05-02
SKU-HEAL-11029,112,Auckland,2026-07-07
SKU-ELEC-01183,193,Perth,2026-04-21
SKU-OFFI-10683,278,Christchurch,2026-07-02
SKU-HOME-03361,23,Brisbane,2026-07-10
SKU-HOME-03586,,Christchurch,2026-02-03
SKU-OFFI-09854,151,Adelaide,2026-07-14
SKU-AUTO-07716,307,Christchurch,2026-04-15
SKU-AUTO-08122,267,Sydney,2026-07-13
SKU-GROC-08687,,Brisbane,2026-01-09
SKU-BEAU-05840,111,Adelaide,2026-02-25
SKU-APPA-02091,42,Christchurch,2026-07-27
SKU-ELEC-00357,115,Sydney,2026-07-26
SKU-TOYS-06543,422,Sydney,2026-07-08
SKU-ELEC-00893,6,Auckland,2026-02-04
SKU-BEAU-05313,216,Wellington,2026-01-02
SKU-AUTO-08178,247,Brisbane,2026-05-18
SKU-GROC-08743,425,Adelaide,2026-07-13
SKU-SPOR-04544,77,Brisbane,2026-05-09
SKU-GROC-08564,476,Christchurch,2026-04-06
SKU-GROC-09221,271,Sydney,2026-01-04
SKU-BEAU-05079,181,Wellington,2026-05-16
SKU-OFFI-10633,348,Adelaide,2026-02-21
SKU-HOME-02829,238,Melbourne,2026-05-28
SKU-HEAL-11427,407,Auckland,2026-02-27
SKU-GROC-09234,375,Melbourne,2026-05-19
SKU-GROC-08637,485,Wellington,2026-02-18
SKU-HEAL-10806,367,Melbourne,2026-04-25
SKU-TOYS-06078,285,Wellington,2026-01-01
SKU-TOYS-07094,157,Brisbane,2026-04-06
SKU-APPA-02079,108,Melbourne,2026-05-13
SKU-APPA-02326,237,Adelaide,2026-02-25
SKU-AUTO-07595,,Brisbane,2026-04-17
SKU-ELEC-00546,324,Wellington,2026-03-18
SKU-APPA-01821,249,Brisbane,2026-05-28
SKU-AUTO-07885,214,Brisbane,2026-01-08
SKU-APPA-02185,249,Auckland,2026-04-08
SKU-HEAL-11373,231,Brisbane,2026-07-07
SKU-TOYS-06366,132,Auckland,2026-05-24
SKU-HEAL-10956,452,Auckland,2026-07-01
SKU-SPOR-04236,97,Adelaide,2026-03-21
SKU-BEAU-05654,277,Christchurch,2026-01-15
SKU-GROC-08924,311,Brisbane,2026-01-19
SKU-TOYS-06018,381,Perth,2026-06-11
SKU-BEAU-05281,345,Sydney,2026-07-20
SKU-SPOR-03873,443,Sydney,2026-01-14
SKU-BEAU-05308,476,Melbourne,2026-06-13
SKU-HEAL-11724,433,Adelaide,2026-01-11
SKU-AUTO-08101,474,Perth,2026-05-09
SKU-HEAL-11767,235,Christchurch,2026-01-06
SKU-SPOR-04747,375,Brisbane,2026-04-22
SKU-HOME-03438,114,Brisbane,2026-03-28
SKU-HOME-03263,439,Melbourne,2026-01-19
SKU-BEAU-05370,316,Adelaide,2026-03-01
SKU-HEAL-11928,212,Melbourne,2026-06-17
SKU-TOYS-06008,286,Wellington,2026-01-05
SKU-ELEC-00003,396,Auckland,2026-01-17
SKU-HOME-03182,232,Auckland,2026-07-04
SKU-AUTO-07220,359,Auckland,2026-02-24
SKU-TOYS-06960,177,Sydney,2026-02-12
SKU-SPOR-04433,278,Auckland,2026-02-20
SKU-ELEC-00792,236,Adelaide,2026-05-09
SKU-OFFI-10756,319,Wellington,2026-04-25
SKU-AUTO-07518,237,Auckland,2026-04-09
SKU-GROC-09228,129,Melbourne,2026-05-27
SKU-APPA-01354,,Auckland,2026-07-13
SKU-OFFI-10183,198,Brisbane,2026-04-15
SKU-APPA-01982,107,Melbourne,2026-02-27
SKU-TOYS-06256,,Wellington,2026-07-12
SKU-TOYS-06062,264,Christchurch,2026-01-13
SKU-TOYS-06601,189,Brisbane,2026-05-13
SKU-HOME-03299,416,Auckland,2026-02-24
SKU-OFFI-10449,166,Perth,2026-07-18
SKU-ELEC-01166,236,Christchurch,2026-07-27
SKU-SPOR-04147,324,Perth,2026-02-04
SKU-APPA-02278,212,Sydney,2026-06-10
SKU-HOME-03073,187,Sydney,2026-02-08
SKU-GROC-09100,489,Melbourne,2026-03-25
SKU-SPOR-03775,47,Wellington,2026-06-09
SKU-BEAU-05013,,Christchurch,2026-04-09
SKU-HEAL-11103,414,Melbourne,2026-03-14
SKU-BEAU-05086,6,Melbourne,2026-01-01
SKU-ELEC-00147,20,Perth,2026-03-23
SKU-OFFI-09828,154,Wellington,2026-06-01
SKU-SPOR-03833,163,Perth,2026-07-15
SKU-SPOR-04698,289,Brisbane,2026-06-25
SKU-OFFI-10025,171,Melbourne,2026-02-12
SKU-HEAL-11621,13,Auckland,2026-03-19
SKU-HOME-03577,5,Adelaide,2026-03-21
SKU-HEAL-11766,402,Melbourne,2026-03-11
SKU-HEAL-11650,,Melbourne,2026-03-19
SKU-APPA-02221,96,Wellington,2026-02-12
SKU-TOYS-06338,452,Wellington,2026-07-23
SKU-OFFI-10699,,Wellington,2026-07-06
SKU-HEAL-11660,363,Wellington,2026-01-14
SKU-OFFI-09680,442,Adelaide,2026-05-02
SKU-HOME-02762,308,Wellington,2026-01-25
SKU-OFFI-10283,56,Perth,2026-06-23
SKU-SPOR-04025,227,Auckland,2026-02-23
SKU-OFFI-10639,140,Sydney,2026-03-20
SKU-SPOR-04166,311,Sydney,2026-05-01
SKU-OFFI-10774,152,Sydney,2026-03-22
SKU-APPA-01768,131,Christchurch,2026-04-18
SKU-AUTO-07235,,Christchurch,2026-03-01
SKU-AUTO-07629,388,Adelaide,2026-03-15
SKU-TOYS-06682,42,Wellington,2026-04-20
SKU-HEAL-11878,483,Melbourne,2026-06-27
SKU-HOME-02938,451,Brisbane,2026-06-23
SKU-HEAL-11570,432,Melbourne,2026-05-16
SKU-AUTO-08076,175,Wellington,2026-03-25
SKU-AUTO-08107,483,Brisbane,2026-02-12
SKU-APPA-01732,274,Auckland,2026-07-05
SKU-ELEC-00441,448,Perth,2026-05-01
SKU-SPOR-03680,446,Melbourne,2026-01-25
SKU-AUTO-08382,329,Brisbane,2026-06-28
SKU-HEAL-11217,499,Brisbane,2026-05-05
SKU-OFFI-10776,112,Sydney,2026-07-08
SKU-GROC-08714,233,Perth,2026-01-08
SKU-GROC-09472,67,Melbourne,2026-03-12
SKU-HEAL-10992,278,Sydney,2026-07-24
SKU-HEAL-10842,22,Christchurch,2026-06-28
SKU-GROC-09007,176,Adelaide,2026-07-11
SKU-TOYS-07022,191,Perth,2026-05-16
SKU-AUTO-07577,50,Sydney,2026-06-27
SKU-BEAU-05830,263,Melbourne,2026-07-06
SKU-GROC-09077,,Brisbane,2026-06-11
SKU-APPA-01956,454,Adelaide,2026-01-12
SKU-HEAL-11976,338,Brisbane,2026-04-03
SKU-SPOR-03679,267,Christchurch,2026-06-15
SKU-AUTO-07760,161,Melbourne,2026-05-24
SKU-APPA-01992,124,Adelaide,2026-05-18
SKU-BEAU-05169,11,Brisbane,2026-04-08
SKU-TOYS-06207,206,Auckland,2026-01-18
SKU-OFFI-10504,446,Auckland,2026-04-10
SKU-OFFI-10093,464,Sydney,2026-07-21
SKU-APPA-02015,164,Auckland,2026-04-26
SKU-ELEC-00047,74,Sydney,2026-07-06
SKU-GROC-08735,193,Melbourne,2026-04-08
SKU-AUTO-08191,10,Christchurch,2026-02-10
SKU-APPA-02234,486,Adelaide,2026-06-11
SKU-TOYS-07080,433,Adelaide,2026-01-21
SKU-OFFI-09747,391,Adelaide,2026-01-18
SKU-BEAU-05580,293,Perth,2026-01-28
SKU-OFFI-10329,452,Wellington,2026-07-02
SKU-APPA-01861,304,Perth,2026-06-14
SKU-TOYS-07159,143,Christchurch,2026-07-06
SKU-HEAL-11752,104,Auckland,2026-01-23
SKU-APPA-01327,,Auckland,2026-06-09
SKU-APPA-01554,470,Adelaide,2026-05-09
SKU-HOME-03296,,Christchurch,2026-07-07
SKU-TOYS-06569,404,Auckland,2026-06-28
SKU-ELEC-00667,111,Christchurch,2026-05-21
SKU-SPOR-03818,73,Auckland,2026-02-11
SKU-OFFI-10479,484,Brisbane,2026-05-10
SKU-GROC-08634,28,Christchurch,2026-04-12
SKU-OFFI-09909,447,Auckland,2026-05-12
SKU-ELEC-01155,338,Adelaide,2026-02-08
SKU-TOYS-06014,,Christchurch,2026-01-03
SKU-TOYS-06360,253,Sydney,2026-07-18
SKU-GROC-08579,50,Adelaide,2026-02-28
SKU-HEAL-11515,263,Sydney,2026-05-13
SKU-OFFI-10257,285,Christchurch,2026-03-24
SKU-HEAL-11717,298,Sydney,2026-05-11
SKU-APPA-01682,44,Wellington,2026-03-03
SKU-TOYS-06043,122,Wellington,2026-05-12
SKU-ELEC-00555,388,Perth,2026-06-02
SKU-HEAL-11951,93,Perth,2026-07-02
SKU-TOYS-06465,41,Christchurch,2026-06-16
SKU-TOYS-06573,333,Adelaide,2026-03-26
SKU-GROC-09122,18,Wellington,2026-03-09
SKU-HEAL-11227,418,Auckland,2026-07-13
SKU-BEAU-04966,284,Auckland,2026-06-13
SKU-OFFI-10084,122,Perth,2026-01-20
SKU-APPA-01522,208,Christchurch,2026-03-21
SKU-HOME-02986,308,Wellington,2026-06-19
SKU-AUTO-07396,,Sydney,2026-01-19
SKU-HOME-03540,382,Christchurch,2026-04-28
SKU-SPOR-03942,457,Wellington,2026-05-05
SKU-BEAU-05457,348,Christchurch,2026-02-04
SKU-ELEC-01191,127,Sydney,2026-07-20
SKU-TOYS-07121,37,Sydney,2026-07-27
SKU-SPOR-04071,16,Sydney,2026-03-13
SKU-HEAL-11909,453,Adelaide,2026-01-04
SKU-ELEC-00310,134,Brisbane,2026-02-18
SKU-BEAU-05292,450,Brisbane,2026-01-06
SKU-APPA-01491,153,Christchurch,2026-07-08
SKU-BEAU-05971,436,Perth,2026-06-14
SKU-ELEC-00474,334,Wellington,2026-04-01
SKU-SPOR-04256,385,Adelaide,2026-05-08
SKU-OFFI-10533,141,Christchurch,2026-01-05
SKU-HOME-03237,383,Wellington,2026-03-21
SKU-GROC-08522,278,Melbourne,2026-05-08
SKU-HOME-02627,189,Melbourne,2026-04-16
SKU-APPA-01614,408,Auckland,2026-07-07
SKU-SPOR-04678,149,Auckland,2026-04-19
SKU-APPA-01448,408,Brisbane,2026-04-26
SKU-BEAU-05507,293,Perth,2026-04-21
SKU-HOME-03207,375,Auckland,2026-05-18
SKU-GROC-09286,86,Perth,2026-02-07
SKU-TOYS-06057,429,Adelaide,2026-06-20
SKU-GROC-08503,24,Brisbane,2026-06-17
SKU-TOYS-06111,204,Auckland,2026-05-22
SKU-APPA-01712,495,Adelaide,2026-01-18
SKU-OFFI-10516,27,Sydney,2026-03-10
SKU-BEAU-05461,478,Wellington,2026-01-03
SKU-OFFI-09616,367,Melbourne,2026-07-06
SKU-OFFI-10028,268,Brisbane,2026-06-02
SKU-HEAL-11439,145,Adelaide,2026-07-01
SKU-AUTO-07871,97,Christchurch,2026-07-27
SKU-OFFI-10467,51,Christchurch,2026-05-23
SKU-ELEC-00420,168,Christchurch,2026-03-04
SKU-HOME-02730,116,Wellington,2026-03-16
SKU-HOME-02741,424,Christchurch,2026-04-17
SKU-SPOR-04099,411,Wellington,2026-02-10
SKU-OFFI-10331,200,Wellington,2026-03-03
SKU-ELEC-01010,13,Auckland,2026-03-07
SKU-HEAL-11341,424,Adelaide,2026-01-17
SKU-HOME-03026,128,Auckland,2026-07-04
SKU-AUTO-08195,,Adelaide,2026-03-17
SKU-SPOR-04072,252,Auckland,2026-01-06
SKU-OFFI-10400,191,Brisbane,2026-07-03
SKU-APPA-02055,430,Perth,2026-06-25
SKU-ELEC-00655,229,Auckland,2026-05-13
SKU-BEAU-05683,,Auckland,2026-07-09
SKU-BEAU-05418,60,Sydney,2026-04-24
SKU-TOYS-06495,336,Christchurch,2026-07-16
SKU-ELEC-00232,172,Adelaide,2026-02-18
SKU-TOYS-07069,473,Auckland,2026-04-18
SKU-APPA-01589,80,Wellington,2026-06-10
SKU-AUTO-07797,440,Perth,2026-03-04
SKU-APPA-01545,143,Sydney,2026-03-23
SKU-GROC-08892,164,Adelaide,2026-05-02
SKU-GROC-09192,7,Perth,2026-06-14
SKU-HEAL-10943,455,Brisbane,2026-03-19
SKU-APPA-01289,36,Sydney,2026-07-18
SKU-SPOR-03623,,Melbourne,2026-05-02
SKU-GROC-09316,246,Sydney,2026-07-09
SKU-TOYS-06768,196,Sydney,2026-02-11
SKU-HOME-03362,478,Brisbane,2026-07-28
SKU-AUTO-08049,494,Melbourne,2026-05-14
SKU-AUTO-07436,453,Adelaide,2026-05-20
SKU-HEAL-10966,474,Brisbane,2026-03-26
SKU-AUTO-07204,43,Melbourne,2026-05-28
SKU-GROC-08984,297,Sydney,2026-07-20
SKU-TOYS-06585,167,Perth,2026-04-20
SKU-AUTO-07533,330,Adelaide,2026-03-15
SKU-ELEC-00237,386,Auckland,2026-06-03
SKU-TOYS-06381,449,Perth,2026-03-14
SKU-OFFI-09985,341,Christchurch,2026-04-25
SKU-AUTO-07503,178,Auckland,2026-01-12
SKU-SPOR-04134,161,Perth,2026-04-15
SKU-BEAU-05703,121,Brisbane,2026-02-08
SKU-SPOR-04034,488,Wellington,2026-01-27
SKU-OFFI-10050,403,Brisbane,2026-05-15
SKU-TOYS-06906,370,Christchurch,2026-01-11
SKU-HOME-03130,478,Perth,2026-02-07
SKU-HOME-03443,299,Wellington,2026-04-04
SKU-BEAU-05080,132,Sydney,2026-05-26
SKU-TOYS-06565,197,Brisbane,2026-01-18
SKU-HOME-03310,298,Sydney,2026-03-27
SKU-ELEC-00423,335,Wellington,2026-06-13
SKU-BEAU-05027,484,Christchurch,2026-03-10
SKU-APPA-01587,440,Perth,2026-06-28
SKU-ELEC-00345,176,Christchurch,2026-01-04
SKU-TOYS-06038,312,Brisbane,2026-03-03
SKU-APPA-02127,420,Melbourne,2026-04-15
SKU-ELEC-00588,291,Wellington,2026-05-08
SKU-OFFI-10468,228,Wellington,2026-07-16
SKU-APPA-01958,160,Adelaide,2026-06-22
SKU-OFFI-09650,466,Adelaide,2026-07-25
SKU-HEAL-11337,325,Christchurch,2026-07-19
SKU-BEAU-04959,293,Christchurch,2026-05-19
SKU-TOYS-06081,203,Christchurch,2026-06-21
SKU-AUTO-08055,240,Sydney,2026-06-09
SKU-APPA-02004,74,Auckland,2026-02-25
SKU-ELEC-00155,412,Perth,2026-03-10
SKU-SPOR-03815,130,Brisbane,2026-07-11
SKU-GROC-09595,156,Sydney,2026-04-20
SKU-HEAL-10991,233,Perth,2026-02-10
SKU-APPA-01330,266,Christchurch,2026-04-15
SKU-HEAL-11438,460,Adelaide,2026-06-04
SKU-AUTO-07309,,Melbourne,2026-04-17
SKU-HOME-03528,308,Perth,2026-04-09
SKU-HEAL-11801,212,Christchurch,2026-03-08
SKU-AUTO-07269,171,Auckland,2026-06-06
SKU-AUTO-08292,,Wellington,2026-04-10
SKU-TOYS-06477,156,Christchurch,2026-05-10
SKU-SPOR-04288,320,Adelaide,2026-01-09
SKU-GROC-09065,412,Melbourne,2026-04-27
SKU-SPOR-04769,270,Wellington,2026-03-12
SKU-APPA-01700,467,Brisbane,2026-04-09
SKU-AUTO-07268,442,Brisbane,2026-04-04
SKU-SPOR-04100,40,Brisbane,2026-02-10
SKU-HOME-02768,448,Sydney,2026-06-09
SKU-GROC-08790,452,Brisbane,2026-07-28
SKU-APPA-01237,232,Brisbane,2026-07-22
SKU-APPA-01479,118,Adelaide,2026-03-08
SKU-GROC-09364,442,Auckland,2026-02-18
SKU-TOYS-06934,472,Wellington,2026-03-22
SKU-HOME-03281,273,Melbourne,2026-04-05
SKU-ELEC-01088,170,Sydney,2026-06-17
SKU-SPOR-04082,242,Wellington,2026-02-21
SKU-APPA-01407,186,Sydney,2026-02-15
SKU-BEAU-05438,338,Sydney,2026-06-18
SKU-SPOR-04378,220,Adelaide,2026-03-03
SKU-GROC-08578,194,Sydney,2026-07-11
SKU-OFFI-09864,324,Sydney,2026-03-14
SKU-APPA-01201,309,Sydney,2026-04-24
SKU-HOME-02641,216,Adelaide,2026-03-12
SKU-BEAU-05179,304,Auckland,2026-03-12
SKU-HEAL-11683,458,Auckland,2026-01-04
SKU-OFFI-10071,413,Melbourne,2026-01-23
SKU-HOME-02843,384,Perth,2026-06-12
SKU-GROC-09416,460,Wellington,2026-02-05
SKU-HEAL-11437,198,Wellington,2026-02-17
SKU-HEAL-10840,207,Sydney,2026-03-03
SKU-OFFI-09965,257,Brisbane,2026-05-06
SKU-ELEC-00510,319,Wellington,2026-04-22
SKU-SPOR-04478,22,Wellington,2026-05-09
SKU-ELEC-00256,452,Brisbane,2026-03-05
SKU-SPOR-03648,210,Wellington,2026-06-09
SKU-HOME-03215,212,Auckland,2026-05-21
SKU-OFFI-10693,402,Auckland,2026-01-01
SKU-OFFI-10202,298,Adelaide,2026-01-15
SKU-GROC-08893,388,Wellington,2026-03-21
SKU-ELEC-00542,417,Melbourne,2026-05-18
SKU-AUTO-08174,314,Sydney,2026-06-11
SKU-AUTO-08306,309,Sydney,2026-04-26
SKU-TOYS-06595,400,Auckland,2026-02-06
SKU-AUTO-07722,94,Adelaide,2026-05-19
SKU-ELEC-01157,406,Melbourne,2026-01-20
SKU-BEAU-05906,217,Perth,2026-04-04
SKU-APPA-02013,63,Wellington,2026-04-17
SKU-TOYS-06647,419,Perth,2026-02-15
SKU-GROC-08863,285,Sydney,2026-04-09
SKU-APPA-01367,154,Christchurch,2026-05-03
SKU-GROC-09263,43,Sydney,2026-07-14
SKU-TOYS-07177,32,Perth,2026-06-20
SKU-AUTO-08228,467,Sydney,2026-05-15
SKU-BEAU-05528,269,Adelaide,2026-02-01
SKU-APPA-01816,331,Melbourne,2026-04-20
SKU-AUTO-07750,358,Auckland,2026-01-19
SKU-HEAL-11007,298,Wellington,2026-03-28
SKU-OFFI-10244,163,Sydney,2026-02-25
SKU-ELEC-00962,22,Brisbane,2026-04-13
SKU-ELEC-00936,409,Auckland,2026-03-15
SKU-BEAU-05073,171,Wellington,2026-01-26
SKU-OFFI-10092,431,Wellington,2026-04-26
SKU-GROC-09570,309,Christchurch,2026-04-28
SKU-OFFI-09956,272,Wellington,2026-06-13
SKU-SPOR-04621,263,Perth,2026-01-07
SKU-BEAU-05991,63,Sydney,2026-06-15
SKU-HOME-03192,313,Brisbane,2026-01-07
SKU-BEAU-05551,370,Christchurch,2026-03-28
SKU-APPA-02255,343,Melbourne,2026-01-08
SKU-AUTO-08020,1,Adelaide,2026-07-16
SKU-APPA-02147,198,Melbourne,2026-07-12
SKU-AUTO-07962,402,Brisbane,2026-01-19
SKU-OFFI-10302,122,Auckland,2026-03-19
SKU-AUTO-07920,110,Wellington,2026-02-03
SKU-BEAU-05500,237,Adelaide,2026-07-07
SKU-HEAL-11271,151,Adelaide,2026-02-21
SKU-TOYS-07007,301,Adelaide,2026-07-27
SKU-BEAU-04824,413,Auckland,2026-01-15
SKU-AUTO-07976,114,Melbourne,2026-02-17
SKU-HOME-02983,252,Wellington,2026-01-02
SKU-GROC-09204,186,Wellington,2026-04-24
SKU-APPA-01794,171,Adelaide,2026-06-15
SKU-HOME-02943,9,Auckland,2026-02-20
SKU-BEAU-05377,446,Wellington,2026-02-11
SKU-GROC-09457,186,Melbourne,2026-06-02
SKU-APPA-01923,246,Christchurch,2026-05-04
SKU-APPA-01209,482,Adelaide,2026-06-10
SKU-HEAL-11188,208,Brisbane,2026-03-26
SKU-OFFI-10354,73,Brisbane,2026-02-08
SKU-SPOR-04007,207,Perth,2026-07-23
SKU-TOYS-07197,83,Sydney,2026-06-06
SKU-ELEC-00574,118,Perth,2026-05-25
SKU-HOME-03011,411,Wellington,2026-06-01
SKU-OFFI-10373,,Adelaide,2026-07-02
SKU-SPOR-04052,407,Brisbane,2026-07-15
SKU-HOME-03478,497,Sydney,2026-07-08
SKU-APPA-02375,29,Sydney,2026-01-10
SKU-HEAL-11366,419,Christchurch,2026-02-03
SKU-ELEC-00944,135,Adelaide,2026-06-12
SKU-OFFI-09656,409,Brisbane,2026-04-07
SKU-HEAL-11657,206,Perth,2026-06-14
SKU-APPA-01623,327,Wellington,2026-02-05
SKU-BEAU-05924,467,Auckland,2026-01-20
SKU-AUTO-07338,59,Sydney,2026-05-23
SKU-HOME-03309,149,Sydney,2026-06-22
SKU-SPOR-04679,6,Perth,2026-06-28
SKU-APPA-02143,307,Adelaide,2026-06-23
SKU-SPOR-04617,442,Sydney,2026-02-22
SKU-HOME-02883,90,Auckland,2026-06-18
SKU-HOME-02981,218,Adelaide,2026-04-28
SKU-SPOR-03925,,Wellington,2026-01-17
SKU-GROC-09032,277,Auckland,2026-02-14
SKU-APPA-02027,484,Wellington,2026-01-16
SKU-SPOR-04135,,Christchurch,2026-07-16
SKU-AUTO-07534,368,Perth,2026-01-12
SKU-APPA-02238,88,Adelaide,2026-04-18
SKU-AUTO-07625,220,Christchurch,2026-01-17
SKU-SPOR-03638,290,Melbourne,2026-04-21
SKU-HEAL-11059,115,Christchurch,2026-06-28
SKU-TOYS-06913,132,Perth,2026-06-01
SKU-APPA-01596,43,Wellington,2026-05-15
SKU-ELEC-00777,384,Adelaide,2026-03-11
SKU-HEAL-11785,80,Sydney,2026-03-04
SKU-AUTO-08275,121,Auckland,2026-06-05
SKU-HOME-03515,376,Brisbane,2026-06-14
SKU-BEAU-04936,20,Brisbane,2026-06-03
SKU-HOME-02560,237,Auckland,2026-03-20
SKU-APPA-01501,,Auckland,2026-06-09
SKU-AUTO-07894,52,Adelaide,2026-05-11
SKU-BEAU-04986,435,Brisbane,2026-01-06
SKU-SPOR-04511,303,Perth,2026-04-23
SKU-TOYS-06342,245,Christchurch,2026-01-01
SKU-TOYS-06877,409,Adelaide,2026-02-20
SKU-HOME-02973,390,Adelaide,2026-07-28
SKU-SPOR-04105,89,Wellington,2026-06-25
SKU-SPOR-04126,53,Brisbane,2026-03-12
SKU-SPOR-03727,215,Melbourne,2026-02-06
SKU-ELEC-00356,491,Sydney,2026-02-18
SKU-HEAL-11500,115,Brisbane,2026-05-03
SKU-HOME-02812,267,Christchurch,2026-04-05
SKU-TOYS-07065,,Brisbane,2026-05-11
SKU-APPA-01826,185,Auckland,2026-06-25
SKU-OFFI-09719,352,Brisbane,2026-05-25
SKU-HOME-02613,382,Brisbane,2026-06-19
SKU-TOYS-06919,,Wellington,2026-05-28
SKU-HOME-03175,42,Brisbane,2026-05-12
SKU-GROC-09563,455,Wellington,2026-01-27
SKU-HEAL-11501,271,Auckland,2026-04-08
SKU-TOYS-07083,10,Perth,2026-05-19
SKU-HEAL-10885,455,Christchurch,2026-07-07
SKU-TOYS-06155,150,Auckland,2026-07-27
SKU-OFFI-09761,427,Wellington,2026-03-07
SKU-OFFI-09895,91,Adelaide,2026-04-07
SKU-ELEC-00534,495,Christchurch,2026-02-15
SKU-ELEC-00987,498,Perth,2026-02-15
SKU-TOYS-06880,270,Perth,2026-05-03
SKU-GROC-09211,444,Christchurch,2026-01-24
SKU-APPA-02400,212,Adelaide,2026-04-08
SKU-GROC-08798,122,Christchurch,2026-07-13
SKU-HOME-02962,198,Auckland,2026-07-05
SKU-BEAU-05089,385,Melbourne,2026-01-01
SKU-GROC-08833,200,Brisbane,2026-02-09
SKU-AUTO-08337,478,Auckland,2026-03-09
SKU-HEAL-11811,467,Perth,2026-04-07
SKU-SPOR-04587,451,Perth,2026-04-25
SKU-APPA-01455,50,Sydney,2026-05-19
SKU-ELEC-01007,354,Melbourne,2026-01-03
SKU-ELEC-00711,131,Wellington,2026-02-18
SKU-ELEC-00962,22,Brisbane,2026-04-13
SKU-AUTO-07347,348,Christchurch,2026-03-15
SKU-HOME-02724,365,Sydney,2026-01-17
SKU-GROC-09461,246,Auckland,2026-04-24
SKU-AUTO-08209,23,Perth,2026-04-02
SKU-GROC-08583,206,Adelaide,2026-03-18
SKU-HOME-02519,143,Brisbane,2026-06-27
SKU-HOME-02497,,Perth,2026-02-14
SKU-HOME-02748,236,Sydney,2026-06-02
SKU-APPA-01748,,Melbourne,2026-07-08
SKU-OFFI-09739,,Melbourne,2026-06-26
SKU-TOYS-06102,188,Wellington,2026-07-25
SKU-AUTO-08299,114,Sydney,2026-01-13
SKU-BEAU-05112,253,Sydney,2026-07-06
SKU-GROC-09002,182,Wellington,2026-03-20
SKU-TOYS-06995,132,Wellington,2026-06-23
SKU-HEAL-11865,192,Wellington,2026-01-24
SKU-AUTO-08204,138,Sydney,2026-01-20
SKU-APPA-01809,267,Auckland,2026-07-12
SKU-HOME-03412,261,Perth,2026-04-02
SKU-ELEC-00164,140,Sydney,2026-05-24
SKU-OFFI-09948,478,Auckland,2026-06-24
SKU-ELEC-00702,78,Adelaide,2026-06-23
SKU-HEAL-10930,446,Auckland,2026-06-13
SKU-OFFI-10228,96,Christchurch,2026-01-14
SKU-AUTO-08248,327,Perth,2026-06-06
SKU-OFFI-10264,97,Wellington,2026-04-24
SKU-GROC-08544,251,Wellington,2026-02-14
SKU-BEAU-05130,463,Adelaide,2026-01-15
SKU-SPOR-04200,327,Wellington,2026-03-22
SKU-TOYS-06227,244,Christchurch,2026-05-02
SKU-GROC-08768,393,Adelaide,2026-04-22
SKU-TOYS-06301,390,Brisbane,2026-05-12
SKU-OFFI-10273,314,Perth,2026-06-21
SKU-SPOR-03721,427,Perth,2026-02-09
SKU-HOME-02664,469,Sydney,2026-05-09
SKU-SPOR-03743,490,Wellington,2026-05-21
SKU-HOME-02696,460,Christchurch,2026-04-27
SKU-BEAU-04995,151,Perth,2026-07-25
SKU-GROC-08697,355,Christchurch,2026-01-20
SKU-TOYS-06452,492,Auckland,2026-02-28
SKU-APPA-01713,317,Christchurch,2026-06-23
SKU-TOYS-06144,91,Brisbane,2026-06-01
SKU-APPA-02146,78,Brisbane,2026-01-12
SKU-OFFI-10189,204,Perth,2026-07-28
SKU-HEAL-10911,303,Auckland,2026-06-04
SKU-TOYS-06699,15,Melbourne,2026-04-22
SKU-TOYS-06394,401,Christchurch,2026-04-23
SKU-APPA-01415,130,Christchurch,2026-04-24
SKU-AUTO-07780,393,Perth,2026-03-06
SKU-HOME-02462,254,Christchurch,2026-05-18
SKU-GROC-08831,24,Brisbane,2026-02-22
SKU-HEAL-11111,,Adelaide,2026-07-12
SKU-HEAL-11424,86,Sydney,2026-01-24
SKU-OFFI-10332,41,Melbourne,2026-02-13
SKU-SPOR-03919,58,Auckland,2026-07-20
SKU-SPOR-04384,88,Sydney,2026-01-12
SKU-HEAL-11460,240,Christchurch,2026-02-10
SKU-HOME-03024,186,Brisbane,2026-06-10
SKU-TOYS-07066,180,Christchurch,2026-03-22
SKU-HEAL-10903,20,Sydney,2026-05-12
SKU-SPOR-03639,305,Auckland,2026-03-07
SKU-OFFI-09777,34,Christchurch,2026-03-04
SKU-GROC-09368,305,Wellington,2026-04-20
SKU-HEAL-11845,308,Perth,2026-03-07
SKU-SPOR-04234,114,Adelaide,2026-07-05
SKU-HOME-03400,498,Perth,2026-06-24
SKU-GROC-08492,499,Adelaide,2026-04-06
SKU-ELEC-00056,400,Perth,2026-06-24
SKU-AUTO-08221,480,Melbourne,2026-03-18
SKU-OFFI-10294,283,Auckland,2026-06-01
SKU-BEAU-05852,214,Melbourne,2026-04-27
SKU-AUTO-08057,437,Perth,2026-04-23
SKU-APPA-01910,28,Adelaide,2026-06-23
SKU-HEAL-10998,,Wellington,2026-07-08
SKU-ELEC-01069,398,Adelaide,2026-04-06
SKU-HOME-03318,406,Perth,2026-03-12
SKU-BEAU-05957,35,Wellington,2026-06-01
SKU-APPA-01769,498,Sydney,2026-06-27
SKU-AUTO-07422,248,Wellington,2026-05-27
SKU-OFFI-10338,301,Melbourne,2026-04-17
SKU-TOYS-06685,,Melbourne,2026-06-10
SKU-SPOR-04177,165,Christchurch,2026-04-07
SKU-GROC-08547,303,Christchurch,2026-05-11
SKU-GROC-08653,248,Christchurch,2026-07-19
SKU-HEAL-10888,480,Sydney,2026-04-26
SKU-SPOR-04085,176,Adelaide,2026-04-10
SKU-HOME-02471,,Wellington,2026-03-02
SKU-BEAU-04868,96,Melbourne,2026-02-09
SKU-GROC-09011,348,Adelaide,2026-06-02
SKU-ELEC-00437,124,Wellington,2026-01-18
SKU-HEAL-11481,203,Brisbane,2026-02-08
SKU-BEAU-05289,197,Melbourne,2026-07-25
SKU-TOYS-06704,320,Wellington,2026-07-26
SKU-APPA-01484,40,Brisbane,2026-02-27
SKU-AUTO-07593,315,Sydney,2026-01-22
SKU-HEAL-11183,342,Auckland,2026-03-08
SKU-TOYS-06643,246,Adelaide,2026-04-09
SKU-AUTO-08039,285,Sydney,2026-07-02
SKU-BEAU-05522,83,Wellington,2026-05-14
SKU-HEAL-11870,90,Wellington,2026-01-01
SKU-ELEC-00675,422,Christchurch,2026-03-27
SKU-BEAU-05944,112,Melbourne,2026-01-08
SKU-SPOR-03922,433,Perth,2026-07-05
SKU-GROC-08601,160,Melbourne,2026-05-05
SKU-HEAL-11337,325,Christchurch,2026-07-19
SKU-ELEC-00583,,Adelaide,2026-07-19
SKU-ELEC-00400,222,Adelaide,2026-01-01
SKU-TOYS-06669,313,Brisbane,2026-02-06
SKU-TOYS-07051,497,Adelaide,2026-02-18
SKU-AUTO-07404,326,Wellington,2026-04-14
SKU-BEAU-05689,96,Adelaide,2026-05-22
SKU-BEAU-05756,462,Brisbane,2026-03-25
SKU-TOYS-06879,374,Auckland,2026-07-28
SKU-OFFI-10496,56,Adelaide,2026-01-24
SKU-AUTO-07768,309,Brisbane,2026-02-13
SKU-GROC-09349,391,Wellington,2026-07-11
SKU-ELEC-00425,196,Wellington,2026-02-28
SKU-BEAU-05091,113,Brisbane,2026-05-10
SKU-AUTO-08363,437,Wellington,2026-07-14
SKU-TOYS-06990,,Perth,2026-07-21
SKU-GROC-09056,260,Brisbane,2026-02-03
SKU-GROC-09203,16,Brisbane,2026-01-22
SKU-TOYS-06087,190,Sydney,2026-06-05
SKU-TOYS-06122,474,Wellington,2026-02-16
SKU-HEAL-11268,190,Auckland,2026-02-25
SKU-AUTO-07589,160,Perth,2026-02-16
SKU-APPA-01908,112,Sydney,2026-06-25
SKU-OFFI-10348,321,Adelaide,2026-02-22
SKU-AUTO-07859,312,Christchurch,2026-05-20
SKU-APPA-01880,441,Melbourne,2026-05-14
SKU-BEAU-05673,373,Brisbane,2026-04-28
SKU-HEAL-10851,394,Sydney,2026-01-06
SKU-TOYS-07092,101,Brisbane,2026-05-12
SKU-ELEC-01005,414,Christchurch,2026-05-28
SKU-HEAL-11234,159,Auckland,2026-03-25
SKU-GROC-08921,72,Melbourne,2026-04-19
SKU-APPA-01563,476,Melbourne,2026-02-12
SKU-GROC-08600,61,Sydney,2026-04-25
SKU-AUTO-07353,193,Wellington,2026-05-23
SKU-GROC-08417,101,Brisbane,2026-05-21
SKU-AUTO-08318,384,Brisbane,2026-07-03
SKU-BEAU-05154,45,Auckland,2026-07-03
SKU-OFFI-09700,158,Sydney,2026-01-13
SKU-TOYS-06438,266,Brisbane,2026-07-21
SKU-GROC-08929,158,Perth,2026-04-18
SKU-AUTO-07238,304,Melbourne,2026-06-21
SKU-AUTO-07781,245,Sydney,2026-04-01
SKU-APPA-01376,,Adelaide,2026-04-23
SKU-BEAU-05505,10,Christchurch,2026-04-25
SKU-TOYS-06330,500,Brisbane,2026-02-23
SKU-BEAU-05407,,Christchurch,2026-07-24
SKU-BEAU-05530,394,Adelaide,2026-03-17
SKU-TOYS-06070,457,Perth,2026-06-24
SKU-ELEC-00103,484,Sydney,2026-01-18
SKU-BEAU-04925,362,Wellington,2026-04-08
SKU-ELEC-00274,297,Perth,2026-01-21
SKU-BEAU-05847,26,Brisbane,2026-05-28
SKU-ELEC-00923,456,Christchurch,2026-05-12
SKU-GROC-09378,411,Auckland,2026-07-12
SKU-ELEC-00620,130,Sydney,2026-05-09
SKU-BEAU-05039,441,Auckland,2026-02-22
SKU-OFFI-10736,330,Wellington,2026-04-26
SKU-HEAL-11877,324,Adelaide,2026-03-16
SKU-ELEC-00019,358,Adelaide,2026-01-06
SKU-SPOR-03868,268,Auckland,2026-01-13
SKU-OFFI-10699,,Wellington,2026-07-06
SKU-HEAL-10950,116,Perth,2026-03-23
SKU-TOYS-07107,219,Melbourne,2026-07-14
SKU-AUTO-08240,209,Sydney,2026-03-22
SKU-SPOR-04642,301,Perth,2026-06-07
SKU-HOME-03193,169,Christchurch,2026-03-22
SKU-OFFI-10110,264,Sydney,2026-07-05
SKU-AUTO-07726,492,Perth,2026-04-16
SKU-APPA-01629,164,Sydney,2026-06-24
SKU-SPOR-03673,294,Melbourne,2026-07-17
SKU-HOME-03340,455,Sydney,2026-03-09
SKU-BEAU-04904,394,Perth,2026-02-05
SKU-APPA-02201,118,Wellington,2026-07-20
SKU-OFFI-10710,271,Perth,2026-06-24
SKU-AUTO-08069,151,Melbourne,2026-04-24
SKU-BEAU-05620,301,Christchurch,2026-01-25
SKU-BEAU-05624,484,Sydney,2026-01-19
SKU-GROC-09133,441,Adelaide,2026-07-25
SKU-HEAL-11898,265,Wellington,2026-05-10
SKU-HEAL-11833,244,Christchurch,2026-06-12
SKU-APPA-01948,220,Sydney,2026-05-17
SKU-SPOR-04112,26,Auckland,2026-02-24
SKU-AUTO-08143,,Sydney,2026-03-20
SKU-ELEC-00269,201,Auckland,2026-03-02
SKU-ELEC-00902,389,Perth,2026-01-09
SKU-HEAL-11313,283,Wellington,2026-05-16
SKU-SPOR-04796,346,Brisbane,2026-01-15
SKU-AUTO-07375,283,Perth,2026-03-24
SKU-OFFI-09822,162,Adelaide,2026-02-17
SKU-OFFI-10383,138,Sydney,2026-05-02
SKU-HEAL-11434,200,Perth,2026-04-07
SKU-APPA-01688,498,Perth,2026-03-20
SKU-GROC-09025,425,Wellington,2026-01-06
SKU-HOME-03040,280,Adelaide,2026-03-28
SKU-GROC-09236,225,Brisbane,2026-03-25
SKU-SPOR-04132,25,Melbourne,2026-05-07
SKU-BEAU-05760,288,Wellington,2026-06-22
SKU-AUTO-07461,125,Perth,2026-02-07
SKU-BEAU-05747,88,Auckland,2026-04-20
SKU-HOME-03055,4,Brisbane,2026-02-25
SKU-HEAL-11448,156,Sydney,2026-04-19
SKU-HOME-03481,472,Wellington,2026-03-04
SKU-GROC-08882,490,Adelaide,2026-06-20
SKU-AUTO-08036,454,Brisbane,2026-01-03
SKU-BEAU-05548,195,Brisbane,2026-04-02
SKU-SPOR-04556,206,Christchurch,2026-07-03
SKU-OFFI-10185,403,Perth,2026-02-25
SKU-TOYS-06068,191,Brisbane,2026-04-18
SKU-HOME-03286,19,Wellington,2026-01-27
SKU-ELEC-00017,373,Adelaide,2026-02-01
SKU-SPOR-04165,19,Brisbane,2026-03-09
SKU-ELEC-00752,159,Wellington,2026-06-06
SKU-HOME-03063,137,Melbourne,2026-06-25
SKU-HEAL-11339,23,Brisbane,2026-03-03
SKU-HOME-03508,4,Christchurch,2026-01-23
SKU-SPOR-04202,53,Wellington,2026-03-01
SKU-SPOR-04584,137,Melbourne,2026-03-11
SKU-OFFI-09646,186,Wellington,2026-02-21
SKU-HOME-03399,381,Melbourne,2026-07-27
SKU-HOME-03420,285,Melbourne,2026-04-13
SKU-TOYS-07003,275,Brisbane,2026-06-20
SKU-APPA-02116,244,Brisbane,2026-06-06
SKU-APPA-02298,23,Adelaide,2026-05-03
SKU-HOME-03061,128,Adelaide,2026-06-22
SKU-SPOR-03935,103,Sydney,2026-06-04
SKU-HEAL-11104,141,Melbourne,2026-07-17
SKU-OFFI-10234,266,Melbourne,2026-07-20
SKU-APPA-02334,56,Perth,2026-04-04
SKU-APPA-01293,182,Wellington,2026-02-07
SKU-TOYS-06994,197,Brisbane,2026-04-20
SKU-GROC-08755,455,Sydney,2026-02-18
SKU-TOYS-06328,49,Wellington,2026-03-23
SKU-OFFI-10739,171,Perth,2026-01-22
SKU-TOYS-06981,408,Perth,2026-06-22
SKU-HEAL-11902,236,Brisbane,2026-07-02
SKU-SPOR-03945,,Sydney,2026-04-23
SKU-TOYS-06907,404,Perth,2026-01-15
SKU-TOYS-06214,374,Perth,2026-03-07
SKU-GROC-08997,377,Perth,2026-01-06
SKU-HEAL-11664,438,Sydney,2026-06-17
SKU-OFFI-09894,117,Adelaide,2026-03-27
SKU-SPOR-04483,203,Melbourne,2026-04-24
SKU-HOME-03432,289,Sydney,2026-05-06
SKU-HOME-03191,294,Wellington,2026-06-15
SKU-TOYS-06498,,Perth,2026-02-04
SKU-BEAU-05439,78,Wellington,2026-05-01
SKU-ELEC-00028,237,Adelaide,2026-07-03
SKU-HOME-02491,86,Sydney,2026-03-16
SKU-OFFI-10461,334,Brisbane,2026-06-12
SKU-HEAL-11968,217,Sydney,2026-04-09
SKU-GROC-08447,296,Melbourne,2026-01-04
SKU-SPOR-04677,345,Melbourne,2026-02-17
SKU-SPOR-04602,361,Perth,2026-05-12
SKU-ELEC-00836,209,Christchurch,2026-05-12
SKU-BEAU-05465,162,Melbourne,2026-05-17
SKU-TOYS-06796,309,Sydney,2026-02-24
SKU-ELEC-00150,391,Auckland,2026-04-22
SKU-OFFI-09945,147,Sydney,2026-06-04
SKU-HEAL-11874,245,Brisbane,2026-01-28
SKU-OFFI-10341,249,Auckland,2026-04-08
SKU-BEAU-05491,423,Christchurch,2026-01-20
SKU-BEAU-05434,324,Brisbane,2026-06-22
SKU-BEAU-05430,,Wellington,2026-05-28
SKU-AUTO-07442,98,Adelaide,2026-01-14
SKU-HEAL-11931,452,Perth,2026-02-17
SKU-BEAU-05643,329,Brisbane,2026-01-12
SKU-OFFI-09746,135,Adelaide,2026-03-14
SKU-ELEC-01041,472,Melbourne,2026-04-18
SKU-TOYS-07185,411,Melbourne,2026-07-01
SKU-APPA-02129,73,Auckland,2026-01-06
SKU-HEAL-11992,182,Melbourne,2026-06-10
SKU-HOME-03462,427,Wellington,2026-07-06
SKU-APPA-01295,97,Wellington,2026-06-22
SKU-HOME-02877,2,Auckland,2026-01-03
SKU-APPA-01847,222,Sydney,2026-07-22
SKU-BEAU-05023,69,Perth,2026-05-17
SKU-TOYS-06732,290,Perth,2026-05-18
SKU-TOYS-07131,446,Melbourne,2026-05-06
SKU-HEAL-11205,446,Brisbane,2026-05-26
SKU-OFFI-10322,97,Melbourne,2026-06-19
SKU-GROC-09358,491,Adelaide,2026-03-04
SKU-HOME-03415,,Christchurch,2026-01-25
SKU-TOYS-06058,353,Adelaide,2026-01-14
SKU-OFFI-10024,341,Wellington,2026-05-22
SKU-ELEC-00929,260,Perth,2026-05-03
SKU-APPA-01438,64,Adelaide,2026-03-08
SKU-GROC-09312,157,Christchurch,2026-06-11
SKU-TOYS-06812,133,Christchurch,2026-07-15
SKU-AUTO-07693,291,Adelaide,2026-05-04
SKU-OFFI-10587,118,Auckland,2026-02-05
SKU-HEAL-11212,236,Brisbane,2026-07-02
SKU-HEAL-11559,489,Wellington,2026-07-21
SKU-SPOR-04301,483,Melbourne,2026-07-01
SKU-HEAL-11376,2,Sydney,2026-02-05
SKU-AUTO-08183,277,Auckland,2026-06-14
SKU-TOYS-06926,28,Adelaide,2026-02-09
SKU-SPOR-03651,82,Perth,2026-05-25
SKU-BEAU-05668,155,Wellington,2026-03-10
SKU-HEAL-11411,448,Auckland,2026-01-14
SKU-HOME-03291,316,Christchurch,2026-01-09
SKU-ELEC-00767,139,Auckland,2026-07-14
SKU-GROC-09474,303,Perth,2026-05-14
SKU-GROC-08977,353,Perth,2026-05-02
SKU-AUTO-08162,305,Perth,2026-02-28
SKU-BEAU-05989,464,Wellington,2026-05-15
SKU-BEAU-05974,47,Melbourne,2026-02-20
SKU-TOYS-06507,451,Melbourne,2026-06-17
SKU-APPA-02210,397,Christchurch,2026-05-27
SKU-APPA-01394,414,Sydney,2026-03-18
SKU-HOME-02438,201,Christchurch,2026-06-15
SKU-OFFI-10156,269,Brisbane,2026-02-11
SKU-APPA-02038,471,Sydney,2026-03-17
SKU-BEAU-05267,389,Perth,2026-07-22
SKU-SPOR-04322,18,Sydney,2026-04-02
SKU-TOYS-07009,106,Brisbane,2026-02-13
SKU-HOME-02995,190,Christchurch,2026-05-16
SKU-GROC-09177,16,Perth,2026-06-25
SKU-HEAL-11292,137,Wellington,2026-02-25
SKU-AUTO-07747,,Sydney,2026-06-26
SKU-APPA-01762,272,Auckland,2026-03-25
SKU-GROC-09496,252,Brisbane,2026-06-13
SKU-BEAU-05734,406,Christchurch,2026-05-09
SKU-BEAU-04874,,Adelaide,2026-01-05
SKU-OFFI-09603,,Adelaide,2026-01-07
SKU-GROC-09444,321,Perth,2026-05-04
SKU-HOME-03316,319,Melbourne,2026-03-12
SKU-OFFI-10410,393,Perth,2026-06-06
SKU-GROC-08525,442,Brisbane,2026-03-28
SKU-TOYS-06347,194,Auckland,2026-04-22
SKU-GROC-08414,184,Brisbane,2026-03-13
SKU-TOYS-06976,461,Brisbane,2026-05-18
SKU-TOYS-06614,361,Melbourne,2026-04-04
SKU-OFFI-09758,486,Adelaide,2026-05-13
SKU-SPOR-03808,377,Adelaide,2026-02-20
SKU-APPA-01602,337,Christchurch,2026-06-14
SKU-OFFI-10520,131,Auckland,2026-06-01
SKU-OFFI-09966,279,Sydney,2026-01-22
SKU-BEAU-05604,308,Wellington,2026-03-18
SKU-GROC-09089,154,Melbourne,2026-04-20
SKU-BEAU-05450,390,Auckland,2026-05-22
SKU-OFFI-10360,288,Perth,2026-01-04
SKU-HEAL-11863,436,Christchurch,2026-05-22
SKU-HEAL-11645,353,Wellington,2026-04-20
SKU-GROC-09278,124,Perth,2026-03-20
SKU-APPA-01346,22,Brisbane,2026-06-02
SKU-APPA-01559,95,Perth,2026-05-17
SKU-HOME-02667,59,Sydney,2026-04-06
SKU-HOME-03570,120,Wellington,2026-07-28
SKU-AUTO-07661,264,Sydney,2026-04-10
SKU-GROC-08713,419,Wellington,2026-04-28
SKU-HEAL-10931,18,Christchurch,2026-02-06
SKU-ELEC-01075,,Perth,2026-05-01
SKU-GROC-08889,99,Sydney,2026-01-16
SKU-OFFI-09770,334,Auckland,2026-01-09
SKU-GROC-08715,11,Melbourne,2026-06-24
SKU-ELEC-00387,198,Brisbane,2026-02-23
SKU-APPA-01419,377,Sydney,2026-06-22
SKU-SPOR-04180,348,Brisbane,2026-01-11
SKU-BEAU-05721,166,Christchurch,2026-04-15
SKU-APPA-01466,239,Sydney,2026-04-28
SKU-HOME-03004,80,Wellington,2026-06-14
SKU-HEAL-11188,208,Brisbane,2026-03-26
SKU-TOYS-06753,145,Adelaide,2026-05-14
SKU-HOME-03476,219,Melbourne,2026-07-23
SKU-OFFI-10619,102,Christchurch,2026-07-15
SKU-HOME-02807,343,Perth,2026-03-07
SKU-OFFI-09632,,Christchurch,2026-03-15
SKU-BEAU-05232,163,Christchurch,2026-04-28
SKU-SPOR-04667,259,Christchurch,2026-01-10
SKU-ELEC-00160,246,Brisbane,2026-05-18
SKU-BEAU-05911,466,Christchurch,2026-03-13
SKU-OFFI-10603,195,Auckland,2026-05-26
SKU-SPOR-04156,498,Melbourne,2026-01-27
SKU-SPOR-04158,404,Wellington,2026-03-27
SKU-GROC-09399,,Melbourne,2026-05-10
SKU-ELEC-01030,,Brisbane,2026-02-09
SKU-OFFI-09973,106,Wellington,2026-01-19
SKU-OFFI-09999,459,Brisbane,2026-01-22
SKU-ELEC-00673,273,Perth,2026-05-12
SKU-APPA-01985,315,Sydney,2026-01-08
SKU-BEAU-05128,205,Wellington,2026-04-16
SKU-HEAL-11584,477,Melbourne,2026-06-09
SKU-APPA-02144,252,Adelaide,2026-05-11
SKU-BEAU-05838,25,Perth,2026-02-09
SKU-HOME-03083,202,Perth,2026-05-08
SKU-HOME-03080,249,Brisbane,2026-03-16
SKU-GROC-09140,164,Christchurch,2026-06-04
SKU-HOME-02590,91,Melbourne,2026-06-28
SKU-HEAL-11352,194,Perth,2026-02-12
SKU-SPOR-04307,96,Adelaide,2026-03-14
SKU-SPOR-03814,221,Melbourne,2026-05-13
SKU-OFFI-10678,293,Christchurch,2026-06-09
SKU-APPA-01540,199,Perth,2026-05-08
SKU-HEAL-11134,97,Sydney,2026-04-22
SKU-HOME-03156,396,Perth,2026-01-28
SKU-GROC-08598,56,Sydney,2026-01-06
SKU-APPA-02331,160,Christchurch,2026-07-15
SKU-ELEC-00145,496,Christchurch,2026-06-18
SKU-TOYS-07060,161,Christchurch,2026-01-13
SKU-ELEC-01119,393,Melbourne,2026-07-12
SKU-APPA-01945,323,Christchurch,2026-07-16
SKU-AUTO-07802,81,Wellington,2026-02-12
SKU-SPOR-03725,398,Melbourne,2026-03-25
SKU-GROC-08930,228,Sydney,2026-06-10
SKU-APPA-01320,37,Brisbane,2026-05-08
SKU-ELEC-00842,51,Auckland,2026-03-05
SKU-GROC-09174,180,Christchurch,2026-02-08
SKU-APPA-01282,126,Wellington,2026-05-26
SKU-AUTO-07643,93,Auckland,2026-01-25
SKU-GROC-09157,209,Brisbane,2026-04-12
SKU-APPA-01539,351,Auckland,2026-06-03
SKU-SPOR-03866,260,Sydney,2026-07-10
SKU-TOYS-06870,423,Brisbane,2026-02-06
SKU-TOYS-06114,449,Christchurch,2026-01-02
SKU-HOME-03231,459,Auckland,2026-06-13
SKU-OFFI-09704,324,Perth,2026-07-07
SKU-TOYS-06594,338,Auckland,2026-07-04
SKU-HOME-03411,498,Melbourne,2026-07-09
SKU-GROC-09348,232,Melbourne,2026-01-12
SKU-SPOR-04585,305,Christchurch,2026-05-06
SKU-TOYS-06197,390,Perth,2026-01-05
SKU-OFFI-09817,54,Sydney,2026-04-26
SKU-OFFI-10701,231,Adelaide,2026-07-17
SKU-AUTO-07916,0,Auckland,2026-04-05
SKU-AUTO-07549,,Wellington,2026-03-08
SKU-APPA-01604,339,Adelaide,2026-06-02
SKU-OFFI-10455,,Auckland,2026-07-01
SKU-HEAL-11832,208,Sydney,2026-01-27
SKU-GROC-08934,111,Auckland,2026-06-09
SKU-AUTO-08355,388,Auckland,2026-04-02
SKU-HOME-02559,134,Christchurch,2026-03-04
SKU-APPA-02057,238,Sydney,2026-07-12
SKU-ELEC-00139,33,Wellington,2026-03-02
SKU-HEAL-11492,399,Wellington,2026-04-20
SKU-SPOR-04645,197,Auckland,2026-01-02
SKU-ELEC-00337,,Adelaide,2026-04-07
SKU-SPOR-04259,489,Sydney,2026-04-12
SKU-ELEC-00292,275,Brisbane,2026-06-01
SKU-BEAU-05999,386,Auckland,2026-03-13
SKU-BEAU-05437,48,Christchurch,2026-02-27
SKU-AUTO-08008,398,Melbourne,2026-07-10
SKU-OFFI-10667,32,Auckland,2026-04-08
SKU-ELEC-00438,298,Melbourne,2026-02-19
SKU-AUTO-07895,28,Brisbane,2026-01-21
SKU-TOYS-06151,125,Christchurch,2026-05-14
SKU-GROC-09391,495,Wellington,2026-04-24
SKU-HEAL-11138,98,Auckland,2026-04-24
SKU-OFFI-10188,371,Perth,2026-03-18
SKU-HEAL-11118,305,Melbourne,2026-01-21
SKU-BEAU-05542,190,Adelaide,2026-05-20
SKU-HOME-02644,485,Sydney,2026-07-09
SKU-AUTO-08241,135,Christchurch,2026-03-18
SKU-OFFI-09986,370,Adelaide,2026-06-08
SKU-AUTO-07373,91,Perth,2026-07-04
SKU-HEAL-11908,346,Melbourne,2026-05-15
SKU-ELEC-00484,21,Wellington,2026-02-20
SKU-AUTO-07251,63,Brisbane,2026-03-05
SKU-AUTO-07840,312,Adelaide,2026-02-01
SKU-ELEC-00935,316,Adelaide,2026-04-22
SKU-OFFI-10709,,Christchurch,2026-07-09
SKU-TOYS-07025,408,Perth,2026-01-07
SKU-AUTO-08042,38,Auckland,2026-01-19
SKU-GROC-09299,15,Christchurch,2026-01-26
SKU-OFFI-10153,128,Christchurch,2026-07-05
SKU-APPA-02228,271,Melbourne,2026-04-22
SKU-GROC-08816,114,Melbourne,2026-02-07
SKU-HEAL-10989,16,Perth,2026-05-21
SKU-AUTO-08032,120,Adelaide,2026-01-05
SKU-GROC-08459,19,Christchurch,2026-02-20
SKU-GROC-08490,57,Adelaide,2026-02-28
SKU-SPOR-04551,199,Brisbane,2026-02-09
SKU-OFFI-10698,229,Melbourne,2026-05-11
SKU-HOME-03393,249,Perth,2026-01-27
SKU-SPOR-04340,201,Sydney,2026-03-05
SKU-APPA-01543,39,Wellington,2026-06-09
SKU-TOYS-06080,328,Auckland,2026-07-25
SKU-TOYS-06264,257,Perth,2026-04-11
SKU-APPA-02193,182,Melbourne,2026-02-28
SKU-HEAL-10802,390,Wellington,2026-01-27
SKU-APPA-01467,406,Perth,2026-04-13
SKU-AUTO-08242,368,Wellington,2026-02-10
SKU-GROC-09448,,Perth,2026-01-04
SKU-APPA-01306,50,Sydney,2026-03-11
SKU-BEAU-05936,169,Melbourne,2026-01-11
SKU-BEAU-05892,267,Auckland,2026-05-09
SKU-ELEC-00309,337,Wellington,2026-03-02
SKU-OFFI-09771,36,Brisbane,2026-01-23
SKU-GROC-09540,365,Sydney,2026-01-01
SKU-HEAL-11128,280,Melbourne,2026-05-04
SKU-SPOR-03658,476,Wellington,2026-07-25
SKU-ELEC-00720,407,Melbourne,2026-02-10
SKU-HOME-03177,266,Adelaide,2026-02-26
SKU-BEAU-05866,99,Melbourne,2026-06-23
SKU-HEAL-11324,317,Perth,2026-06-08
SKU-BEAU-05134,203,Sydney,2026-07-26
SKU-HOME-02810,101,Perth,2026-07-19
SKU-ELEC-00806,489,Brisbane,2026-03-16
SKU-HOME-03062,98,Brisbane,2026-04-23
SKU-HEAL-11447,274,Perth,2026-07-17
SKU-SPOR-03793,178,Melbourne,2026-01-26
SKU-ELEC-00778,206,Brisbane,2026-07-19
SKU-OFFI-10552,238,Auckland,2026-02-15
SKU-SPOR-04612,432,Auckland,2026-05-18
SKU-ELEC-01115,185,Melbourne,2026-06-16
SKU-HEAL-11384,79,Adelaide,2026-07-10
SKU-AUTO-07712,73,Wellington,2026-06-25
SKU-HEAL-11187,304,Sydney,2026-04-01
SKU-ELEC-00260,479,Perth,2026-05-23
SKU-HOME-03204,327,Sydney,2026-06-19
SKU-OFFI-10675,77,Perth,2026-01-12
SKU-TOYS-06892,478,Brisbane,2026-01-15
SKU-GROC-08608,229,Brisbane,2026-07-22
SKU-HEAL-11298,154,Melbourne,2026-03-26
SKU-BEAU-05606,474,Wellington,2026-04-07
SKU-HEAL-11988,70,Sydney,2026-07-24
SKU-HOME-03443,299,Wellington,2026-04-04
SKU-AUTO-07248,240,Sydney,2026-06-01
SKU-TOYS-06374,18,Adelaide,2026-07-18
SKU-APPA-01838,144,Auckland,2026-07-06
SKU-APPA-01530,41,Christchurch,2026-07-05
SKU-GROC-09458,289,Melbourne,2026-04-14
SKU-ELEC-00190,2,Sydney,2026-03-24
SKU-HEAL-11540,288,Wellington,2026-01-01
SKU-OFFI-09702,363,Perth,2026-06-12
SKU-APPA-02047,485,Christchurch,2026-07-16
SKU-HOME-02616,305,Brisbane,2026-01-23
SKU-APPA-02066,135,Perth,2026-06-26
SKU-OFFI-09970,362,Brisbane,2026-07-01
SKU-ELEC-00396,247,Wellington,2026-06-13
SKU-BEAU-05909,210,Brisbane,2026-07-17
SKU-HEAL-11764,108,Auckland,2026-02-25
SKU-GROC-09576,36,Sydney,2026-02-25
SKU-SPOR-03871,139,Auckland,2026-05-19
SKU-SPOR-04762,85,Auckland,2026-02-13
SKU-HEAL-11617,39,Melbourne,2026-03-28
SKU-HEAL-11459,229,Wellington,2026-06-01
SKU-HEAL-11816,413,Adelaide,2026-06-16
SKU-BEAU-05564,496,Christchurch,2026-04-04
SKU-APPA-01430,28,Melbourne,2026-02-01
SKU-APPA-01592,38,Melbourne,2026-01-05
SKU-SPOR-04425,397,Sydney,2026-07-21
SKU-APPA-02344,339,Christchurch,2026-05-18
SKU-BEAU-05309,3,Adelaide,2026-01-18
SKU-GROC-09445,77,Melbourne,2026-06-10
SKU-ELEC-00666,187,Melbourne,2026-02-03
SKU-TOYS-06376,141,Adelaide,2026-03-18
SKU-BEAU-05645,137,Melbourne,2026-05-21
SKU-HOME-02527,79,Brisbane,2026-06-28
SKU-GROC-09154,205,Adelaide,2026-02-22
SKU-GROC-08802,52,Christchurch,2026-05-06
SKU-SPOR-04431,143,Auckland,2026-06-28
SKU-AUTO-08121,433,Wellington,2026-07-25
SKU-AUTO-07421,395,Christchurch,2026-05-17
SKU-ELEC-00897,,Perth,2026-02-12
SKU-GROC-09033,426,Brisbane,2026-04-18
SKU-BEAU-05801,252,Adelaide,2026-04-12
SKU-OFFI-10532,64,Melbourne,2026-03-25
SKU-HOME-02725,213,Melbourne,2026-05-18
SKU-GROC-08532,487,Perth,2026-02-14
SKU-GROC-08684,154,Melbourne,2026-04-20
SKU-SPOR-04487,386,Christchurch,2026-04-21
SKU-HEAL-11887,437,Melbourne,2026-06-05
SKU-TOYS-06635,364,Adelaide,2026-05-01
SKU-APPA-02272,379,Perth,2026-07-08
SKU-APPA-01710,13,Sydney,2026-04-24
SKU-APPA-02366,206,Melbourne,2026-01-07
SKU-BEAU-05362,284,Auckland,2026-04-21
SKU-BEAU-05856,94,Brisbane,2026-04-24
SKU-HEAL-10811,483,Melbourne,2026-02-08
SKU-ELEC-01106,63,Perth,2026-06-24
SKU-TOYS-06090,124,Perth,2026-03-14
SKU-TOYS-06593,19,Melbourne,2026-06-06
SKU-TOYS-07187,,Brisbane,2026-04-22
SKU-OFFI-10366,321,Brisbane,2026-02-14
SKU-AUTO-07874,,Melbourne,2026-06-13
SKU-BEAU-05885,185,Wellington,2026-05-07
SKU-GROC-09564,40,Brisbane,2026-01-07
SKU-BEAU-05848,142,Perth,2026-03-05
SKU-GROC-08677,283,Melbourne,2026-03-04
SKU-BEAU-05198,493,Perth,2026-03-15
SKU-GROC-08691,199,Adelaide,2026-01-27
SKU-SPOR-04187,370,Brisbane,2026-04-20
SKU-BEAU-05042,,Auckland,2026-02-04
SKU-SPOR-04455,440,Wellington,2026-04-01
SKU-OFFI-10278,,Adelaide,2026-02-24
SKU-BEAU-04963,318,Melbourne,2026-03-17
SKU-ELEC-00751,344,Auckland,2026-01-05
SKU-OFFI-09961,477,Christchurch,2026-03-05
SKU-OFFI-10412,147,Auckland,2026-02-21
SKU-BEAU-05485,115,Sydney,2026-03-13
SKU-APPA-02040,153,Sydney,2026-04-03
SKU-BEAU-04908,445,Auckland,2026-02-08
SKU-SPOR-04548,115,Perth,2026-02-13
SKU-BEAU-05176,83,Melbourne,2026-07-20
SKU-APPA-01899,34,Brisbane,2026-07-20
SKU-SPOR-03826,274,Sydney,2026-01-27
SKU-ELEC-00524,214,Christchurch,2026-06-18
SKU-HOME-02556,293,Perth,2026-02-01
SKU-SPOR-03768,373,Adelaide,2026-04-28
SKU-GROC-09565,50,Brisbane,2026-06-15
SKU-APPA-01707,,Perth,2026-07-03
SKU-GROC-09031,414,Melbourne,2026-04-16
SKU-AUTO-07746,170,Wellington,2026-02-22
SKU-GROC-09176,386,Perth,2026-01-02
SKU-BEAU-05623,285,Christchurch,2026-07-12
SKU-GROC-08406,152,Auckland,2026-07-25
SKU-GROC-08896,316,Wellington,2026-05-13
SKU-APPA-01248,415,Brisbane,2026-04-26
SKU-OFFI-10436,490,Adelaide,2026-06-16
SKU-TOYS-06314,83,Brisbane,2026-02-12
SKU-HEAL-11343,236,Melbourne,2026-04-12
SKU-ELEC-00634,452,Wellington,2026-01-28
SKU-ELEC-00533,,Christchurch,2026-02-06
SKU-OFFI-10456,329,Perth,2026-06-21
SKU-SPOR-04614,315,Wellington,2026-06-24
SKU-ELEC-00195,238,Perth,2026-07-11
SKU-GROC-09559,78,Melbourne,2026-06-05
SKU-AUTO-07628,306,Auckland,2026-01-08
SKU-SPOR-03940,376,Sydney,2026-02-24
SKU-AUTO-07224,77,Adelaide,2026-06-02
SKU-HEAL-11929,451,Sydney,2026-06-17
SKU-TOYS-06109,269,Christchurch,2026-01-27
SKU-HOME-03081,477,Wellington,2026-06-10
SKU-APPA-01254,496,Sydney,2026-05-06
SKU-SPOR-04688,338,Sydney,2026-06-10
SKU-ELEC-00251,460,Adelaide,2026-02-04
SKU-GROC-08785,,Sydney,2026-01-09
SKU-HOME-03383,38,Perth,2026-07-01
SKU-HEAL-11469,29,Auckland,2026-04-03
SKU-BEAU-05216,138,Adelaide,2026-06-05
SKU-HOME-03106,257,Sydney,2026-02-16
SKU-TOYS-06626,415,Perth,2026-05-11
SKU-BEAU-05740,23,Sydney,2026-02-27
SKU-HEAL-11072,464,Brisbane,2026-04-15
SKU-BEAU-04916,126,Auckland,2026-06-10
SKU-GROC-09208,99,Perth,2026-07-22
SKU-HEAL-11189,420,Christchurch,2026-07-01
SKU-GROC-08970,213,Perth,2026-06-01
SKU-APPA-01541,191,Adelaide,2026-06-21
SKU-BEAU-05821,224,Adelaide,2026-04-28
SKU-ELEC-00462,236,Auckland,2026-06-10
SKU-APPA-02254,142,Christchurch,2026-05-28
SKU-TOYS-06627,120,Sydney,2026-07-06
SKU-ELEC-00196,474,Adelaide,2026-05-03
SKU-TOYS-06998,429,Perth,2026-05-04
SKU-ELEC-00303,8,Sydney,2026-04-24
SKU-GROC-08531,425,Sydney,2026-03-09
SKU-OFFI-10327,252,Brisbane,2026-04-19
SKU-HEAL-11713,154,Brisbane,2026-04-04
SKU-HEAL-11479,102,Melbourne,2026-06-22
SKU-HEAL-11665,183,Christchurch,2026-04-02
SKU-ELEC-00286,28,Perth,2026-01-18
SKU-OFFI-10640,189,Auckland,2026-04-17
SKU-HOME-03551,199,Perth,2026-05-20
SKU-TOYS-06777,236,Adelaide,2026-05-18
SKU-GROC-08963,258,Wellington,2026-07-06
SKU-ELEC-00538,14,Wellington,2026-03-14
SKU-TOYS-07180,75,Adelaide,2026-01-17
SKU-SPOR-04217,38,Sydney,2026-07-22
SKU-BEAU-05421,14,Perth,2026-01-19
SKU-AUTO-07525,367,Wellington,2026-07-18
SKU-TOYS-06273,245,Christchurch,2026-07-17
SKU-APPA-01551,79,Melbourne,2026-07-22
SKU-AUTO-08290,266,Adelaide,2026-04-14
SKU-HOME-02838,114,Auckland,2026-02-28
SKU-SPOR-03655,327,Christchurch,2026-01-23
SKU-GROC-08524,361,Adelaide,2026-05-11
SKU-GROC-08487,103,Christchurch,2026-03-21
SKU-TOYS-07135,405,Wellington,2026-06-06
SKU-ELEC-01083,53,Brisbane,2026-01-05
SKU-ELEC-00220,233,Christchurch,2026-04-16
SKU-APPA-01242,43,Sydney,2026-05-19
SKU-SPOR-04547,389,Christchurch,2026-07-25
SKU-TOYS-06133,46,Wellington,2026-01-27
SKU-SPOR-04531,476,Sydney,2026-06-20
SKU-BEAU-05570,285,Brisbane,2026-06-04
SKU-TOYS-06876,,Wellington,2026-07-03
SKU-APPA-01253,117,Auckland,2026-07-14
SKU-BEAU-05560,38,Adelaide,2026-02-19
SKU-APPA-02248,16,Christchurch,2026-03-21
SKU-SPOR-03809,,Perth,2026-01-07
SKU-BEAU-05932,347,Wellington,2026-04-18
SKU-APPA-01453,361,Sydney,2026-01-01
SKU-GROC-08710,379,Perth,2026-05-28
SKU-HEAL-11788,324,Christchurch,2026-02-10
SKU-ELEC-00406,14,Perth,2026-06-16
SKU-APPA-01567,443,Brisbane,2026-02-01
SKU-HOME-03059,150,Christchurch,2026-04-02
SKU-ELEC-01046,411,Christchurch,2026-02-26
SKU-TOYS-06737,486,Perth,2026-02-18
SKU-OFFI-09919,82,Adelaide,2026-05-26
SKU-AUTO-07804,18,Melbourne,2026-03-07
SKU-BEAU-05934,7,Brisbane,2026-01-07
SKU-TOYS-07024,29,Christchurch,2026-02-20
SKU-TOYS-06258,31,Brisbane,2026-04-22
SKU-HEAL-10909,,Sydney,2026-01-23
SKU-GROC-08507,149,Adelaide,2026-06-27
SKU-SPOR-04784,51,Adelaide,2026-05-12
SKU-GROC-09558,42,Brisbane,2026-03-06
SKU-TOYS-06541,64,Perth,2026-06-22
SKU-APPA-01400,392,Brisbane,2026-03-06
SKU-SPOR-04553,388,Wellington,2026-03-03
SKU-ELEC-01058,455,Wellington,2026-04-03
SKU-TOYS-06309,380,Auckland,2026-07-27
SKU-HOME-03472,57,Wellington,2026-01-08
SKU-HOME-03174,301,Auckland,2026-04-26
SKU-ELEC-00116,258,Brisbane,2026-03-27
SKU-HEAL-10963,379,Christchurch,2026-02-25
SKU-BEAU-04885,430,Wellington,2026-02-19
SKU-HOME-02769,317,Christchurch,2026-07-20
SKU-GROC-08708,116,Perth,2026-04-22
SKU-APPA-01267,252,Perth,2026-07-05
SKU-HOME-02401,246,Adelaide,2026-01-01
SKU-AUTO-08316,304,Wellington,2026-05-26
SKU-AUTO-07832,218,Auckland,2026-01-26
SKU-BEAU-05759,429,Christchurch,2026-03-02
SKU-GROC-09554,485,Brisbane,2026-02-08
SKU-TOYS-07116,40,Perth,2026-07-03
SKU-HOME-02830,10,Perth,2026-04-18
SKU-TOYS-07015,43,Sydney,2026-05-25
SKU-GROC-09272,22,Christchurch,2026-04-10
SKU-OFFI-09865,300,Auckland,2026-06-17
SKU-HOME-02857,498,Brisbane,2026-06-02
SKU-SPOR-04572,45,Auckland,2026-06-22
SKU-SPOR-03755,188,Wellington,2026-06-28
SKU-HOME-02424,39,Wellington,2026-02-05
SKU-GROC-08488,,Auckland,2026-02-26
SKU-SPOR-04063,128,Adelaide,2026-03-17
SKU-HEAL-11441,,Wellington,2026-04-20
SKU-GROC-09027,358,Sydney,2026-04-18
SKU-APPA-01665,292,Christchurch,2026-02-27
SKU-AUTO-07683,499,Christchurch,2026-05-07
SKU-SPOR-04174,224,Auckland,2026-07-18
SKU-OFFI-09990,370,Auckland,2026-03-06
SKU-GROC-09442,108,Auckland,2026-07-04
SKU-HEAL-10916,301,Perth,2026-01-17
SKU-SPOR-04768,500,Christchurch,2026-02-16
SKU-TOYS-06755,232,Brisbane,2026-05-08
SKU-APPA-01807,195,Christchurch,2026-01-09
SKU-OFFI-09824,326,Sydney,2026-06-11
SKU-OFFI-10151,353,Brisbane,2026-02-25
SKU-OFFI-10059,379,Perth,2026-02-01
SKU-BEAU-04839,354,Brisbane,2026-03-12
SKU-OFFI-10284,318,Brisbane,2026-01-07
SKU-AUTO-07209,244,Wellington,2026-03-06
SKU-APPA-01569,364,Brisbane,2026-06-23
SKU-HEAL-11032,40,Adelaide,2026-03-05
SKU-HEAL-11894,86,Adelaide,2026-05-18
SKU-TOYS-06086,495,Perth,2026-05-11
SKU-APPA-01924,51,Melbourne,2026-07-08
SKU-HOME-03557,498,Auckland,2026-03-17
SKU-APPA-01783,314,Melbourne,2026-07-07
SKU-HEAL-11247,249,Auckland,2026-04-11
SKU-TOYS-07110,375,Wellington,2026-07-02
SKU-OFFI-09972,353,Christchurch,2026-02-09
SKU-ELEC-01074,491,Wellington,2026-01-28
SKU-BEAU-05965,67,Auckland,2026-07-05
SKU-OFFI-10431,447,Adelaide,2026-03-06
SKU-HOME-03375,118,Adelaide,2026-06-24
SKU-APPA-01395,160,Adelaide,2026-05-19
SKU-OFFI-09643,410,Auckland,2026-01-17
SKU-GROC-08442,356,Christchurch,2026-06-14
SKU-OFFI-10147,393,Adelaide,2026-06-19
SKU-AUTO-08375,236,Perth,2026-06-03
SKU-HOME-03538,108,Brisbane,2026-06-06
SKU-BEAU-05168,155,Wellington,2026-06-04
SKU-TOYS-06878,499,Sydney,2026-06-14
SKU-OFFI-10606,280,Perth,2026-05-08
SKU-APPA-01679,238,Christchurch,2026-01-13
SKU-HOME-03463,342,Wellington,2026-07-04
SKU-TOYS-06757,23,Wellington,2026-03-05
SKU-OFFI-10576,55,Melbourne,2026-04-02
SKU-GROC-08458,284,Sydney,2026-03-05
SKU-SPOR-03803,244,Wellington,2026-03-10
SKU-HEAL-11638,225,Wellington,2026-03-22
SKU-ELEC-00954,264,Christchurch,2026-03-15
SKU-ELEC-00078,371,Sydney,2026-02-07
SKU-OFFI-10011,326,Adelaide,2026-07-04
SKU-AUTO-07888,452,Wellington,2026-02-10
SKU-AUTO-07233,94,Adelaide,2026-07-09
SKU-BEAU-05126,482,Wellington,2026-04-15
SKU-ELEC-00338,90,Christchurch,2026-01-04
SKU-TOYS-06761,40,Sydney,2026-05-08
SKU-HOME-03516,335,Melbourne,2026-01-16
SKU-BEAU-05526,451,Christchurch,2026-04-07
SKU-APPA-02373,182,Melbourne,2026-02-11
SKU-TOYS-06474,490,Wellington,2026-02-08
SKU-ELEC-00448,10,Perth,2026-04-07
SKU-OFFI-09914,307,Melbourne,2026-07-16
SKU-OFFI-09668,164,Auckland,2026-02-01
SKU-ELEC-00986,353,Brisbane,2026-01-19
SKU-AUTO-07928,147,Auckland,2026-05-06
SKU-HOME-02572,150,Christchurch,2026-03-05
SKU-BEAU-05920,88,Christchurch,2026-03-01
SKU-HEAL-11691,435,Brisbane,2026-02-22
SKU-TOYS-06228,165,Wellington,2026-02-26
SKU-HEAL-11498,244,Perth,2026-05-27
SKU-HOME-02693,450,Auckland,2026-04-04
SKU-HEAL-11453,311,Sydney,2026-06-13
SKU-SPOR-04534,363,Auckland,2026-04-15
SKU-BEAU-05520,124,Wellington,2026-01-28
SKU-BEAU-05866,99,Melbourne,2026-06-23
SKU-ELEC-00718,144,Adelaide,2026-03-20
SKU-HOME-03428,445,Melbourne,2026-07-17
SKU-GROC-08931,261,Sydney,2026-03-15
SKU-BEAU-05145,38,Sydney,2026-04-08
SKU-SPOR-04225,95,Christchurch,2026-01-18
SKU-HOME-03347,117,Wellington,2026-05-08
SKU-HOME-02426,278,Auckland,2026-05-27
SKU-AUTO-08117,75,Adelaide,2026-04-23
SKU-HOME-03462,427,Wellington,2026-07-06
SKU-HOME-02598,27,Wellington,2026-04-21
SKU-GROC-08512,19,Adelaide,2026-05-22
SKU-SPOR-04063,128,Adelaide,2026-03-17
SKU-HEAL-11510,215,Melbourne,2026-06-22
SKU-HEAL-10962,330,Brisbane,2026-06-08
SKU-HOME-02603,232,Adelaide,2026-02-22
SKU-TOYS-06548,16,Auckland,2026-07-10
SKU-OFFI-10418,215,Perth,2026-03-08
SKU-HEAL-10850,278,Wellington,2026-02-05
SKU-TOYS-06221,60,Perth,2026-02-26
SKU-APPA-01875,24,Wellington,2026-06-18
SKU-HEAL-11112,467,Sydney,2026-04-19
SKU-BEAU-05598,300,Adelaide,2026-05-21
SKU-HEAL-11681,225,Perth,2026-06-10
SKU-HOME-03037,113,Sydney,2026-02-09
SKU-AUTO-08286,124,Christchurch,2026-03-07
SKU-TOYS-06531,347,Brisbane,2026-04-16
SKU-HOME-03335,405,Sydney,2026-03-19
SKU-TOYS-07140,331,Brisbane,2026-06-01
SKU-HOME-02466,274,Sydney,2026-04-27
SKU-BEAU-05603,134,Wellington,2026-01-10
SKU-GROC-09521,23,Sydney,2026-05-26
SKU-HEAL-11008,472,Perth,2026-05-15
SKU-SPOR-04398,31,Melbourne,2026-07-09
SKU-APPA-01638,260,Perth,2026-01-23
SKU-OFFI-09862,,Wellington,2026-05-09
SKU-ELEC-00775,158,Melbourne,2026-03-16
SKU-AUTO-08091,195,Christchurch,2026-05-13
SKU-BEAU-05372,278,Christchurch,2026-01-24
SKU-BEAU-05199,220,Melbourne,2026-02-10
SKU-APPA-02205,44,Adelaide,2026-03-12
SKU-GROC-08859,176,Adelaide,2026-04-27
SKU-APPA-01301,169,Melbourne,2026-06-05
SKU-HEAL-11274,259,Perth,2026-02-16
SKU-GROC-09185,261,Christchurch,2026-04-15
SKU-TOYS-06642,298,Auckland,2026-05-09
SKU-OFFI-09874,494,Perth,2026-04-12
SKU-HOME-02961,,Brisbane,2026-06-18
SKU-ELEC-00084,341,Adelaide,2026-03-18
SKU-HOME-02805,6,Adelaide,2026-05-02
SKU-GROC-09562,,Perth,2026-03-15
SKU-TOYS-06964,467,Wellington,2026-04-13
SKU-OFFI-10397,497,Adelaide,2026-04-05
SKU-BEAU-05719,458,Brisbane,2026-07-11
SKU-TOYS-06572,80,Brisbane,2026-03-24
SKU-HEAL-11036,124,Melbourne,2026-02-06
SKU-AUTO-07222,334,Perth,2026-06-06
SKU-ELEC-00985,343,Brisbane,2026-06-14
SKU-OFFI-09642,366,Christchurch,2026-05-15
SKU-HEAL-11842,52,Auckland,2026-02-10
SKU-SPOR-04622,350,Perth,2026-02-28
SKU-HOME-02892,340,Brisbane,2026-01-03
SKU-BEAU-04981,395,Perth,2026-05-23
SKU-OFFI-09863,51,Wellington,2026-03-12
SKU-OFFI-09614,84,Adelaide,2026-05-13
SKU-TOYS-06171,67,Brisbane,2026-04-15
SKU-OFFI-09930,224,Sydney,2026-03-03
SKU-APPA-02083,375,Wellington,2026-05-01
SKU-ELEC-00566,55,Adelaide,2026-03-13
SKU-SPOR-04400,404,Christchurch,2026-02-13
SKU-ELEC-00012,339,Adelaide,2026-05-06
SKU-ELEC-00661,154,Sydney,2026-01-05
SKU-GROC-08919,230,Wellington,2026-04-10
SKU-AUTO-08030,391,Melbourne,2026-01-23
SKU-TOYS-07152,75,Brisbane,2026-07-03
SKU-ELEC-01138,488,Sydney,2026-05-24
SKU-SPOR-03850,484,Brisbane,2026-07-08
SKU-APPA-01897,151,Sydney,2026-07-17
SKU-AUTO-07374,325,Adelaide,2026-05-24
SKU-HEAL-10978,161,Brisbane,2026-01-13
SKU-HEAL-11566,161,Adelaide,2026-01-23
SKU-GROC-08424,103,Christchurch,2026-07-19
SKU-OFFI-09655,270,Wellington,2026-04-22
SKU-BEAU-05447,398,Sydney,2026-03-13
SKU-ELEC-00138,499,Melbourne,2026-03-04
SKU-HEAL-10875,334,Perth,2026-06-22
SKU-HEAL-11403,35,Sydney,2026-07-20
SKU-HOME-03499,46,Wellington,2026-06-08
SKU-ELEC-00212,56,Wellington,2026-03-06
SKU-TOYS-06483,170,Perth,2026-05-15
SKU-OFFI-10485,261,Perth,2026-03-20
SKU-HOME-03325,5,Brisbane,2026-05-04
SKU-GROC-08719,163,Wellington,2026-01-28
SKU-SPOR-04110,178,Melbourne,2026-07-24
SKU-TOYS-06502,221,Christchurch,2026-02-17
SKU-HOME-03376,461,Brisbane,2026-05-11
SKU-HOME-02960,121,Sydney,2026-03-18
SKU-TOYS-06895,184,Perth,2026-07-18
SKU-ELEC-00417,196,Melbourne,2026-06-14
SKU-GROC-08450,71,Perth,2026-03-05
SKU-TOYS-06023,87,Christchurch,2026-02-23
SKU-SPOR-03805,475,Adelaide,2026-04-02
SKU-TOYS-06718,64,Brisbane,2026-06-27
SKU-SPOR-04367,312,Auckland,2026-07-08
SKU-ELEC-00185,77,Perth,2026-03-03
SKU-GROC-09339,336,Perth,2026-06-04
SKU-TOYS-07193,308,Christchurch,2026-01-17
SKU-AUTO-07476,84,Brisbane,2026-05-12
SKU-ELEC-01195,371,Perth,2026-05-08
SKU-APPA-01736,183,Christchurch,2026-07-13
SKU-OFFI-10223,137,Melbourne,2026-01-24
SKU-SPOR-03939,101,Adelaide,2026-04-13
SKU-APPA-01877,70,Perth,2026-07-23
SKU-HEAL-11250,314,Auckland,2026-01-14
SKU-BEAU-05621,367,Christchurch,2026-02-17
SKU-HOME-02852,274,Auckland,2026-01-10
SKU-AUTO-07651,26,Adelaide,2026-06-13
SKU-TOYS-06741,423,Melbourne,2026-05-11
SKU-HOME-02677,402,Christchurch,2026-07-28
SKU-TOYS-06495,336,Christchurch,2026-07-16
SKU-OFFI-10511,194,Sydney,2026-06-23
SKU-TOYS-06723,420,Melbourne,2026-03-10
SKU-HOME-03223,152,Adelaide,2026-04-07
SKU-ELEC-00881,459,Perth,2026-05-18
SKU-GROC-08718,409,Adelaide,2026-05-26
SKU-HOME-02406,388,Adelaide,2026-01-20
SKU-HOME-02510,174,Sydney,2026-03-18
SKU-BEAU-05030,,Wellington,2026-03-27
SKU-HOME-02793,81,Wellington,2026-05-02
SKU-TOYS-06138,301,Sydney,2026-02-22
SKU-ELEC-00292,275,Brisbane,2026-06-01
SKU-ELEC-01054,78,Brisbane,2026-03-18
SKU-SPOR-04268,340,Sydney,2026-01-03
SKU-BEAU-05064,438,Brisbane,2026-05-26
SKU-ELEC-00649,368,Adelaide,2026-03-28
SKU-SPOR-04764,332,Christchurch,2026-01-19
SKU-TOYS-06576,344,Wellington,2026-04-17
SKU-HEAL-11682,,Sydney,2026-07-27
SKU-BEAU-05752,398,Sydney,2026-04-16
SKU-ELEC-00984,368,Sydney,2026-01-22
SKU-OFFI-10741,484,Wellington,2026-06-12
SKU-TOYS-06022,85,Melbourne,2026-06-18
SKU-OFFI-09877,366,Wellington,2026-02-02
SKU-HEAL-11297,351,Adelaide,2026-01-18
SKU-GROC-08606,359,Melbourne,2026-04-05
SKU-BEAU-05336,53,Perth,2026-06-09
SKU-APPA-02120,15,Adelaide,2026-02-09
SKU-OFFI-09981,160,Brisbane,2026-05-21
SKU-HOME-03243,141,Christchurch,2026-01-01
SKU-GROC-08678,457,Melbourne,2026-02-11
SKU-HOME-02513,236,Adelaide,2026-06-06
SKU-AUTO-07677,289,Wellington,2026-02-04
SKU-AUTO-07656,382,Christchurch,2026-06-02
SKU-AUTO-07206,3,Perth,2026-05-04
SKU-TOYS-06950,282,Brisbane,2026-01-20
SKU-TOYS-06885,380,Wellington,2026-06-27
SKU-TOYS-06121,210,Brisbane,2026-06-22
SKU-ELEC-00252,248,Wellington,2026-05-19
SKU-SPOR-03959,82,Brisbane,2026-04-10
SKU-BEAU-05867,379,Sydney,2026-02-10
SKU-OFFI-10672,183,Christchurch,2026-02-15
SKU-GROC-08826,157,Wellington,2026-06-17
SKU-HOME-03414,158,Auckland,2026-07-04
SKU-APPA-01216,238,Auckland,2026-03-13
SKU-HOME-02437,49,Auckland,2026-03-28
SKU-SPOR-04586,54,Brisbane,2026-01-14
SKU-BEAU-05210,254,Brisbane,2026-03-13
SKU-GROC-08526,425,Christchurch,2026-02-27
SKU-OFFI-10380,55,Christchurch,2026-03-09
SKU-BEAU-05864,269,Auckland,2026-02-25
SKU-APPA-02132,401,Adelaide,2026-01-16
SKU-HEAL-11778,79,Auckland,2026-04-05
SKU-AUTO-07212,444,Christchurch,2026-07-24
SKU-AUTO-07346,267,Brisbane,2026-04-04
SKU-GROC-08680,304,Perth,2026-03-24
SKU-OFFI-10371,346,Auckland,2026-07-08
SKU-GROC-08914,315,Brisbane,2026-01-14
SKU-TOYS-07111,473,Brisbane,2026-04-07
SKU-AUTO-08119,215,Melbourne,2026-06-12
SKU-AUTO-07240,47,Melbourne,2026-04-14
SKU-HEAL-11351,261,Christchurch,2026-04-19
SKU-HOME-03490,143,Brisbane,2026-01-24
SKU-BEAU-05600,380,Melbourne,2026-04-10
SKU-OFFI-09801,268,Wellington,2026-03-03
SKU-ELEC-00780,433,Brisbane,2026-05-17
SKU-ELEC-00585,105,Melbourne,2026-03-14
SKU-SPOR-03756,441,Sydney,2026-05-17
SKU-BEAU-05346,238,Auckland,2026-01-19
SKU-GROC-08832,327,Perth,2026-05-07
SKU-ELEC-01011,462,Perth,2026-03-10
SKU-ELEC-01079,484,Melbourne,2026-06-24
SKU-GROC-09239,77,Sydney,2026-05-08
SKU-HEAL-11241,122,Auckland,2026-06-03
SKU-GROC-09300,221,Adelaide,2026-07-07
SKU-TOYS-06629,237,Auckland,2026-03-28
SKU-GROC-08550,329,Sydney,2026-05-02
SKU-BEAU-05110,162,Christchurch,2026-02-17
SKU-GROC-09112,62,Auckland,2026-04-14
SKU-APPA-02128,119,Melbourne,2026-05-07
SKU-HEAL-11852,42,Perth,2026-01-14
SKU-OFFI-10163,,Melbourne,2026-05-12
SKU-ELEC-00140,103,Christchurch,2026-03-21
SKU-OFFI-10176,247,Perth,2026-07-16
SKU-GROC-08486,253,Auckland,2026-07-07
SKU-SPOR-04435,362,Perth,2026-01-24
SKU-APPA-01806,1,Wellington,2026-01-14
SKU-HOME-02798,454,Perth,2026-05-20
SKU-HEAL-11156,229,Auckland,2026-03-04
SKU-BEAU-05125,209,Auckland,2026-03-15
SKU-ELEC-00210,470,Melbourne,2026-02-24
SKU-OFFI-10099,495,Brisbane,2026-04-05
SKU-AUTO-08269,376,Adelaide,2026-05-22
SKU-ELEC-00498,148,Christchurch,2026-01-13
SKU-OFFI-10571,126,Auckland,2026-01-22
SKU-HEAL-11583,143,Christchurch,2026-05-25
SKU-AUTO-07203,237,Wellington,2026-05-17
SKU-AUTO-08045,87,Sydney,2026-07-27
SKU-SPOR-04629,363,Auckland,2026-05-24
SKU-HEAL-11918,160,Sydney,2026-05-26
SKU-TOYS-07178,43,Auckland,2026-02-19
SKU-HEAL-11204,428,Auckland,2026-04-13
SKU-ELEC-01131,344,Wellington,2026-07-24
SKU-AUTO-08064,370,Auckland,2026-02-17
SKU-OFFI-10317,458,Perth,2026-04-19
SKU-OFFI-10760,51,Sydney,2026-03-16
SKU-OFFI-10167,414,Perth,2026-07-17
SKU-APPA-02152,187,Brisbane,2026-05-28
SKU-HOME-03140,318,Perth,2026-05-05
SKU-SPOR-04160,357,Sydney,2026-04-13
SKU-BEAU-05332,153,Melbourne,2026-01-02
SKU-HEAL-11420,414,Perth,2026-06-17
SKU-ELEC-00179,422,Perth,2026-03-15
SKU-OFFI-09768,372,Perth,2026-05-21
SKU-TOYS-07033,240,Sydney,2026-03-14
SKU-BEAU-05669,342,Christchurch,2026-03-16
SKU-HOME-03589,405,Brisbane,2026-01-20
SKU-OFFI-10370,372,Adelaide,2026-07-21
SKU-OFFI-10104,,Brisbane,2026-03-20
SKU-ELEC-00837,395,Wellington,2026-03-24
SKU-APPA-02195,262,Melbourne,2026-02-02
SKU-ELEC-00567,395,Perth,2026-05-23
SKU-HOME-02580,245,Adelaide,2026-02-05
SKU-HEAL-11132,,Christchurch,2026-07-15
SKU-BEAU-05054,325,Perth,2026-05-21
SKU-SPOR-04741,58,Sydney,2026-02-27
SKU-TOYS-07021,150,Auckland,2026-02-05
SKU-OFFI-10119,306,Brisbane,2026-05-21
SKU-HEAL-11633,412,Adelaide,2026-01-26
SKU-BEAU-05749,245,Melbourne,2026-04-14
SKU-BEAU-05511,421,Christchurch,2026-03-22
SKU-HOME-03259,437,Melbourne,2026-02-11
SKU-SPOR-04355,,Wellington,2026-02-02
SKU-TOYS-06553,122,Christchurch,2026-04-28
SKU-HOME-03052,316,Sydney,2026-02-12
SKU-OFFI-10358,359,Christchurch,2026-07-20
SKU-GROC-09219,68,Perth,2026-04-09
SKU-BEAU-05415,433,Sydney,2026-06-09
SKU-OFFI-10015,396,Melbourne,2026-06-11
SKU-APPA-01471,237,Sydney,2026-02-06
SKU-GROC-08552,412,Melbourne,2026-04-25
SKU-SPOR-04296,,Sydney,2026-02-19
SKU-BEAU-05087,450,Adelaide,2026-02-05
SKU-ELEC-00487,151,Adelaide,2026-03-25
SKU-GROC-09372,322,Christchurch,2026-05-10
SKU-APPA-01931,201,Auckland,2026-01-13
SKU-HOME-03284,491,Melbourne,2026-03-25
SKU-HEAL-11585,214,Christchurch,2026-02-04
SKU-TOYS-06175,247,Brisbane,2026-06-19
SKU-APPA-02387,432,Sydney,2026-01-11
SKU-SPOR-03720,294,Christchurch,2026-01-02
SKU-SPOR-04257,281,Melbourne,2026-04-16
SKU-OFFI-10073,258,Adelaide,2026-03-09
SKU-HOME-03013,129,Auckland,2026-07-25
SKU-SPOR-04509,353,Sydney,2026-04-12
SKU-APPA-01999,187,Brisbane,2026-03-22
SKU-HEAL-11164,401,Sydney,2026-06-22
SKU-OFFI-10544,56,Sydney,2026-03-23
SKU-BEAU-05323,328,Auckland,2026-04-22
SKU-GROC-09110,63,Perth,2026-03-19
SKU-SPOR-04332,94,Perth,2026-02-09
SKU-APPA-01998,352,Sydney,2026-04-13
SKU-SPOR-04648,80,Perth,2026-01-11
SKU-SPOR-04707,360,Melbourne,2026-03-13
SKU-TOYS-06305,276,Melbourne,2026-07-02
SKU-GROC-08623,61,Wellington,2026-02-21
SKU-ELEC-00016,182,Christchurch,2026-02-18
SKU-APPA-02042,409,Wellington,2026-03-27
SKU-SPOR-03610,398,Adelaide,2026-07-24
SKU-SPOR-04308,40,Wellington,2026-03-05
SKU-ELEC-00938,,Brisbane,2026-06-16
SKU-APPA-01831,485,Sydney,2026-03-17
SKU-HOME-02479,129,Adelaide,2026-07-14
SKU-BEAU-05376,,Sydney,2026-07-16
SKU-AUTO-08302,17,Brisbane,2026-07-26
SKU-ELEC-00018,175,Auckland,2026-07-28
SKU-HOME-02955,219,Wellington,2026-05-05
SKU-HOME-03233,443,Wellington,2026-05-14
SKU-BEAU-05851,330,Auckland,2026-03-10
SKU-SPOR-04092,448,Brisbane,2026-04-10
SKU-HOME-03559,260,Brisbane,2026-06-11
SKU-GROC-08983,259,Auckland,2026-03-14
SKU-AUTO-07513,10,Adelaide,2026-03-21
SKU-HOME-02574,452,Adelaide,2026-04-25
SKU-ELEC-01163,324,Christchurch,2026-02-07
SKU-ELEC-00172,498,Auckland,2026-05-10
SKU-HEAL-11214,149,Wellington,2026-06-28
SKU-OFFI-10767,398,Melbourne,2026-05-25
SKU-OFFI-10686,117,Christchurch,2026-05-15
SKU-HOME-02407,459,Sydney,2026-05-07
SKU-HOME-03183,140,Christchurch,2026-04-18
SKU-TOYS-06535,476,Wellington,2026-02-07
SKU-BEAU-05147,55,Sydney,2026-05-05
SKU-GROC-09175,216,Auckland,2026-07-08
SKU-AUTO-07922,253,Christchurch,2026-02-21
SKU-TOYS-06622,491,Melbourne,2026-05-18
SKU-GROC-08808,78,Adelaide,2026-05-10
SKU-OFFI-09888,231,Wellington,2026-02-20
SKU-SPOR-04444,243,Wellington,2026-05-07
SKU-HEAL-11410,496,Christchurch,2026-04-19
SKU-HEAL-10886,157,Brisbane,2026-03-07
SKU-HOME-02804,40,Brisbane,2026-07-12
SKU-AUTO-07988,148,Sydney,2026-02-21
SKU-HOME-03579,159,Melbourne,2026-06-22
SKU-OFFI-10084,122,Perth,2026-01-20
SKU-HEAL-11270,125,Perth,2026-03-18
SKU-GROC-09408,159,Wellington,2026-03-19
SKU-OFFI-10748,499,Wellington,2026-07-06
SKU-GROC-08971,41,Sydney,2026-01-25
SKU-HOME-02425,280,Perth,2026-07-13
SKU-HEAL-11107,219,Adelaide,2026-05-02
SKU-OFFI-09921,449,Perth,2026-06-03
SKU-ELEC-01188,489,Wellington,2026-03-11
SKU-APPA-01868,265,Auckland,2026-02-15
SKU-GROC-08952,41,Adelaide,2026-05-14
SKU-HOME-02589,59,Wellington,2026-01-10
SKU-ELEC-00901,158,Adelaide,2026-03-22
SKU-APPA-02299,308,Melbourne,2026-01-01
SKU-AUTO-07592,118,Perth,2026-07-16
SKU-ELEC-00316,247,Auckland,2026-04-09
SKU-APPA-01962,497,Wellington,2026-06-21
SKU-APPA-02294,407,Adelaide,2026-04-22
SKU-GROC-09266,227,Christchurch,2026-05-28
SKU-APPA-01633,98,Wellington,2026-01-28
SKU-HEAL-11969,289,Brisbane,2026-03-21
SKU-GROC-08464,348,Sydney,2026-06-12
SKU-HEAL-11596,359,Perth,2026-07-22
SKU-HOME-03095,437,Sydney,2026-04-28
SKU-HOME-02750,8,Christchurch,2026-06-23
SKU-SPOR-03632,201,Perth,2026-06-24
SKU-TOYS-07087,295,Perth,2026-03-25
SKU-OFFI-09839,53,Perth,2026-02-01
SKU-BEAU-05390,218,Brisbane,2026-02-07
SKU-APPA-01605,176,Auckland,2026-07-14
SKU-APPA-01586,358,Wellington,2026-07-25
SKU-GROC-09519,471,Brisbane,2026-05-11
SKU-BEAU-04939,452,Christchurch,2026-02-26
SKU-BEAU-05349,438,Adelaide,2026-06-06
SKU-GROC-08843,346,Auckland,2026-07-03
SKU-TOYS-06398,409,Adelaide,2026-02-23
SKU-AUTO-08225,141,Wellington,2026-06-16
SKU-BEAU-05374,137,Sydney,2026-01-25
SKU-ELEC-00509,51,Auckland,2026-04-18
SKU-ELEC-01121,334,Melbourne,2026-02-01
SKU-SPOR-04210,43,Brisbane,2026-01-09
SKU-OFFI-09695,271,Christchurch,2026-02-19
SKU-SPOR-04129,294,Auckland,2026-03-19
SKU-BEAU-05796,15,Auckland,2026-06-09
SKU-BEAU-05945,443,Adelaide,2026-03-22
SKU-OFFI-10126,277,Perth,2026-06-26
SKU-OFFI-10184,400,Adelaide,2026-06-21
SKU-GROC-09510,316,Sydney,2026-02-14
SKU-SPOR-03859,446,Brisbane,2026-04-23
SKU-BEAU-05757,103,Melbourne,2026-05-25
SKU-AUTO-07688,,Melbourne,2026-05-21
SKU-APPA-02048,120,Brisbane,2026-05-02
SKU-BEAU-05177,258,Sydney,2026-06-09
SKU-BEAU-05124,467,Auckland,2026-03-16
SKU-ELEC-00079,447,Adelaide,2026-04-05
SKU-AUTO-07287,435,Brisbane,2026-05-16
SKU-BEAU-05794,64,Adelaide,2026-01-19
SKU-OFFI-10298,364,Wellington,2026-03-08
SKU-GROC-09023,491,Auckland,2026-01-07
SKU-HEAL-11381,,Wellington,2026-05-03
SKU-APPA-01662,430,Christchurch,2026-01-04
SKU-HEAL-10843,460,Brisbane,2026-06-27
SKU-GROC-08915,394,Adelaide,2026-03-05
SKU-OFFI-09624,447,Perth,2026-05-09
SKU-TOYS-06093,,Christchurch,2026-03-09
SKU-AUTO-07597,300,Brisbane,2026-02-09
SKU-APPA-01255,259,Sydney,2026-02-20
SKU-HEAL-11174,16,Auckland,2026-06-22
SKU-APPA-01628,470,Sydney,2026-07-03
SKU-BEAU-05221,470,Wellington,2026-03-22
SKU-HOME-03317,14,Adelaide,2026-06-25
SKU-TOYS-06938,351,Adelaide,2026-06-15
SKU-ELEC-00670,428,Sydney,2026-07-05
SKU-BEAU-05488,52,Perth,2026-01-10
SKU-APPA-01890,423,Melbourne,2026-07-05
SKU-APPA-01888,304,Christchurch,2026-01-16
SKU-OFFI-10239,432,Brisbane,2026-02-22
SKU-OFFI-10276,36,Adelaide,2026-01-10
SKU-TOYS-06884,186,Christchurch,2026-03-18
SKU-ELEC-00291,370,Brisbane,2026-05-09
SKU-HOME-02697,38,Adelaide,2026-03-05
SKU-SPOR-04016,296,Melbourne,2026-07-26
SKU-TOYS-06215,453,Sydney,2026-04-14
SKU-AUTO-07362,151,Auckland,2026-07-26
SKU-ELEC-00713,,Melbourne,2026-03-23
SKU-HOME-03008,415,Wellington,2026-07-09
SKU-SPOR-03684,148,Christchurch,2026-01-22
SKU-HEAL-11520,349,Christchurch,2026-03-06
SKU-BEAU-05213,410,Auckland,2026-03-18
SKU-HEAL-11273,441,Christchurch,2026-03-14
SKU-AUTO-07660,286,Auckland,2026-06-02
SKU-SPOR-04312,339,Wellington,2026-02-21
SKU-AUTO-07229,289,Melbourne,2026-06-06
SKU-AUTO-07675,60,Adelaide,2026-01-20
SKU-HEAL-11668,171,Christchurch,2026-04-22
SKU-ELEC-00774,288,Sydney,2026-03-12
SKU-TOYS-06492,340,Wellington,2026-06-14
SKU-GROC-09314,51,Wellington,2026-02-26
SKU-HOME-02922,,Melbourne,2026-05-28
SKU-OFFI-10326,419,Melbourne,2026-01-20
SKU-ELEC-00133,85,Auckland,2026-05-26
SKU-AUTO-07221,361,Melbourne,2026-06-02
SKU-ELEC-00725,9,Melbourne,2026-03-27
SKU-HEAL-11216,170,Melbourne,2026-04-13
SKU-ELEC-00187,32,Adelaide,2026-05-05
SKU-TOYS-06815,306,Perth,2026-02-07
SKU-OFFI-10311,394,Wellington,2026-02-08
SKU-GROC-09515,432,Christchurch,2026-06-15
SKU-OFFI-10204,29,Wellington,2026-04-06
SKU-HOME-03098,139,Christchurch,2026-06-14
SKU-HOME-02743,,Christchurch,2026-07-09
SKU-OFFI-09699,135,Auckland,2026-04-27
SKU-HEAL-11295,411,Auckland,2026-05-18
SKU-ELEC-01125,141,Melbourne,2026-04-15
SKU-BEAU-05474,172,Brisbane,2026-02-18
SKU-OFFI-10090,89,Perth,2026-06-12
SKU-OFFI-10229,71,Melbourne,2026-01-08
SKU-APPA-01211,129,Melbourne,2026-04-15
SKU-TOYS-06011,37,Christchurch,2026-04-22
SKU-SPOR-03870,203,Auckland,2026-06-07
SKU-OFFI-09706,344,Wellington,2026-04-09
SKU-TOYS-06325,187,Wellington,2026-04-12
SKU-HOME-02726,488,Brisbane,2026-06-01
SKU-BEAU-05382,443,Adelaide,2026-02-23
SKU-SPOR-04342,493,Wellington,2026-07-05
SKU-ELEC-00402,390,Melbourne,2026-07-01
SKU-BEAU-05193,12,Brisbane,2026-04-07
SKU-SPOR-04745,219,Brisbane,2026-07-23
SKU-HEAL-11060,188,Christchurch,2026-02-17
SKU-HOME-02991,10,Adelaide,2026-05-08
SKU-BEAU-05843,488,Sydney,2026-03-21
SKU-SPOR-03662,206,Adelaide,2026-01-14
SKU-HOME-02709,488,Christchurch,2026-02-05
SKU-BEAU-05653,149,Sydney,2026-07-20
SKU-OFFI-09925,248,Melbourne,2026-03-26
SKU-APPA-01963,272,Auckland,2026-02-10
SKU-HEAL-10912,485,Adelaide,2026-06-04
SKU-TOYS-06072,48,Melbourne,2026-06-23
SKU-TOYS-06599,242,Adelaide,2026-03-02
SKU-HEAL-11155,69,Christchurch,2026-04-25
SKU-AUTO-07504,445,Sydney,2026-06-16
SKU-BEAU-05230,248,Auckland,2026-01-02
SKU-HEAL-11176,141,Auckland,2026-04-19
SKU-HEAL-10821,62,Brisbane,2026-06-06
SKU-SPOR-04148,258,Auckland,2026-07-05
SKU-ELEC-00561,171,Brisbane,2026-02-07
SKU-APPA-01728,260,Brisbane,2026-04-01
SKU-TOYS-07191,134,Brisbane,2026-03-14
SKU-GROC-09323,253,Auckland,2026-02-06
SKU-TOYS-06200,276,Adelaide,2026-05-19
SKU-BEAU-05882,279,Perth,2026-06-17
SKU-SPOR-04538,69,Auckland,2026-05-26
SKU-ELEC-00204,212,Sydney,2026-04-07
SKU-OFFI-10632,245,Sydney,2026-07-14
SKU-BEAU-05716,65,Melbourne,2026-01-11
SKU-GROC-08783,81,Sydney,2026-01-16
SKU-HOME-03547,281,Wellington,2026-04-05
SKU-AUTO-07979,232,Melbourne,2026-03-06
SKU-OFFI-10114,192,Melbourne,2026-04-01
SKU-BEAU-05024,483,Christchurch,2026-01-10
SKU-TOYS-06528,246,Adelaide,2026-04-18
SKU-OFFI-10113,368,Auckland,2026-04-26
SKU-HOME-03137,391,Sydney,2026-06-08
SKU-BEAU-04875,340,Sydney,2026-03-13
SKU-TOYS-06957,55,Auckland,2026-04-24
SKU-APPA-02342,10,Sydney,2026-07-05
SKU-ELEC-00635,434,Adelaide,2026-06-08
SKU-BEAU-05058,146,Melbourne,2026-07-17
SKU-OFFI-09960,143,Brisbane,2026-05-05
SKU-AUTO-08157,418,Wellington,2026-05-16
SKU-BEAU-04845,384,Christchurch,2026-04-15
SKU-ELEC-01094,46,Brisbane,2026-04-13
SKU-APPA-01747,390,Christchurch,2026-07-09
SKU-OFFI-10237,124,Perth,2026-07-12
SKU-GROC-08705,247,Wellington,2026-05-21
SKU-BEAU-05295,341,Wellington,2026-02-06
SKU-TOYS-06422,243,Sydney,2026-06-22
SKU-APPA-01737,228,Wellington,2026-05-18
SKU-BEAU-05251,253,Sydney,2026-03-17
SKU-HOME-02776,224,Brisbane,2026-01-02
SKU-GROC-09469,466,Adelaide,2026-03-03
SKU-GROC-09044,402,Auckland,2026-01-27
SKU-TOYS-06711,57,Perth,2026-06-17
SKU-HEAL-10946,226,Adelaide,2026-04-10
SKU-HEAL-11781,67,Adelaide,2026-02-08
SKU-GROC-08536,271,Adelaide,2026-06-17
SKU-TOYS-06191,368,Sydney,2026-04-05
SKU-HOME-02963,141,Sydney,2026-01-25
SKU-HEAL-11926,55,Melbourne,2026-05-15
SKU-AUTO-07202,453,Auckland,2026-05-10
SKU-BEAU-05435,186,Sydney,2026-06-13
SKU-HEAL-11086,49,Christchurch,2026-06-01
SKU-OFFI-10012,232,Perth,2026-01-09
SKU-GROC-09072,463,Adelaide,2026-04-18
SKU-OFFI-10112,435,Adelaide,2026-06-03
SKU-SPOR-04475,378,Christchurch,2026-03-19
SKU-HOME-02718,58,Sydney,2026-04-23
SKU-HEAL-11418,53,Wellington,2026-07-21
SKU-APPA-01238,168,Sydney,2026-02-16
SKU-HEAL-11867,56,Sydney,2026-04-16
SKU-BEAU-05935,69,Christchurch,2026-05-19
SKU-ELEC-00418,23,Wellington,2026-03-11
SKU-TOYS-06673,469,Melbourne,2026-04-15
SKU-SPOR-04725,14,Perth,2026-06-26
SKU-OFFI-09720,259,Sydney,2026-03-20
SKU-ELEC-00557,168,Perth,2026-07-17
SKU-AUTO-07642,243,Auckland,2026-05-17
SKU-SPOR-04481,268,Perth,2026-04-21
SKU-HEAL-11955,164,Christchurch,2026-05-15
SKU-GROC-09377,385,Perth,2026-05-18
SKU-AUTO-07241,381,Melbourne,2026-07-23
SKU-APPA-01271,38,Melbourne,2026-06-20
SKU-HOME-02504,101,Brisbane,2026-07-18
SKU-APPA-01578,337,Brisbane,2026-07-18
SKU-APPA-01916,72,Adelaide,2026-01-02
SKU-BEAU-05129,286,Adelaide,2026-02-26
SKU-SPOR-04479,7,Adelaide,2026-04-04
SKU-GROC-09281,410,Auckland,2026-03-24
SKU-TOYS-06817,193,Christchurch,2026-07-06
SKU-TOYS-06512,293,Perth,2026-04-16
SKU-AUTO-07664,287,Melbourne,2026-06-22
SKU-OFFI-10039,417,Melbourne,2026-04-22
SKU-APPA-01668,97,Perth,2026-05-09
SKU-HEAL-11673,365,Wellington,2026-06-05
SKU-SPOR-03699,460,Melbourne,2026-04-04
SKU-APPA-02211,178,Auckland,2026-02-01
SKU-GROC-08711,442,Christchurch,2026-05-06
SKU-ELEC-00255,57,Brisbane,2026-01-07
SKU-APPA-01317,,Sydney,2026-03-16
SKU-ELEC-00549,98,Melbourne,2026-01-23
SKU-HOME-03092,237,Brisbane,2026-01-14
SKU-TOYS-07072,58,Wellington,2026-01-16
SKU-ELEC-00760,160,Auckland,2026-04-19
SKU-TOYS-06774,341,Perth,2026-06-05
SKU-TOYS-06034,500,Melbourne,2026-03-08
SKU-ELEC-00954,264,Christchurch,2026-03-15
SKU-HOME-02570,236,Christchurch,2026-02-20
SKU-TOYS-06903,468,Brisbane,2026-01-02
SKU-HEAL-11744,404,Wellington,2026-07-14
SKU-TOYS-06354,12,Brisbane,2026-04-06
SKU-APPA-02301,274,Sydney,2026-07-03
SKU-TOYS-06112,488,Perth,2026-02-04
SKU-BEAU-05828,229,Adelaide,2026-07-06
SKU-HOME-02638,249,Wellington,2026-06-28
SKU-TOYS-06842,460,Wellington,2026-06-15
SKU-OFFI-10572,134,Perth,2026-01-13
SKU-AUTO-07947,396,Brisbane,2026-06-18
SKU-APPA-01941,,Wellington,2026-03-09
SKU-ELEC-00280,249,Sydney,2026-03-06
SKU-BEAU-05038,,Adelaide,2026-05-01
SKU-HOME-02970,129,Auckland,2026-02-28
SKU-HEAL-11428,468,Auckland,2026-07-23
SKU-SPOR-04001,,Sydney,2026-04-23
SKU-HOME-02682,88,Wellington,2026-05-04
SKU-ELEC-00914,23,Auckland,2026-06-22
SKU-GROC-08981,467,Wellington,2026-05-18
SKU-AUTO-08249,437,Auckland,2026-04-06
SKU-OFFI-10168,493,Melbourne,2026-05-22
SKU-OFFI-10261,238,Auckland,2026-01-11
SKU-AUTO-07417,376,Adelaide,2026-01-08
SKU-ELEC-00690,22,Auckland,2026-03-12
SKU-AUTO-07507,253,Perth,2026-04-19
SKU-ELEC-00678,19,Auckland,2026-05-18
SKU-SPOR-04603,385,Auckland,2026-02-22
SKU-APPA-01921,133,Christchurch,2026-04-16
SKU-BEAU-05413,226,Perth,2026-04-27
SKU-BEAU-05403,266,Sydney,2026-02-25
SKU-HEAL-11792,189,Brisbane,2026-02-19
SKU-ELEC-00371,111,Perth,2026-01-10
SKU-APPA-01618,52,Melbourne,2026-04-23
SKU-TOYS-06575,51,Brisbane,2026-01-22
SKU-ELEC-00648,175,Brisbane,2026-01-28
SKU-HOME-03031,180,Christchurch,2026-07-27
SKU-AUTO-08317,161,Wellington,2026-05-28
SKU-OFFI-09827,272,Sydney,2026-05-01
SKU-HOME-02927,402,Sydney,2026-03-04
SKU-HEAL-11315,317,Wellington,2026-03-13
SKU-SPOR-04694,247,Melbourne,2026-05-07
SKU-TOYS-06162,33,Christchurch,2026-02-06
SKU-AUTO-07392,469,Adelaide,2026-04-04
SKU-APPA-01338,200,Perth,2026-07-27
SKU-HOME-02876,68,Adelaide,2026-04-15
SKU-TOYS-07055,98,Melbourne,2026-05-05
SKU-TOYS-06203,121,Wellington,2026-07-19
SKU-GROC-09538,185,Wellington,2026-05-25
SKU-TOYS-06845,242,Brisbane,2026-03-24
SKU-GROC-08701,463,Perth,2026-07-19
SKU-GROC-09218,119,Adelaide,2026-02-14
SKU-ELEC-01090,376,Wellington,2026-03-25
SKU-SPOR-04788,419,Auckland,2026-01-12
SKU-HEAL-11723,64,Adelaide,2026-06-13
SKU-HOME-02934,326,Perth,2026-03-19
SKU-AUTO-08149,275,Melbourne,2026-05-28
SKU-HEAL-11126,145,Adelaide,2026-04-03
SKU-APPA-01704,271,Perth,2026-03-16
SKU-TOYS-07102,289,Christchurch,2026-03-08
SKU-TOYS-06088,135,Perth,2026-03-21
SKU-ELEC-00370,412,Perth,2026-05-24
SKU-TOYS-06989,89,Auckland,2026-01-04
SKU-ELEC-01028,342,Auckland,2026-01-24
SKU-OFFI-09652,,Adelaide,2026-02-01
SKU-OFFI-10644,76,Sydney,2026-05-01
SKU-ELEC-00735,264,Brisbane,2026-04-07
SKU-SPOR-04154,342,Auckland,2026-01-05
SKU-SPOR-03850,484,Brisbane,2026-07-08
SKU-HEAL-10973,,Brisbane,2026-04-21
SKU-OFFI-10042,245,Melbourne,2026-06-26
SKU-BEAU-05228,218,Christchurch,2026-05-20
SKU-HEAL-11401,262,Perth,2026-03-18
SKU-TOYS-06223,374,Christchurch,2026-07-24
SKU-ELEC-00108,368,Brisbane,2026-01-20
SKU-APPA-01904,417,Wellington,2026-02-27
SKU-AUTO-08386,347,Christchurch,2026-03-11
SKU-OFFI-10539,123,Brisbane,2026-02-15
SKU-HEAL-10865,192,Christchurch,2026-07-27
SKU-ELEC-00015,,Perth,2026-01-14
SKU-ELEC-00946,101,Melbourne,2026-06-12
SKU-SPOR-04589,487,Perth,2026-05-17
SKU-APPA-01288,375,Perth,2026-02-08
SKU-ELEC-00430,50,Brisbane,2026-04-14
SKU-OFFI-09835,53,Wellington,2026-07-23
SKU-GROC-09237,500,Brisbane,2026-06-22
SKU-AUTO-07611,340,Sydney,2026-03-25
SKU-HEAL-11445,287,Melbourne,2026-07-13
SKU-HEAL-11846,53,Auckland,2026-02-10
SKU-AUTO-07601,355,Wellington,2026-02-04
SKU-SPOR-03705,7,Brisbane,2026-05-07
SKU-SPOR-04530,312,Auckland,2026-03-10
SKU-SPOR-04693,119,Auckland,2026-02-27
SKU-AUTO-07873,49,Christchurch,2026-05-17
SKU-AUTO-07438,494,Adelaide,2026-02-10
SKU-TOYS-06839,163,Christchurch,2026-07-13
SKU-OFFI-10794,454,Melbourne,2026-04-13
SKU-AUTO-07789,487,Perth,2026-07-12
SKU-APPA-01928,126,Wellington,2026-03-21
SKU-SPOR-04726,257,Perth,2026-01-15
SKU-BEAU-05750,179,Brisbane,2026-05-01
SKU-HOME-02816,32,Melbourne,2026-07-24
SKU-HEAL-11506,426,Christchurch,2026-05-25
SKU-APPA-02309,228,Melbourne,2026-05-07
SKU-BEAU-05068,319,Brisbane,2026-01-28
SKU-GROC-08689,338,Brisbane,2026-04-02
SKU-APPA-01770,473,Sydney,2026-03-28
SKU-GROC-09415,429,Christchurch,2026-02-05
SKU-SPOR-04643,69,Sydney,2026-07-26
SKU-APPA-02349,26,Perth,2026-02-03
SKU-SPOR-03657,124,Adelaide,2026-05-07
SKU-AUTO-07210,304,Sydney,2026-07-18
SKU-OFFI-09731,245,Sydney,2026-06-25
SKU-TOYS-06715,298,Melbourne,2026-07-13
SKU-ELEC-00550,339,Perth,2026-07-08
SKU-HOME-03494,170,Wellington,2026-04-15
SKU-GROC-09063,318,Melbourne,2026-01-20
SKU-HOME-02597,368,Sydney,2026-06-16
SKU-HEAL-10823,467,Adelaide,2026-01-16
SKU-GROC-09373,403,Adelaide,2026-03-01
SKU-OFFI-10414,1,Sydney,2026-03-23
SKU-ELEC-00241,338,Sydney,2026-06-25
SKU-HOME-02427,238,Melbourne,2026-07-26
SKU-APPA-02216,317,Christchurch,2026-06-20
SKU-SPOR-04206,304,Adelaide,2026-07-05
SKU-GROC-09060,159,Christchurch,2026-01-01
SKU-BEAU-05414,1,Christchurch,2026-06-16
SKU-TOYS-06096,237,Melbourne,2026-02-06
SKU-BEAU-05194,91,Wellington,2026-02-28
SKU-SPOR-04795,340,Perth,2026-07-05
SKU-HOME-03165,198,Melbourne,2026-02-21
SKU-SPOR-04311,,Christchurch,2026-04-17
SKU-APPA-02264,485,Sydney,2026-01-08
SKU-BEAU-05708,263,Adelaide,2026-03-10
SKU-HEAL-11184,352,Brisbane,2026-01-08
SKU-GROC-08519,3,Melbourne,2026-03-10
SKU-SPOR-03801,171,Brisbane,2026-04-16
SKU-OFFI-09664,220,Melbourne,2026-05-26
SKU-GROC-09061,42,Brisbane,2026-03-17
SKU-APPA-02217,156,Melbourne,2026-07-12
SKU-TOYS-06094,492,Brisbane,2026-07-20
SKU-SPOR-04381,88,Adelaide,2026-04-27
SKU-TOYS-06978,247,Christchurch,2026-04-16
SKU-ELEC-00983,130,Melbourne,2026-06-12
SKU-APPA-01558,376,Perth,2026-01-13
SKU-HEAL-11524,205,Christchurch,2026-05-28
SKU-GROC-09326,452,Sydney,2026-05-01
SKU-APPA-01846,,Christchurch,2026-07-09
SKU-OFFI-10584,375,Brisbane,2026-02-08
SKU-TOYS-06702,165,Melbourne,2026-01-17
SKU-SPOR-04633,8,Perth,2026-04-18
SKU-AUTO-07508,130,Sydney,2026-02-26
SKU-HEAL-11790,328,Melbourne,2026-04-13
SKU-SPOR-04428,381,Wellington,2026-01-13
SKU-TOYS-06918,51,Christchurch,2026-04-26
SKU-SPOR-03888,221,Wellington,2026-02-13
SKU-HEAL-11209,498,Auckland,2026-04-04
SKU-TOYS-06163,44,Sydney,2026-07-18
SKU-HEAL-11953,345,Melbourne,2026-01-06
SKU-GROC-09193,10,Perth,2026-04-04
SKU-GROC-09088,97,Perth,2026-07-06
SKU-TOYS-07048,357,Adelaide,2026-04-04
SKU-OFFI-10508,271,Sydney,2026-03-06
SKU-BEAU-05273,309,Sydney,2026-06-23
SKU-OFFI-09935,346,Auckland,2026-03-05
SKU-HEAL-11564,,Wellington,2026-05-16
SKU-OFFI-09761,427,Wellington,2026-03-07
SKU-ELEC-00589,154,Sydney,2026-02-28
SKU-AUTO-07448,454,Perth,2026-05-27
SKU-ELEC-00381,2,Perth,2026-06-27
SKU-BEAU-05141,459,Christchurch,2026-02-19
SKU-HOME-02537,375,Brisbane,2026-03-14
SKU-TOYS-07156,173,Christchurch,2026-07-03
SKU-SPOR-04141,283,Perth,2026-02-21
SKU-SPOR-04478,22,Wellington,2026-05-09
SKU-TOYS-06517,393,Christchurch,2026-04-16
SKU-HEAL-11144,6,Auckland,2026-05-17
SKU-BEAU-04917,102,Adelaide,2026-04-26
SKU-HOME-02552,339,Adelaide,2026-06-09
SKU-OFFI-10306,116,Melbourne,2026-04-07
SKU-APPA-02122,352,Brisbane,2026-07-11
SKU-APPA-01445,393,Perth,2026-06-16
SKU-APPA-01989,195,Wellington,2026-04-15
SKU-APPA-01416,348,Sydney,2026-05-06
SKU-APPA-01767,368,Auckland,2026-07-12
SKU-TOYS-06833,150,Auckland,2026-07-13
SKU-GROC-09124,61,Perth,2026-02-12
SKU-SPOR-04403,324,Melbourne,2026-06-22
SKU-AUTO-07814,267,Brisbane,2026-02-27
SKU-BEAU-05007,0,Brisbane,2026-04-27
SKU-SPOR-04018,194,Melbourne,2026-07-06
SKU-ELEC-01194,294,Brisbane,2026-01-01
SKU-AUTO-08345,198,Melbourne,2026-06-14
SKU-TOYS-06951,27,Sydney,2026-06-15
SKU-ELEC-00950,391,Melbourne,2026-04-11
SKU-APPA-01228,499,Christchurch,2026-03-13
SKU-APPA-02099,290,Melbourne,2026-05-14
SKU-APPA-02096,190,Wellington,2026-07-23
SKU-OFFI-10505,370,Wellington,2026-01-09
SKU-HOME-03199,407,Sydney,2026-01-09
SKU-BEAU-05189,477,Brisbane,2026-07-17
SKU-SPOR-04777,,Brisbane,2026-05-05
SKU-TOYS-07161,391,Wellington,2026-05-21
SKU-HOME-02919,66,Adelaide,2026-01-19
SKU-BEAU-05016,,Auckland,2026-05-01
SKU-GROC-09325,139,Adelaide,2026-02-07
SKU-HEAL-11461,227,Christchurch,2026-03-18
SKU-HOME-02422,495,Perth,2026-06-26
SKU-ELEC-00522,18,Auckland,2026-05-20
SKU-AUTO-07580,,Perth,2026-06-06
SKU-HEAL-11265,409,Auckland,2026-05-15
SKU-BEAU-04976,204,Adelaide,2026-07-19
SKU-SPOR-04044,92,Auckland,2026-03-16
SKU-SPOR-03855,,Adelaide,2026-01-01
SKU-BEAU-05148,281,Wellington,2026-05-04
SKU-OFFI-10173,395,Christchurch,2026-05-19
SKU-APPA-02075,191,Wellington,2026-02-03
SKU-ELEC-00531,102,Auckland,2026-04-19
SKU-TOYS-06557,242,Perth,2026-06-11
SKU-HEAL-11131,284,Wellington,2026-01-23
SKU-HEAL-11431,143,Adelaide,2026-07-08
SKU-APPA-02338,202,Brisbane,2026-01-27
SKU-ELEC-01003,263,Sydney,2026-03-20
SKU-SPOR-04495,108,Sydney,2026-04-11
SKU-HOME-03449,286,Christchurch,2026-03-05
SKU-SPOR-04387,355,Perth,2026-05-20
SKU-HEAL-11527,159,Brisbane,2026-03-06
SKU-TOYS-06831,481,Melbourne,2026-01-03
SKU-APPA-01685,359,Brisbane,2026-07-04
SKU-HEAL-11177,162,Brisbane,2026-05-22
SKU-GROC-09090,362,Christchurch,2026-06-13
SKU-HEAL-11702,,Sydney,2026-06-26
SKU-BEAU-05167,32,Melbourne,2026-06-02
SKU-AUTO-08307,387,Melbourne,2026-03-03
SKU-HOME-03413,297,Christchurch,2026-06-23
SKU-OFFI-10127,161,Brisbane,2026-01-16
SKU-BEAU-04865,441,Auckland,2026-07-19
SKU-AUTO-08118,47,Auckland,2026-02-20
SKU-HOME-02885,38,Wellington,2026-03-06
SKU-GROC-09431,346,Sydney,2026-04-13
SKU-HEAL-11737,341,Sydney,2026-07-27
SKU-HEAL-11101,137,Sydney,2026-04-25
SKU-HOME-03471,380,Adelaide,2026-06-18
SKU-HEAL-11412,442,Brisbane,2026-01-20
SKU-ELEC-00134,254,Auckland,2026-04-25
SKU-OFFI-09641,444,Brisbane,2026-06-24
SKU-SPOR-04368,102,Wellington,2026-03-16
SKU-HOME-03186,328,Sydney,2026-03-09
SKU-SPOR-04485,233,Sydney,2026-04-27
SKU-ELEC-00321,129,Adelaide,2026-04-28
SKU-HOME-02606,,Auckland,2026-04-16
SKU-GROC-09475,402,Christchurch,2026-03-02
SKU-OFFI-10743,390,Perth,2026-03-23
SKU-BEAU-05506,72,Christchurch,2026-02-18
SKU-ELEC-00443,391,Adelaide,2026-04-10
SKU-OFFI-09714,,Melbourne,2026-04-09
SKU-TOYS-06798,314,Sydney,2026-03-25
SKU-SPOR-03742,289,Christchurch,2026-01-06
SKU-ELEC-00263,405,Melbourne,2026-01-26
SKU-AUTO-08324,314,Sydney,2026-05-02
SKU-TOYS-06850,304,Christchurch,2026-01-11
SKU-APPA-01521,322,Adelaide,2026-03-17
SKU-HEAL-11202,23,Melbourne,2026-05-05
SKU-BEAU-05408,368,Christchurch,2026-04-21
SKU-TOYS-06713,106,Christchurch,2026-04-12
SKU-APPA-01535,25,Christchurch,2026-05-04
SKU-GROC-08999,355,Adelaide,2026-04-11
SKU-HOME-03339,493,Melbourne,2026-05-14
SKU-APPA-01472,94,Sydney,2026-03-11
SKU-OFFI-09989,478,Adelaide,2026-06-25
SKU-ELEC-00525,457,Wellington,2026-02-23
SKU-SPOR-04750,244,Brisbane,2026-04-22
SKU-HOME-02515,,Perth,2026-06-04
SKU-TOYS-06963,451,Brisbane,2026-06-28
SKU-GROC-08817,286,Melbourne,2026-07-22
SKU-GROC-09392,144,Melbourne,2026-03-11
SKU-OFFI-10746,112,Perth,2026-01-01
SKU-GROC-08825,213,Melbourne,2026-07-09
SKU-HOME-02860,312,Melbourne,2026-03-05
SKU-SPOR-03673,294,Melbourne,2026-07-17
SKU-GROC-08633,464,Sydney,2026-03-06
SKU-APPA-01454,409,Adelaide,2026-05-27
SKU-APPA-01933,497,Sydney,2026-03-08
SKU-HEAL-11851,472,Perth,2026-01-10
SKU-BEAU-05317,121,Adelaide,2026-02-04
SKU-TOYS-06143,318,Perth,2026-02-04
SKU-ELEC-00560,451,Auckland,2026-07-27
SKU-ELEC-00125,130,Melbourne,2026-02-20
SKU-TOYS-06651,290,Perth,2026-05-25
SKU-BEAU-05005,,Auckland,2026-06-12
SKU-SPOR-04644,303,Sydney,2026-07-22
SKU-GROC-09302,472,Adelaide,2026-02-11
SKU-APPA-01706,72,Melbourne,2026-05-04
SKU-APPA-02111,474,Auckland,2026-07-16
SKU-OFFI-10378,53,Wellington,2026-07-11
SKU-GROC-08592,246,Brisbane,2026-04-08
SKU-BEAU-05775,45,Adelaide,2026-02-18
SKU-BEAU-05207,18,Adelaide,2026-04-28
SKU-HOME-02867,325,Auckland,2026-07-07
SKU-SPOR-03989,351,Auckland,2026-03-14
SKU-BEAU-05389,13,Melbourne,2026-05-26
SKU-APPA-02049,432,Brisbane,2026-01-26
SKU-OFFI-10659,258,Wellington,2026-05-06
SKU-SPOR-04003,395,Brisbane,2026-03-11
SKU-AUTO-07673,,Perth,2026-02-14
SKU-BEAU-05723,125,Wellington,2026-06-04
SKU-SPOR-04738,391,Sydney,2026-02-25
SKU-AUTO-07741,79,Adelaide,2026-01-19
SKU-APPA-01635,210,Adelaide,2026-03-09
SKU-HEAL-11459,229,Wellington,2026-06-01
SKU-HEAL-11364,265,Brisbane,2026-03-27
SKU-APPA-01377,442,Christchurch,2026-07-06
SKU-APPA-01546,221,Brisbane,2026-07-07
SKU-APPA-01299,146,Adelaide,2026-06-27
SKU-TOYS-07054,412,Auckland,2026-03-04
SKU-TOYS-06587,261,Brisbane,2026-07-13
SKU-OFFI-09659,76,Melbourne,2026-04-07
SKU-APPA-01612,,Brisbane,2026-04-18
SKU-APPA-02137,105,Perth,2026-04-22
SKU-ELEC-00723,166,Sydney,2026-05-04
SKU-ELEC-00925,359,Wellington,2026-02-09
SKU-HOME-02907,106,Wellington,2026-03-05
SKU-SPOR-04145,235,Christchurch,2026-04-06
SKU-GROC-09036,443,Sydney,2026-05-18
SKU-OFFI-09838,362,Perth,2026-05-14
SKU-APPA-02287,2,Wellington,2026-06-08
SKU-TOYS-06288,145,Sydney,2026-06-03
SKU-TOYS-06710,17,Auckland,2026-05-08
SKU-AUTO-08380,274,Perth,2026-06-28
SKU-APPA-01308,7,Christchurch,2026-05-02
SKU-TOYS-06105,182,Sydney,2026-01-25
SKU-OFFI-10215,84,Perth,2026-04-25
SKU-SPOR-04131,445,Perth,2026-07-25
SKU-OFFI-10713,,Adelaide,2026-04-18
SKU-BEAU-04950,381,Wellington,2026-02-19
SKU-GROC-09185,261,Christchurch,2026-04-15
SKU-BEAU-05785,448,Brisbane,2026-01-12
SKU-OFFI-09996,362,Adelaide,2026-06-09
SKU-SPOR-04150,430,Brisbane,2026-01-28
SKU-OFFI-10745,251,Auckland,2026-03-02
SKU-TOYS-06296,287,Christchurch,2026-04-24
SKU-HOME-02692,,Brisbane,2026-04-11
SKU-OFFI-09860,461,Melbourne,2026-03-12
SKU-HOME-03014,184,Brisbane,2026-01-21
SKU-SPOR-04192,342,Adelaide,2026-05-28
SKU-APPA-01481,446,Auckland,2026-03-18
SKU-BEAU-05568,364,Melbourne,2026-01-13
SKU-TOYS-06193,151,Christchurch,2026-05-23
SKU-GROC-08875,274,Adelaide,2026-05-27
SKU-GROC-08698,465,Melbourne,2026-04-14
SKU-HOME-02784,,Auckland,2026-05-05
SKU-ELEC-01168,393,Sydney,2026-02-01
SKU-HEAL-11138,98,Auckland,2026-04-24
SKU-ELEC-00939,255,Wellington,2026-02-18
SKU-ELEC-01152,454,Wellington,2026-05-26
SKU-OFFI-10798,336,Brisbane,2026-05-24
SKU-HEAL-11380,478,Sydney,2026-06-18
SKU-HOME-03138,34,Perth,2026-06-23
SKU-BEAU-04833,311,Melbourne,2026-05-18
SKU-OFFI-10531,3,Perth,2026-07-05
SKU-ELEC-00419,,Perth,2026-06-11
SKU-BEAU-04829,354,Perth,2026-01-06
SKU-APPA-02313,317,Brisbane,2026-06-08
SKU-AUTO-08297,37,Christchurch,2026-01-26
SKU-HEAL-11749,421,Perth,2026-06-03
SKU-GROC-08482,278,Christchurch,2026-02-28
SKU-OFFI-10711,426,Auckland,2026-02-27
SKU-GROC-09514,101,Auckland,2026-02-24
SKU-APPA-02229,432,Auckland,2026-03-04
SKU-TOYS-06281,440,Wellington,2026-04-01
SKU-OFFI-10216,195,Wellington,2026-03-05
SKU-ELEC-00085,32,Christchurch,2026-01-13
SKU-TOYS-06252,30,Perth,2026-03-26
SKU-HOME-03164,414,Brisbane,2026-02-26
SKU-AUTO-07945,,Sydney,2026-04-09
SKU-BEAU-05288,216,Adelaide,2026-04-05
SKU-TOYS-06802,329,Brisbane,2026-07-28
SKU-AUTO-07419,205,Auckland,2026-01-24
SKU-APPA-01500,,Sydney,2026-06-25
SKU-APPA-01488,440,Sydney,2026-04-24
SKU-SPOR-03881,,Wellington,2026-07-20
SKU-AUTO-07439,449,Adelaide,2026-02-22
SKU-AUTO-07483,385,Wellington,2026-01-28
SKU-SPOR-03678,464,Brisbane,2026-03-09
SKU-HOME-03274,413,Wellington,2026-07-25
SKU-OFFI-10579,109,Sydney,2026-02-03
SKU-ELEC-00619,382,Christchurch,2026-06-24
SKU-GROC-09135,0,Adelaide,2026-06-26
SKU-HEAL-11592,341,Auckland,2026-01-16
SKU-ELEC-01092,416,Perth,2026-06-26
SKU-ELEC-01038,108,Brisbane,2026-07-17
SKU-SPOR-03605,16,Perth,2026-02-11
SKU-SPOR-04443,424,Sydney,2026-03-03
SKU-HOME-02747,191,Sydney,2026-04-03
SKU-HEAL-11231,161,Brisbane,2026-07-12
SKU-OFFI-09602,176,Melbourne,2026-02-23
SKU-BEAU-05158,175,Sydney,2026-04-25
SKU-AUTO-07264,290,Wellington,2026-02-10
SKU-TOYS-06685,,Melbourne,2026-06-10
SKU-APPA-01978,80,Christchurch,2026-04-01
SKU-HOME-03240,47,Christchurch,2026-03-10
SKU-TOYS-06363,296,Adelaide,2026-06-05
SKU-AUTO-07501,,Perth,2026-07-09
SKU-GROC-09365,196,Auckland,2026-03-15
SKU-GROC-09490,186,Sydney,2026-02-25
SKU-BEAU-05197,138,Auckland,2026-06-19
SKU-HOME-02921,,Christchurch,2026-06-19
SKU-GROC-08784,462,Wellington,2026-03-24
SKU-AUTO-07600,89,Auckland,2026-05-02
SKU-ELEC-00401,179,Perth,2026-02-09
SKU-BEAU-05774,427,Melbourne,2026-04-27
SKU-AUTO-07442,98,Adelaide,2026-01-14
SKU-GROC-09251,496,Perth,2026-01-02
SKU-OFFI-10407,22,Christchurch,2026-06-16
SKU-AUTO-07236,48,Brisbane,2026-06-27
SKU-OFFI-10626,175,Christchurch,2026-07-18
SKU-OFFI-09608,376,Melbourne,2026-05-09
SKU-HEAL-11031,30,Sydney,2026-02-17
SKU-HOME-02568,127,Brisbane,2026-07-03
SKU-APPA-02104,419,Christchurch,2026-05-08
SKU-ELEC-00604,370,Wellington,2026-04-26
SKU-BEAU-05949,95,Adelaide,2026-05-02
SKU-TOYS-06362,52,Christchurch,2026-01-27
SKU-HEAL-11517,52,Auckland,2026-03-28
SKU-BEAU-05093,498,Perth,2026-07-28
SKU-BEAU-05698,186,Wellington,2026-05-08
SKU-SPOR-04434,262,Adelaide,2026-06-16
SKU-HOME-03203,461,Wellington,2026-03-23
SKU-TOYS-06239,470,Christchurch,2026-06-05
SKU-APPA-01943,49,Wellington,2026-07-25
SKU-HEAL-10807,121,Sydney,2026-01-15
SKU-AUTO-07573,124,Brisbane,2026-04-20
SKU-SPOR-03698,428,Wellington,2026-01-11
SKU-HOME-02467,283,Wellington,2026-04-05
SKU-HOME-03211,499,Sydney,2026-05-01
SKU-HOME-02744,,Melbourne,2026-07-08
SKU-BEAU-05618,259,Christchurch,2026-05-18
SKU-GROC-09509,30,Sydney,2026-04-03
SKU-HEAL-10825,9,Wellington,2026-01-27
SKU-HOME-02577,443,Wellington,2026-06-08
SKU-OFFI-10335,118,Brisbane,2026-05-27
SKU-TOYS-06680,346,Melbourne,2026-04-08
SKU-OFFI-09630,332,Melbourne,2026-02-18
SKU-APPA-01678,28,Christchurch,2026-02-05
SKU-GROC-09371,265,Perth,2026-07-26
SKU-SPOR-04389,333,Sydney,2026-01-02
SKU-AUTO-08237,444,Wellington,2026-02-11
SKU-TOYS-06033,244,Perth,2026-04-18
SKU-BEAU-05872,215,Wellington,2026-05-05
SKU-OFFI-09876,26,Brisbane,2026-02-21
SKU-TOYS-06429,187,Sydney,2026-04-06
SKU-OFFI-10430,372,Melbourne,2026-03-12
SKU-HEAL-11552,285,Sydney,2026-01-18
SKU-AUTO-08080,238,Sydney,2026-05-21
SKU-GROC-08766,158,Melbourne,2026-01-20
SKU-OFFI-10729,126,Sydney,2026-06-12
SKU-SPOR-04290,236,Melbourne,2026-06-03
SKU-APPA-01318,269,Brisbane,2026-06-26
SKU-HEAL-11693,50,Perth,2026-02-21
SKU-AUTO-08059,248,Auckland,2026-01-18
SKU-TOYS-06937,,Christchurch,2026-07-04
SKU-HEAL-11319,218,Christchurch,2026-03-19
SKU-ELEC-01108,198,Christchurch,2026-03-03
SKU-TOYS-06530,227,Perth,2026-01-05
SKU-GROC-08876,384,Brisbane,2026-01-21
SKU-OFFI-10245,468,Christchurch,2026-04-02
SKU-OFFI-10150,411,Wellington,2026-01-05
SKU-OFFI-10474,156,Christchurch,2026-04-09
SKU-APPA-01344,66,Brisbane,2026-02-09
SKU-ELEC-00548,65,Perth,2026-03-12
SKU-APPA-01690,367,Auckland,2026-03-15
SKU-OFFI-09918,296,Sydney,2026-07-02
SKU-OFFI-10096,477,Christchurch,2026-07-17
SKU-BEAU-05681,341,Christchurch,2026-01-18
SKU-GROC-08555,436,Adelaide,2026-05-15
SKU-HOME-03303,117,Auckland,2026-07-26
SKU-ELEC-00082,480,Christchurch,2026-07-28
SKU-AUTO-07932,270,Auckland,2026-01-06
SKU-SPOR-03739,263,Adelaide,2026-03-07
SKU-TOYS-06812,133,Christchurch,2026-07-15
SKU-AUTO-07480,405,Brisbane,2026-03-21
SKU-HOME-03265,178,Auckland,2026-03-07
SKU-BEAU-05688,39,Christchurch,2026-05-27
SKU-BEAU-04870,336,Adelaide,2026-06-28
SKU-TOYS-06775,254,Brisbane,2026-06-08
SKU-HOME-03348,389,Brisbane,2026-03-03
SKU-HEAL-11296,159,Perth,2026-03-05
SKU-OFFI-10458,354,Sydney,2026-06-09
SKU-ELEC-00122,90,Melbourne,2026-02-02
SKU-GROC-08594,83,Melbourne,2026-04-16
SKU-AUTO-08332,387,Sydney,2026-02-01
SKU-TOYS-07014,,Christchurch,2026-07-03
SKU-HEAL-11960,244,Perth,2026-07-28
SKU-BEAU-05385,70,Perth,2026-05-09
SKU-AUTO-08164,133,Wellington,2026-03-21
SKU-HEAL-11471,112,Sydney,2026-07-09
SKU-AUTO-08341,141,Adelaide,2026-03-17
SKU-OFFI-09950,472,Wellington,2026-02-27
SKU-OFFI-10607,271,Wellington,2026-05-12
SKU-TOYS-06966,82,Christchurch,2026-07-19
SKU-SPOR-04059,426,Melbourne,2026-02-12
SKU-ELEC-00249,243,Auckland,2026-03-08
SKU-SPOR-03848,352,Christchurch,2026-05-26
SKU-ELEC-00393,,Perth,2026-07-21
SKU-OFFI-10225,355,Wellington,2026-04-18
SKU-TOYS-06488,,Brisbane,2026-02-10
SKU-TOYS-06490,473,Perth,2026-02-05
SKU-TOYS-06609,,Adelaide,2026-04-02
SKU-AUTO-08015,,Adelaide,2026-04-08
SKU-HOME-02944,470,Wellington,2026-05-27
SKU-HOME-02567,422,Wellington,2026-03-13
SKU-AUTO-08193,258,Auckland,2026-02-12
SKU-AUTO-07767,241,Melbourne,2026-06-17
SKU-ELEC-00087,304,Wellington,2026-06-20
SKU-TOYS-07138,431,Wellington,2026-03-28
SKU-OFFI-10298,364,Wellington,2026-03-08
SKU-SPOR-04048,104,Christchurch,2026-02-13
SKU-AUTO-07983,256,Brisbane,2026-04-22
SKU-SPOR-04491,423,Sydney,2026-02-19
SKU-ELEC-00594,345,Perth,2026-06-12
SKU-BEAU-05897,169,Sydney,2026-06-09
SKU-HEAL-11896,289,Brisbane,2026-04-06
SKU-AUTO-08302,17,Brisbane,2026-07-26
SKU-HEAL-11124,108,Melbourne,2026-05-04
SKU-HEAL-11567,482,Brisbane,2026-04-02
SKU-APPA-02140,191,Auckland,2026-01-25
SKU-HOME-03297,471,Perth,2026-06-12
SKU-AUTO-07993,13,Adelaide,2026-02-06
SKU-HEAL-11992,182,Melbourne,2026-06-10
SKU-OFFI-10210,151,Auckland,2026-06-09
SKU-TOYS-06476,201,Sydney,2026-01-01
SKU-OFFI-10058,48,Perth,2026-02-19
SKU-OFFI-09672,95,Perth,2026-04-22
SKU-ELEC-00070,109,Christchurch,2026-01-15
SKU-APPA-01213,208,Melbourne,2026-01-11
SKU-HEAL-11679,,Wellington,2026-02-14
SKU-OFFI-09653,415,Auckland,2026-07-17
SKU-SPOR-04595,243,Christchurch,2026-02-14
SKU-HEAL-11091,472,Wellington,2026-04-07
SKU-ELEC-00222,,Sydney,2026-02-02
SKU-SPOR-03621,494,Perth,2026-04-02
SKU-BEAU-04972,,Adelaide,2026-01-02
SKU-HEAL-11000,89,Sydney,2026-03-06
SKU-SPOR-04070,338,Melbourne,2026-01-14
SKU-GROC-09187,,Auckland,2026-05-08
SKU-APPA-01714,244,Melbourne,2026-01-08
SKU-ELEC-00283,198,Perth,2026-04-16
SKU-OFFI-10575,169,Sydney,2026-01-19
SKU-HEAL-11477,,Perth,2026-07-28
SKU-SPOR-03624,120,Melbourne,2026-05-14
SKU-AUTO-07987,94,Brisbane,2026-05-04
SKU-TOYS-06149,4,Wellington,2026-02-23
SKU-HOME-03571,94,Auckland,2026-04-18
SKU-AUTO-07547,136,Melbourne,2026-01-07
SKU-OFFI-09606,274,Christchurch,2026-04-18
SKU-GROC-09054,463,Melbourne,2026-02-08
SKU-GROC-08660,111,Christchurch,2026-02-17
SKU-SPOR-04411,153,Auckland,2026-02-25
SKU-HOME-03110,448,Sydney,2026-05-28
SKU-ELEC-00901,158,Adelaide,2026-03-22
SKU-BEAU-05630,380,Brisbane,2026-03-02
SKU-HEAL-10834,449,Melbourne,2026-05-13
SKU-SPOR-04012,350,Melbourne,2026-07-03
SKU-AUTO-08201,334,Melbourne,2026-03-09
SKU-BEAU-05793,389,Melbourne,2026-04-15
SKU-GROC-08511,48,Auckland,2026-06-09
SKU-GROC-08714,233,Perth,2026-01-08
SKU-GROC-08463,296,Adelaide,2026-05-13
SKU-AUTO-07889,24,Christchurch,2026-06-14
SKU-HOME-03381,161,Melbourne,2026-01-17
SKU-HEAL-11830,131,Auckland,2026-07-17
SKU-HEAL-10866,93,Perth,2026-05-13
SKU-BEAU-05771,343,Sydney,2026-01-12
SKU-ELEC-00816,256,Wellington,2026-02-19
SKU-BEAU-05174,214,Perth,2026-03-02
SKU-SPOR-04417,36,Brisbane,2026-04-17
SKU-ELEC-00512,151,Wellington,2026-05-23
SKU-GROC-09547,116,Auckland,2026-07-03
SKU-AUTO-07243,317,Adelaide,2026-06-14
SKU-ELEC-00171,30,Perth,2026-05-01
SKU-HEAL-10876,347,Adelaide,2026-05-17
SKU-BEAU-05614,,Sydney,2026-02-12
SKU-SPOR-04624,200,Brisbane,2026-06-01
SKU-HOME-03255,319,Auckland,2026-04-22
SKU-BEAU-04827,414,Melbourne,2026-04-28
SKU-TOYS-06727,73,Wellington,2026-05-25
SKU-SPOR-03692,313,Sydney,2026-05-12
SKU-APPA-02010,186,Melbourne,2026-02-08
SKU-ELEC-00066,361,Christchurch,2026-01-08
SKU-HOME-03127,,Christchurch,2026-01-13
SKU-SPOR-04097,135,Sydney,2026-01-04
SKU-HOME-03597,45,Christchurch,2026-03-16
SKU-GROC-08587,290,Auckland,2026-02-25
SKU-AUTO-08150,154,Perth,2026-02-10
SKU-TOYS-06771,480,Adelaide,2026-05-16
SKU-HOME-02421,180,Sydney,2026-07-06
SKU-HOME-03151,126,Brisbane,2026-02-14
SKU-BEAU-05185,375,Wellington,2026-02-11
SKU-TOYS-07053,227,Sydney,2026-02-10
SKU-HEAL-11255,11,Brisbane,2026-01-05
SKU-TOYS-07041,84,Adelaide,2026-06-12
SKU-GROC-08734,152,Melbourne,2026-04-27
SKU-ELEC-00005,243,Perth,2026-01-27
SKU-TOYS-06804,65,Perth,2026-03-01
SKU-SPOR-04623,216,Adelaide,2026-02-11
SKU-GROC-08643,117,Perth,2026-04-10
SKU-SPOR-04061,148,Auckland,2026-05-07
SKU-ELEC-00991,321,Wellington,2026-01-27
SKU-SPOR-04540,298,Perth,2026-01-26
SKU-GROC-08773,158,Auckland,2026-06-10
SKU-OFFI-10005,429,Adelaide,2026-07-16
SKU-HEAL-10801,459,Christchurch,2026-07-05
SKU-TOYS-07137,7,Auckland,2026-02-22
SKU-APPA-01935,,Wellington,2026-03-21
SKU-OFFI-10022,89,Adelaide,2026-01-23
SKU-GROC-08461,336,Melbourne,2026-02-01
SKU-ELEC-00891,484,Sydney,2026-03-28
SKU-ELEC-01151,489,Adelaide,2026-05-05
SKU-TOYS-06790,,Auckland,2026-06-22
SKU-HOME-02576,421,Wellington,2026-06-26
SKU-HEAL-11071,18,Melbourne,2026-07-08
SKU-BEAU-05159,243,Sydney,2026-07-15
SKU-GROC-09499,474,Sydney,2026-05-09
SKU-BEAU-05709,304,Melbourne,2026-03-01
SKU-ELEC-00342,346,Wellington,2026-05-06
SKU-HOME-03261,85,Sydney,2026-04-23
SKU-HOME-02473,242,Christchurch,2026-04-17
SKU-APPA-02082,73,Perth,2026-06-05
SKU-OFFI-10402,399,Perth,2026-02-22
SKU-BEAU-05577,26,Brisbane,2026-07-18
SKU-OFFI-10761,178,Brisbane,2026-03-01
SKU-AUTO-07239,449,Perth,2026-01-14
SKU-OFFI-10247,458,Adelaide,2026-02-04
SKU-SPOR-03892,13,Brisbane,2026-05-01
SKU-APPA-01900,405,Adelaide,2026-07-15
SKU-HOME-03141,93,Auckland,2026-04-03
SKU-HOME-03454,125,Melbourne,2026-06-05
SKU-HOME-02618,436,Adelaide,2026-01-11
SKU-TOYS-06268,211,Perth,2026-03-09
SKU-AUTO-07653,468,Auckland,2026-03-24
SKU-OFFI-10570,135,Adelaide,2026-06-21
SKU-HEAL-11709,65,Melbourne,2026-04-04
SKU-TOYS-07010,309,Christchurch,2026-02-04
SKU-HEAL-11203,39,Wellington,2026-04-02
SKU-HOME-03598,,Sydney,2026-07-18
SKU-TOYS-07144,261,Melbourne,2026-02-18
SKU-BEAU-05445,338,Brisbane,2026-04-03
SKU-TOYS-06127,465,Adelaide,2026-04-22
SKU-OFFI-10378,53,Wellington,2026-07-11
SKU-GROC-09042,426,Christchurch,2026-01-28
SKU-GROC-08580,76,Wellington,2026-07-22
SKU-OFFI-10152,220,Wellington,2026-03-21
SKU-HOME-03146,488,Adelaide,2026-07-04
SKU-SPOR-04232,468,Sydney,2026-02-19
SKU-AUTO-07896,242,Auckland,2026-05-07
SKU-BEAU-05691,,Adelaide,2026-06-26
SKU-HEAL-11549,376,Perth,2026-05-26
SKU-HEAL-11891,210,Melbourne,2026-04-28
SKU-ELEC-00963,134,Adelaide,2026-01-20
SKU-APPA-02245,135,Christchurch,2026-01-28
SKU-ELEC-00243,276,Brisbane,2026-01-02
SKU-OFFI-10208,182,Brisbane,2026-01-21
SKU-AUTO-08159,467,Sydney,2026-04-24
SKU-OFFI-10583,402,Christchurch,2026-06-09
SKU-ELEC-00373,227,Adelaide,2026-05-28
SKU-APPA-02109,104,Perth,2026-05-20
SKU-OFFI-10196,292,Melbourne,2026-04-17
SKU-ELEC-00057,84,Auckland,2026-05-01
SKU-HEAL-11972,469,Sydney,2026-02-09
SKU-AUTO-07428,433,Christchurch,2026-01-22
SKU-APPA-01210,326,Brisbane,2026-02-10
SKU-SPOR-04221,276,Brisbane,2026-06-03
SKU-GROC-08405,60,Melbourne,2026-01-28
SKU-GROC-08641,290,Adelaide,2026-04-09
SKU-HOME-02964,378,Adelaide,2026-02-27
SKU-HOME-03122,29,Wellington,2026-03-26
SKU-SPOR-04095,130,Melbourne,2026-04-26
SKU-HEAL-11734,178,Melbourne,2026-02-01
SKU-APPA-02381,269,Brisbane,2026-07-04
SKU-AUTO-08358,126,Perth,2026-03-24
SKU-GROC-09382,306,Auckland,2026-02-16
SKU-SPOR-04675,46,Melbourne,2026-04-05
SKU-GROC-09356,309,Wellington,2026-05-22
SKU-HEAL-11399,193,Adelaide,2026-07-03
SKU-APPA-02222,305,Wellington,2026-05-02
SKU-GROC-09598,189,Auckland,2026-05-10
SKU-ELEC-00325,112,Auckland,2026-06-13
SKU-HOME-02782,298,Melbourne,2026-07-27
SKU-BEAU-04832,453,Perth,2026-01-18
SKU-ELEC-00626,323,Christchurch,2026-02-17
SKU-BEAU-05899,,Adelaide,2026-06-24
SKU-TOYS-06591,23,Sydney,2026-06-05
SKU-HOME-02980,391,Christchurch,2026-07-11
SKU-SPOR-04401,466,Auckland,2026-05-07
SKU-APPA-01801,133,Auckland,2026-04-06
SKU-OFFI-10175,185,Adelaide,2026-01-15
SKU-AUTO-08046,42,Perth,2026-02-16
SKU-GROC-08973,259,Brisbane,2026-03-12
SKU-HEAL-11505,,Brisbane,2026-06-27
SKU-OFFI-10287,117,Brisbane,2026-01-19
SKU-BEAU-05844,444,Wellington,2026-05-02
SKU-ELEC-00177,330,Brisbane,2026-01-07
SKU-HOME-02663,498,Adelaide,2026-04-28
SKU-SPOR-04627,81,Melbourne,2026-02-06
SKU-APPA-02067,8,Sydney,2026-04-15
SKU-ELEC-00755,482,Auckland,2026-04-09
SKU-GROC-08979,407,Christchurch,2026-05-18
SKU-AUTO-07391,82,Wellington,2026-05-05
SKU-GROC-08716,354,Brisbane,2026-06-01
SKU-BEAU-05657,366,Wellington,2026-02-19
SKU-BEAU-04816,245,Melbourne,2026-05-16
SKU-ELEC-00169,499,Melbourne,2026-07-14
SKU-ELEC-00771,434,Sydney,2026-04-06
SKU-APPA-02346,61,Perth,2026-03-06
SKU-AUTO-07299,67,Wellington,2026-06-10
SKU-GROC-09194,165,Brisbane,2026-02-12
SKU-APPA-01772,150,Sydney,2026-06-21
SKU-SPOR-04190,451,Brisbane,2026-07-19
SKU-APPA-01920,241,Melbourne,2026-07-03
SKU-ELEC-00457,432,Perth,2026-05-17
SKU-BEAU-04806,170,Brisbane,2026-03-11
SKU-ELEC-00652,347,Sydney,2026-03-22
SKU-APPA-01252,242,Wellington,2026-01-22
SKU-OFFI-09920,41,Melbourne,2026-01-27
SKU-SPOR-04356,475,Wellington,2026-06-08
SKU-BEAU-05869,428,Christchurch,2026-07-26
SKU-HOME-03217,420,Auckland,2026-07-22
SKU-AUTO-08106,277,Sydney,2026-02-05
SKU-BEAU-05870,,Perth,2026-07-05
SKU-HEAL-11678,54,Auckland,2026-06-04
SKU-HEAL-11263,312,Wellington,2026-01-23
SKU-ELEC-00175,377,Auckland,2026-02-13
SKU-TOYS-06559,186,Perth,2026-06-12
SKU-OFFI-09993,491,Melbourne,2026-06-25
SKU-HEAL-11475,357,Sydney,2026-06-06
SKU-HEAL-10994,,Brisbane,2026-07-24
SKU-APPA-01573,83,Melbourne,2026-03-09
SKU-SPOR-04237,492,Christchurch,2026-02-25
SKU-SPOR-04516,,Christchurch,2026-01-02
SKU-BEAU-05245,433,Wellington,2026-04-26
SKU-APPA-01955,392,Wellington,2026-05-11
SKU-ELEC-00580,7,Auckland,2026-03-13
SKU-TOYS-06016,,Sydney,2026-04-06
SKU-HEAL-11699,417,Christchurch,2026-03-18
SKU-TOYS-06026,262,Adelaide,2026-01-05
SKU-OFFI-09728,115,Melbourne,2026-05-09
SKU-AUTO-07886,140,Sydney,2026-03-01
SKU-AUTO-07566,443,Auckland,2026-02-24
SKU-HOME-03580,160,Melbourne,2026-07-11
SKU-HOME-03492,362,Brisbane,2026-06-18
SKU-APPA-02192,84,Sydney,2026-05-05
SKU-HOME-03257,419,Wellington,2026-05-21
SKU-HEAL-11075,488,Sydney,2026-03-05
SKU-AUTO-07447,,Auckland,2026-07-02
SKU-OFFI-10087,214,Melbourne,2026-05-20
SKU-SPOR-03964,465,Brisbane,2026-03-19
SKU-AUTO-07442,98,Adelaide,2026-01-14
SKU-TOYS-06277,286,Auckland,2026-06-10
SKU-APPA-01442,160,Melbourne,2026-07-04
SKU-ELEC-00853,373,Sydney,2026-04-08
SKU-HEAL-11049,321,Sydney,2026-02-01
SKU-TOYS-06247,63,Sydney,2026-04-20
SKU-HOME-03162,400,Wellington,2026-04-25
SKU-HEAL-11323,217,Melbourne,2026-02-06
SKU-APPA-02076,209,Auckland,2026-01-26
SKU-OFFI-10622,347,Adelaide,2026-04-22
SKU-HOME-03344,100,Auckland,2026-04-26
SKU-ELEC-00198,175,Sydney,2026-06-28
SKU-AUTO-07208,370,Brisbane,2026-01-21
SKU-GROC-09078,,Perth,2026-07-04
SKU-ELEC-00898,105,Christchurch,2026-05-22
SKU-BEAU-05200,221,Auckland,2026-01-10
SKU-HOME-03088,429,Brisbane,2026-06-02
SKU-OFFI-10098,94,Melbourne,2026-01-13
SKU-TOYS-07034,207,Wellington,2026-02-03
SKU-TOYS-06217,,Wellington,2026-04-27
SKU-AUTO-07577,50,Sydney,2026-06-27
SKU-HOME-02878,175,Adelaide,2026-06-14
SKU-SPOR-04087,358,Adelaide,2026-04-06
SKU-GROC-08669,131,Christchurch,2026-06-01
SKU-BEAU-05658,361,Melbourne,2026-01-11
SKU-AUTO-07572,379,Melbourne,2026-05-04
SKU-BEAU-04860,246,Brisbane,2026-05-20
SKU-HOME-02875,474,Sydney,2026-03-03
SKU-BEAU-05191,335,Auckland,2026-05-09
SKU-AUTO-07300,383,Melbourne,2026-03-14
SKU-GROC-08650,452,Perth,2026-06-18
SKU-OFFI-10454,170,Brisbane,2026-07-03
SKU-GROC-08642,104,Auckland,2026-04-23
SKU-ELEC-00052,120,Auckland,2026-02-20
SKU-OFFI-09615,284,Adelaide,2026-04-28
SKU-TOYS-06017,,Sydney,2026-06-18
SKU-TOYS-06479,222,Auckland,2026-01-06
SKU-HEAL-11717,298,Sydney,2026-05-11
SKU-ELEC-00007,62,Sydney,2026-04-05
SKU-TOYS-06859,474,Brisbane,2026-05-23
SKU-BEAU-05571,455,Sydney,2026-02-03
SKU-SPOR-03991,225,Perth,2026-07-02
SKU-AUTO-07945,,Sydney,2026-04-09
SKU-HOME-02881,13,Sydney,2026-04-16
SKU-TOYS-06740,181,Adelaide,2026-04-19
SKU-BEAU-05021,390,Wellington,2026-07-08
SKU-TOYS-06489,169,Sydney,2026-04-16
SKU-TOYS-06894,245,Sydney,2026-05-09
SKU-AUTO-07471,172,Brisbane,2026-04-18
SKU-AUTO-07530,426,Melbourne,2026-01-28
SKU-ELEC-00149,315,Wellington,2026-04-19
SKU-AUTO-07494,187,Wellington,2026-01-17
SKU-SPOR-03611,50,Melbourne,2026-06-21
SKU-SPOR-03912,,Melbourne,2026-01-24
SKU-AUTO-08378,246,Perth,2026-06-17
SKU-GROC-08740,222,Auckland,2026-04-17
SKU-APPA-02260,308,Christchurch,2026-06-10
SKU-GROC-09578,257,Auckland,2026-06-26
SKU-SPOR-04362,8,Perth,2026-06-22
SKU-APPA-01364,,Wellington,2026-06-12
SKU-SPOR-03862,468,Auckland,2026-02-01
SKU-GROC-08988,396,Wellington,2026-06-01
SKU-TOYS-07070,343,Wellington,2026-06-24
SKU-GROC-08437,288,Auckland,2026-03-27
SKU-OFFI-09707,159,Sydney,2026-07-24
SKU-TOYS-06588,21,Adelaide,2026-03-28
SKU-SPOR-04255,122,Adelaide,2026-05-13
SKU-ELEC-00561,171,Brisbane,2026-02-07
SKU-SPOR-03633,391,Perth,2026-01-09
SKU-BEAU-05562,,Sydney,2026-02-01
SKU-BEAU-05004,265,Sydney,2026-02-12
SKU-HEAL-11518,350,Adelaide,2026-06-25
SKU-TOYS-06390,89,Christchurch,2026-01-14
SKU-ELEC-00223,427,Brisbane,2026-07-13
SKU-GROC-09231,332,Melbourne,2026-04-09
SKU-GROC-08800,482,Brisbane,2026-01-11
SKU-GROC-08559,247,Sydney,2026-02-10
SKU-GROC-09215,284,Christchurch,2026-06-22
SKU-TOYS-06942,132,Perth,2026-02-24
SKU-TOYS-06613,346,Sydney,2026-07-28
SKU-HOME-03356,183,Melbourne,2026-06-20
SKU-HEAL-10899,210,Christchurch,2026-03-11
SKU-ELEC-00500,62,Adelaide,2026-01-01
SKU-OFFI-09799,48,Melbourne,2026-01-13
SKU-HOME-03075,245,Sydney,2026-04-27
SKU-AUTO-07311,,Christchurch,2026-06-12
SKU-OFFI-10593,30,Adelaide,2026-05-07
SKU-ELEC-00641,238,Brisbane,2026-02-25
SKU-HEAL-11359,312,Brisbane,2026-03-04
SKU-HOME-03313,489,Perth,2026-05-20
SKU-GROC-09097,323,Christchurch,2026-07-03
SKU-TOYS-06246,,Sydney,2026-01-25
SKU-TOYS-06291,406,Brisbane,2026-02-22
SKU-TOYS-06620,103,Melbourne,2026-01-04
SKU-BEAU-04924,109,Adelaide,2026-04-23
SKU-HOME-03152,191,Wellington,2026-01-05
SKU-HEAL-10861,201,Sydney,2026-06-24
SKU-HEAL-11161,391,Perth,2026-06-03
SKU-OFFI-10390,264,Adelaide,2026-04-12
SKU-TOYS-06434,477,Auckland,2026-03-05
SKU-SPOR-03650,109,Adelaide,2026-03-02
SKU-GROC-08635,4,Adelaide,2026-01-01
SKU-ELEC-01130,234,Sydney,2026-02-15
SKU-HEAL-11529,338,Adelaide,2026-07-26
SKU-BEAU-05136,117,Melbourne,2026-03-15
SKU-ELEC-00973,0,Christchurch,2026-03-04
SKU-ELEC-01189,61,Wellington,2026-05-14
SKU-OFFI-10141,394,Brisbane,2026-07-15
SKU-OFFI-10553,499,Brisbane,2026-04-05
SKU-AUTO-07739,417,Perth,2026-03-24
SKU-SPOR-04650,332,Melbourne,2026-05-21
SKU-HEAL-11810,190,Sydney,2026-02-20
SKU-ELEC-01136,82,Auckland,2026-02-06
SKU-GROC-09384,387,Christchurch,2026-07-08
SKU-HEAL-11825,128,Melbourne,2026-05-13
SKU-OFFI-10227,458,Perth,2026-02-18
SKU-HOME-02765,42,Wellington,2026-02-17
SKU-OFFI-10648,445,Melbourne,2026-01-09
SKU-ELEC-01048,,Adelaide,2026-03-14
SKU-TOYS-06786,451,Christchurch,2026-07-11
SKU-AUTO-07900,118,Auckland,2026-02-13
SKU-APPA-02179,61,Christchurch,2026-02-28
SKU-AUTO-07908,332,Melbourne,2026-06-06
SKU-OFFI-10611,170,Sydney,2026-04-27
SKU-ELEC-00253,467,Melbourne,2026-01-15
SKU-GROC-09008,316,Perth,2026-07-28
SKU-HEAL-11487,,Adelaide,2026-06-11
SKU-AUTO-08137,188,Perth,2026-03-15
SKU-OFFI-10772,101,Wellington,2026-02-20
SKU-HOME-02506,291,Melbourne,2026-01-17
SKU-BEAU-04975,401,Sydney,2026-02-25
SKU-GROC-09103,457,Wellington,2026-03-04
SKU-TOYS-07126,253,Auckland,2026-01-28
SKU-BEAU-05052,312,Melbourne,2026-02-24
SKU-HEAL-11649,253,Auckland,2026-05-15
SKU-ELEC-01001,377,Brisbane,2026-06-15
SKU-TOYS-07058,,Christchurch,2026-05-28
SKU-APPA-02215,,Auckland,2026-05-28
SKU-BEAU-05728,402,Sydney,2026-01-28
SKU-APPA-01518,389,Auckland,2026-03-04
SKU-AUTO-07833,18,Brisbane,2026-07-04
SKU-HEAL-11465,8,Wellington,2026-06-26
SKU-ELEC-00203,,Melbourne,2026-04-27
SKU-APPA-01223,2,Christchurch,2026-01-03
SKU-GROC-08990,157,Adelaide,2026-01-04
SKU-BEAU-05767,385,Auckland,2026-05-15
SKU-APPA-01718,221,Perth,2026-03-15
SKU-TOYS-06898,273,Wellington,2026-02-28
SKU-GROC-08575,347,Wellington,2026-06-13
SKU-GROC-09098,221,Perth,2026-03-20
SKU-AUTO-08123,446,Melbourne,2026-07-11
SKU-AUTO-07647,460,Perth,2026-05-16
SKU-GROC-08469,471,Brisbane,2026-01-24
SKU-ELEC-00442,382,Christchurch,2026-06-23
SKU-HEAL-10883,14,Perth,2026-01-22
SKU-HEAL-11731,,Perth,2026-04-25
SKU-HOME-02858,486,Perth,2026-04-25
SKU-TOYS-06927,223,Sydney,2026-04-10
SKU-OFFI-10038,498,Christchurch,2026-02-09
SKU-HEAL-11981,208,Sydney,2026-03-13
SKU-SPOR-04680,426,Sydney,2026-03-14
SKU-BEAU-05550,303,Auckland,2026-01-03
SKU-SPOR-03845,191,Adelaide,2026-01-27
SKU-APPA-02105,466,Perth,2026-02-06
SKU-TOYS-06174,,Christchurch,2026-04-28
SKU-OFFI-09843,139,Adelaide,2026-05-23
SKU-AUTO-07876,161,Auckland,2026-03-24
SKU-ELEC-00812,325,Auckland,2026-06-23
SKU-OFFI-10041,236,Brisbane,2026-01-22
SKU-OFFI-10000,463,Brisbane,2026-04-09
SKU-GROC-09001,193,Wellington,2026-07-02
SKU-APPA-02361,420,Christchurch,2026-02-23
SKU-AUTO-07274,55,Auckland,2026-07-12
SKU-AUTO-07854,294,Wellington,2026-01-18
SKU-APPA-02293,78,Perth,2026-02-27
SKU-APPA-02382,100,Christchurch,2026-01-18
SKU-HOME-02763,170,Auckland,2026-07-27
SKU-APPA-02148,306,Wellington,2026-05-28
SKU-APPA-01520,155,Adelaide,2026-06-05
SKU-TOYS-06780,167,Wellington,2026-03-13
SKU-HOME-03456,280,Sydney,2026-02-09
SKU-APPA-01683,225,Adelaide,2026-07-10
SKU-ELEC-00147,20,Perth,2026-03-23
SKU-HEAL-11949,139,Wellington,2026-07-20
SKU-TOYS-06661,5,Wellington,2026-07-08
SKU-GROC-08553,357,Adelaide,2026-03-18
SKU-HEAL-11452,11,Perth,2026-01-20
SKU-GROC-09170,225,Melbourne,2026-02-24
SKU-GROC-09171,185,Melbourne,2026-07-23
SKU-TOYS-06332,,Auckland,2026-01-11
SKU-APPA-01418,155,Auckland,2026-03-18
SKU-APPA-01984,66,Christchurch,2026-04-12
SKU-BEAU-05549,429,Auckland,2026-01-25
SKU-AUTO-08131,,Sydney,2026-07-04
SKU-APPA-02386,20,Perth,2026-07-26
SKU-BEAU-05255,375,Christchurch,2026-02-10
SKU-GROC-09202,440,Melbourne,2026-03-23
SKU-HEAL-11589,335,Perth,2026-06-02
SKU-HOME-03483,443,Perth,2026-03-13
SKU-SPOR-03975,183,Brisbane,2026-06-01
SKU-AUTO-07227,94,Sydney,2026-02-17
SKU-HOME-02694,244,Adelaide,2026-06-02
SKU-AUTO-07335,465,Auckland,2026-01-02
SKU-SPOR-03772,470,Wellington,2026-01-18
SKU-TOYS-06356,111,Melbourne,2026-06-02
SKU-HEAL-11504,321,Melbourne,2026-03-13
SKU-BEAU-05053,230,Adelaide,2026-05-08
SKU-GROC-08708,116,Perth,2026-04-22
SKU-APPA-01529,43,Auckland,2026-04-19
SKU-BEAU-05489,290,Adelaide,2026-02-08
SKU-HOME-03315,235,Wellington,2026-07-08
SKU-HOME-03205,308,Brisbane,2026-01-28
SKU-AUTO-08161,116,Adelaide,2026-04-21
SKU-APPA-02171,415,Melbourne,2026-07-04
SKU-HEAL-11578,97,Christchurch,2026-05-28
SKU-HOME-02846,154,Wellington,2026-02-26
SKU-ELEC-00410,156,Perth,2026-06-24
SKU-GROC-09369,285,Sydney,2026-05-11
SKU-BEAU-04922,109,Sydney,2026-04-04
SKU-OFFI-10459,267,Brisbane,2026-03-22
SKU-OFFI-09875,264,Adelaide,2026-03-27
SKU-SPOR-04270,448,Wellington,2026-05-22
SKU-TOYS-07091,425,Christchurch,2026-03-12
SKU-HEAL-11747,338,Auckland,2026-02-13
SKU-ELEC-01068,487,Auckland,2026-02-02
SKU-TOYS-06274,388,Christchurch,2026-04-28
SKU-HEAL-11611,424,Adelaide,2026-07-05
SKU-GROC-08499,200,Brisbane,2026-04-07
SKU-GROC-08853,357,Adelaide,2026-04-20
SKU-HOME-02755,463,Wellington,2026-06-23
SKU-TOYS-06734,58,Melbourne,2026-05-09
SKU-BEAU-04845,384,Christchurch,2026-04-15
SKU-AUTO-07654,323,Perth,2026-04-14
SKU-SPOR-03717,280,Auckland,2026-05-23
SKU-APPA-01449,353,Wellington,2026-07-09
SKU-HOME-03524,460,Adelaide,2026-01-09
SKU-BEAU-05755,102,Auckland,2026-01-03
SKU-APPA-02189,171,Perth,2026-04-27
SKU-OFFI-09620,97,Melbourne,2026-04-09
SKU-SPOR-04545,263,Sydney,2026-06-28
SKU-ELEC-00183,62,Adelaide,2026-05-25
SKU-GROC-08667,153,Wellington,2026-01-13
SKU-APPA-02286,459,Wellington,2026-04-08
SKU-HOME-03077,,Sydney,2026-04-06
SKU-GROC-08801,489,Adelaide,2026-05-14
SKU-HEAL-10953,28,Brisbane,2026-02-19
SKU-BEAU-05170,439,Melbourne,2026-07-04
SKU-OFFI-10292,4,Adelaide,2026-02-18
SKU-BEAU-05980,491,Auckland,2026-03-19
SKU-GROC-08612,400,Wellington,2026-02-19
SKU-OFFI-10137,,Christchurch,2026-06-13
SKU-BEAU-05241,425,Sydney,2026-07-04
SKU-HOME-03275,457,Wellington,2026-03-07
SKU-HOME-02749,288,Christchurch,2026-06-07
SKU-AUTO-07852,135,Melbourne,2026-03-09
SKU-BEAU-05605,387,Christchurch,2026-02-15
SKU-SPOR-04319,408,Wellington,2026-05-04
SKU-APPA-01312,415,Melbourne,2026-03-27
SKU-APPA-02251,149,Perth,2026-03-16
SKU-AUTO-07676,210,Perth,2026-07-17
SKU-HEAL-11173,161,Perth,2026-07-11
SKU-GROC-09491,166,Auckland,2026-04-14
SKU-OFFI-10116,346,Wellington,2026-03-06
SKU-BEAU-05118,470,Wellington,2026-01-09
SKU-GROC-09563,455,Wellington,2026-01-27
SKU-HOME-03161,120,Wellington,2026-06-16
SKU-BEAU-05712,391,Brisbane,2026-06-06
SKU-AUTO-07502,75,Brisbane,2026-05-15
SKU-APPA-01993,459,Melbourne,2026-02-12
SKU-ELEC-01105,,Auckland,2026-06-27
SKU-SPOR-04302,395,Melbourne,2026-02-13
SKU-HEAL-11080,492,Wellington,2026-01-07
SKU-BEAU-05432,72,Adelaide,2026-01-02
SKU-ELEC-00889,319,Christchurch,2026-06-12
SKU-GROC-08560,133,Christchurch,2026-03-17
SKU-ELEC-00328,312,Brisbane,2026-03-08
SKU-TOYS-06219,455,Christchurch,2026-02-28
SKU-SPOR-04035,496,Perth,2026-03-28
SKU-SPOR-03978,372,Perth,2026-07-06
SKU-GROC-09473,98,Adelaide,2026-04-21
SKU-APPA-01284,489,Sydney,2026-05-21
SKU-HOME-03474,381,Adelaide,2026-03-25
SKU-SPOR-03672,,Adelaide,2026-02-11
SKU-BEAU-05863,74,Adelaide,2026-02-23
SKU-OFFI-09734,296,Perth,2026-07-19
SKU-AUTO-07878,243,Wellington,2026-02-15
SKU-BEAU-04960,219,Christchurch,2026-01-22
SKU-SPOR-03695,70,Christchurch,2026-05-11
SKU-SPOR-04697,417,Brisbane,2026-04-22
SKU-ELEC-00446,60,Perth,2026-02-10
SKU-BEAU-05555,107,Wellington,2026-03-18
SKU-SPOR-04177,165,Christchurch,2026-04-07
SKU-HEAL-11546,85,Brisbane,2026-04-23
SKU-AUTO-08283,201,Adelaide,2026-02-24
SKU-ELEC-00943,18,Adelaide,2026-07-09
SKU-SPOR-04292,1,Perth,2026-04-03
SKU-OFFI-09831,481,Perth,2026-02-10
SKU-HEAL-11308,141,Adelaide,2026-07-23
SKU-BEAU-05726,33,Brisbane,2026-05-23
SKU-ELEC-00885,177,Adelaide,2026-04-01
SKU-GROC-09407,90,Sydney,2026-05-05
SKU-OFFI-10568,414,Christchurch,2026-04-23
SKU-TOYS-06555,88,Christchurch,2026-01-05
SKU-SPOR-04214,328,Christchurch,2026-05-15
SKU-TOYS-06880,270,Perth,2026-05-03
SKU-SPOR-04550,154,Auckland,2026-07-02
SKU-BEAU-04883,429,Christchurch,2026-04-12
SKU-HEAL-11705,485,Perth,2026-03-27
SKU-APPA-01451,317,Melbourne,2026-07-10
SKU-HEAL-11436,346,Perth,2026-05-11
SKU-OFFI-10139,124,Melbourne,2026-01-01
SKU-GROC-09500,320,Perth,2026-02-17
SKU-HEAL-11913,13,Adelaide,2026-02-27
SKU-GROC-09525,492,Wellington,2026-02-10
SKU-TOYS-07096,446,Brisbane,2026-04-15
SKU-AUTO-08231,458,Melbourne,2026-06-24
SKU-BEAU-05394,422,Melbourne,2026-06-14
SKU-GROC-08727,495,Sydney,2026-02-23
SKU-OFFI-10248,54,Christchurch,2026-05-05
SKU-HOME-02502,495,Sydney,2026-06-18
SKU-BEAU-05585,116,Christchurch,2026-06-09
SKU-OFFI-09991,110,Melbourne,2026-07-19
SKU-GROC-08757,302,Adelaide,2026-02-16
SKU-BEAU-05062,444,Christchurch,2026-07-17
SKU-OFFI-10218,83,Sydney,2026-07-16
SKU-SPOR-04716,20,Melbourne,2026-03-23
SKU-HEAL-11235,,Christchurch,2026-07-06
SKU-HEAL-11642,102,Adelaide,2026-01-03
SKU-OFFI-10079,233,Auckland,2026-07-08
SKU-HOME-03327,100,Wellington,2026-06-18
SKU-AUTO-07913,319,Auckland,2026-01-12
SKU-TOYS-06250,257,Melbourne,2026-07-10
SKU-SPOR-04696,269,Wellington,2026-03-06
SKU-AUTO-07244,217,Wellington,2026-01-14
SKU-SPOR-04089,152,Auckland,2026-02-04
SKU-AUTO-07992,470,Auckland,2026-03-03
SKU-GROC-08692,442,Sydney,2026-01-27
SKU-OFFI-10555,189,Melbourne,2026-04-17
SKU-BEAU-05312,454,Auckland,2026-01-15
SKU-OFFI-10447,378,Melbourne,2026-04-06
SKU-HOME-02993,173,Perth,2026-07-04
SKU-HEAL-11855,207,Melbourne,2026-04-12
SKU-TOYS-06315,82,Adelaide,2026-07-01
SKU-BEAU-05686,58,Melbourne,2026-05-25
SKU-HEAL-11199,,Christchurch,2026-04-16
SKU-ELEC-00598,72,Christchurch,2026-06-10
SKU-BEAU-05824,104,Brisbane,2026-01-19
SKU-SPOR-03653,143,Wellington,2026-06-15
SKU-APPA-01950,289,Brisbane,2026-01-02
SKU-HOME-02574,452,Adelaide,2026-04-25
SKU-BEAU-05049,447,Melbourne,2026-03-08
SKU-HEAL-10841,339,Melbourne,2026-04-01
SKU-ELEC-00863,188,Melbourne,2026-04-04
SKU-OFFI-10144,297,Wellington,2026-02-24
SKU-AUTO-07800,154,Auckland,2026-02-23
SKU-GROC-08471,59,Brisbane,2026-05-25
SKU-HEAL-11569,182,Brisbane,2026-07-24
SKU-HOME-03016,85,Auckland,2026-01-11
SKU-TOYS-06108,252,Melbourne,2026-06-27
SKU-HEAL-11771,,Melbourne,2026-07-19
SKU-HOME-03583,24,Brisbane,2026-03-15
SKU-SPOR-03660,,Sydney,2026-07-22
SKU-TOYS-06158,468,Perth,2026-05-24
SKU-HOME-03343,181,Brisbane,2026-04-13
SKU-AUTO-07496,336,Wellington,2026-01-28
SKU-HEAL-11392,475,Adelaide,2026-05-02
SKU-OFFI-10411,197,Melbourne,2026-04-17
SKU-OFFI-10482,379,Auckland,2026-01-20
SKU-OFFI-10224,267,Perth,2026-01-11
SKU-TOYS-07105,442,Brisbane,2026-05-21
SKU-APPA-02257,367,Wellington,2026-05-07
SKU-APPA-02240,106,Wellington,2026-04-03
SKU-APPA-01507,105,Perth,2026-04-25
SKU-HEAL-11228,436,Wellington,2026-04-24
SKU-GROC-08724,,Christchurch,2026-02-18
SKU-AUTO-08022,0,Auckland,2026-06-08
SKU-GROC-08602,400,Melbourne,2026-05-22
SKU-TOYS-06460,299,Adelaide,2026-04-22
SKU-GROC-08792,142,Wellington,2026-05-06
SKU-APPA-02332,141,Auckland,2026-01-14
SKU-HOME-02441,97,Auckland,2026-04-20
SKU-ELEC-00447,257,Christchurch,2026-06-18
SKU-HEAL-11995,271,Perth,2026-07-02
SKU-ELEC-00706,303,Adelaide,2026-04-11
SKU-GROC-08723,,Brisbane,2026-01-20
SKU-GROC-09045,397,Christchurch,2026-04-24
SKU-TOYS-06716,105,Sydney,2026-03-03
SKU-ELEC-00694,418,Adelaide,2026-07-16
SKU-SPOR-04374,,Melbourne,2026-01-02
SKU-TOYS-06545,463,Perth,2026-05-26
SKU-GROC-09166,412,Brisbane,2026-05-09
SKU-AUTO-08181,286,Adelaide,2026-06-04
SKU-AUTO-07655,69,Brisbane,2026-06-04
SKU-HOME-02886,153,Auckland,2026-02-18
SKU-TOYS-07008,231,Perth,2026-03-06
SKU-ELEC-00282,330,Wellington,2026-07-16
SKU-ELEC-00766,488,Sydney,2026-06-20
SKU-GROC-08636,269,Melbourne,2026-01-14
SKU-ELEC-00616,254,Brisbane,2026-03-03
SKU-GROC-08860,56,Wellington,2026-01-21
SKU-BEAU-05926,156,Wellington,2026-05-12
SKU-AUTO-08196,173,Christchurch,2026-03-18
SKU-APPA-02000,299,Sydney,2026-07-10
SKU-HEAL-10836,463,Sydney,2026-03-25
SKU-AUTO-07934,383,Perth,2026-05-27
SKU-OFFI-09926,40,Melbourne,2026-07-11
SKU-AUTO-08303,119,Christchurch,2026-06-17
SKU-GROC-09199,40,Christchurch,2026-06-13
SKU-BEAU-05219,389,Adelaide,2026-01-24
SKU-TOYS-07194,,Sydney,2026-03-13
SKU-AUTO-07824,1,Sydney,2026-01-03
SKU-SPOR-03754,436,Wellington,2026-05-03
SKU-TOYS-06693,254,Adelaide,2026-04-12
SKU-GROC-09550,131,Perth,2026-05-28
SKU-ELEC-01020,158,Melbourne,2026-07-28
SKU-APPA-01775,306,Melbourne,2026-07-20
SKU-HOME-02815,240,Christchurch,2026-06-08
SKU-APPA-01267,252,Perth,2026-07-05
SKU-AUTO-07694,231,Auckland,2026-01-09
SKU-BEAU-05587,477,Adelaide,2026-05-04
SKU-BEAU-05437,48,Christchurch,2026-02-27
SKU-ELEC-01193,347,Auckland,2026-06-17
SKU-AUTO-08361,0,Brisbane,2026-02-03
SKU-HOME-02802,6,Adelaide,2026-06-20
SKU-APPA-02029,,Auckland,2026-01-19
SKU-SPOR-04753,398,Auckland,2026-04-24
SKU-ELEC-01043,189,Sydney,2026-02-01
SKU-OFFI-10164,426,Christchurch,2026-05-08
SKU-TOYS-07174,292,Sydney,2026-02-13
SKU-APPA-01528,264,Christchurch,2026-06-10
SKU-OFFI-10712,412,Melbourne,2026-04-17
SKU-AUTO-07515,231,Perth,2026-06-18
SKU-ELEC-00865,46,Wellington,2026-04-17
SKU-BEAU-05609,281,Wellington,2026-05-13
SKU-OFFI-10259,256,Sydney,2026-03-13
SKU-OFFI-10732,,Brisbane,2026-03-15
SKU-HOME-03503,175,Melbourne,2026-01-25
SKU-TOYS-06378,244,Perth,2026-06-10
SKU-BEAU-05339,360,Sydney,2026-03-14
SKU-HEAL-10838,,Perth,2026-04-25
SKU-HEAL-11025,472,Wellington,2026-07-07
SKU-ELEC-00389,277,Brisbane,2026-02-13
SKU-TOYS-06698,408,Christchurch,2026-01-22
SKU-TOYS-06793,48,Sydney,2026-07-19
SKU-GROC-08932,116,Brisbane,2026-03-26
SKU-TOYS-07020,484,Perth,2026-04-12
SKU-GROC-08515,14,Melbourne,2026-04-06
SKU-ELEC-01139,368,Brisbane,2026-01-01
SKU-HOME-02691,173,Wellington,2026-01-02
SKU-GROC-09247,252,Brisbane,2026-02-08
SKU-TOYS-06141,439,Christchurch,2026-04-25
SKU-TOYS-06655,459,Perth,2026-07-10
SKU-GROC-09026,338,Christchurch,2026-07-12
SKU-HEAL-11800,400,Auckland,2026-06-11
SKU-SPOR-03906,240,Sydney,2026-06-23
SKU-ELEC-01035,231,Auckland,2026-06-14
SKU-ELEC-00455,282,Auckland,2026-03-18
SKU-TOYS-06145,100,Brisbane,2026-07-16
SKU-APPA-01757,193,Auckland,2026-03-16
SKU-TOYS-06379,136,Perth,2026-07-06
SKU-OFFI-09987,0,Christchurch,2026-01-12
SKU-APPA-01599,34,Sydney,2026-02-21
SKU-OFFI-10763,41,Sydney,2026-05-05
SKU-HOME-03495,417,Sydney,2026-06-14
SKU-GROC-09094,425,Adelaide,2026-03-18
SKU-HEAL-11472,103,Wellington,2026-04-01
SKU-BEAU-05744,302,Adelaide,2026-01-13
SKU-BEAU-04914,438,Wellington,2026-05-09
SKU-HEAL-11369,435,Melbourne,2026-05-10
SKU-AUTO-07958,351,Sydney,2026-07-25
SKU-OFFI-10481,350,Wellington,2026-02-28
SKU-ELEC-00552,89,Adelaide,2026-05-24
SKU-OFFI-10249,136,Adelaide,2026-07-28
SKU-ELEC-00956,354,Perth,2026-03-08
SKU-APPA-01901,36,Wellington,2026-05-12
SKU-ELEC-01103,432,Christchurch,2026-06-04
SKU-ELEC-00799,227,Perth,2026-03-16
SKU-APPA-02061,400,Melbourne,2026-07-27
SKU-BEAU-05524,396,Adelaide,2026-01-11
SKU-HOME-02548,23,Sydney,2026-07-19
SKU-ELEC-00613,231,Auckland,2026-06-11
SKU-SPOR-04271,206,Christchurch,2026-03-23
SKU-SPOR-03806,483,Sydney,2026-04-04
SKU-AUTO-07492,115,Adelaide,2026-02-28
SKU-OFFI-09735,402,Wellington,2026-03-16
SKU-BEAU-05641,65,Perth,2026-06-16
SKU-SPOR-04482,251,Perth,2026-04-27
SKU-ELEC-00955,480,Sydney,2026-04-04
SKU-SPOR-03896,182,Christchurch,2026-03-21
SKU-BEAU-05781,262,Perth,2026-05-28
SKU-OFFI-10766,445,Adelaide,2026-03-16
SKU-HEAL-11484,425,Wellington,2026-03-15
SKU-BEAU-05150,,Sydney,2026-07-11
SKU-HEAL-11389,218,Brisbane,2026-02-28
SKU-GROC-08610,379,Wellington,2026-07-08
SKU-APPA-01270,,Auckland,2026-03-23
SKU-AUTO-08371,399,Adelaide,2026-05-15
SKU-APPA-01800,252,Adelaide,2026-04-08
SKU-OFFI-10190,206,Melbourne,2026-01-08
SKU-HOME-03148,138,Brisbane,2026-02-18
SKU-BEAU-05717,104,Melbourne,2026-02-01
SKU-BEAU-05404,478,Auckland,2026-06-01
SKU-GROC-09117,306,Brisbane,2026-06-23
SKU-BEAU-05842,490,Adelaide,2026-05-22
SKU-AUTO-07325,48,Melbourne,2026-03-13
SKU-HOME-02794,411,Brisbane,2026-01-15
SKU-OFFI-10692,193,Auckland,2026-06-06
SKU-GROC-08788,166,Auckland,2026-06-23
SKU-OFFI-09705,298,Brisbane,2026-05-19
SKU-APPA-01990,329,Sydney,2026-04-11
SKU-HOME-02899,212,Christchurch,2026-01-06
SKU-SPOR-04415,460,Sydney,2026-04-11
SKU-SPOR-04442,296,Adelaide,2026-03-26
SKU-ELEC-00558,346,Perth,2026-02-01
SKU-AUTO-07473,108,Auckland,2026-04-20
SKU-ELEC-00857,422,Brisbane,2026-02-09
SKU-SPOR-03771,225,Auckland,2026-04-11
SKU-SPOR-03921,79,Perth,2026-07-20
SKU-APPA-01250,106,Wellington,2026-06-16
SKU-APPA-01797,142,Adelaide,2026-01-19
SKU-GROC-09261,322,Christchurch,2026-06-16
SKU-OFFI-10095,208,Perth,2026-03-09
SKU-ELEC-00581,248,Sydney,2026-04-03
SKU-HEAL-11310,264,Perth,2026-06-09
SKU-SPOR-03671,284,Melbourne,2026-06-17
SKU-OFFI-10475,11,Wellington,2026-06-25
SKU-OFFI-10252,332,Wellington,2026-07-23
SKU-HEAL-11495,234,Adelaide,2026-02-16
SKU-AUTO-07663,451,Wellington,2026-01-05
SKU-AUTO-08391,99,Brisbane,2026-02-13
SKU-ELEC-00728,441,Brisbane,2026-05-09
SKU-OFFI-09969,275,Adelaide,2026-06-17
SKU-HOME-02906,8,Adelaide,2026-05-11
SKU-ELEC-00123,,Christchurch,2026-06-22
SKU-SPOR-04474,454,Christchurch,2026-06-25
SKU-OFFI-09687,344,Wellington,2026-02-17
SKU-SPOR-03681,158,Melbourne,2026-07-01
SKU-ELEC-00105,219,Wellington,2026-02-21
SKU-HOME-03373,344,Sydney,2026-02-17
SKU-SPOR-04794,444,Perth,2026-02-28
SKU-AUTO-07905,447,Sydney,2026-02-01
SKU-TOYS-07184,49,Melbourne,2026-05-11
SKU-BEAU-05865,465,Perth,2026-05-24
SKU-BEAU-05942,2,Wellington,2026-01-26
SKU-AUTO-07317,123,Brisbane,2026-02-03
SKU-BEAU-05037,462,Auckland,2026-05-14
SKU-AUTO-08394,414,Wellington,2026-04-12
SKU-APPA-01505,341,Sydney,2026-06-22
SKU-HEAL-11121,,Adelaide,2026-05-14
SKU-BEAU-04836,,Auckland,2026-02-28
SKU-AUTO-08085,222,Christchurch,2026-02-08
SKU-OFFI-09678,116,Brisbane,2026-05-22
SKU-APPA-02394,109,Melbourne,2026-05-10
SKU-HEAL-11178,101,Wellington,2026-01-07
SKU-OFFI-10146,311,Adelaide,2026-04-18
SKU-BEAU-04947,303,Sydney,2026-06-10
SKU-HEAL-10936,254,Melbourne,2026-06-21
SKU-HEAL-11398,346,Wellington,2026-03-28
SKU-AUTO-08259,469,Melbourne,2026-06-04
SKU-OFFI-10199,301,Melbourne,2026-06-04
SKU-TOYS-06750,383,Christchurch,2026-05-02
SKU-BEAU-05534,452,Melbourne,2026-05-11
SKU-ELEC-00330,155,Melbourne,2026-04-17
SKU-TOYS-06478,383,Sydney,2026-02-18
SKU-OFFI-10780,50,Sydney,2026-05-27
SKU-GROC-09037,382,Wellington,2026-04-02
SKU-GROC-08700,161,Perth,2026-01-17
SKU-GROC-08640,239,Auckland,2026-02-19
SKU-OFFI-10435,462,Christchurch,2026-04-01
SKU-TOYS-06931,,Sydney,2026-05-12
SKU-TOYS-06421,197,Adelaide,2026-03-06
SKU-TOYS-06660,47,Auckland,2026-01-19
SKU-ELEC-00958,221,Adelaide,2026-05-15
SKU-AUTO-07783,163,Auckland,2026-03-18
SKU-BEAU-05387,382,Perth,2026-04-09
SKU-APPA-01204,202,Christchurch,2026-02-24
SKU-GROC-09053,312,Sydney,2026-01-21
SKU-BEAU-05537,61,Wellington,2026-07-09
SKU-AUTO-08021,155,Brisbane,2026-03-24
SKU-OFFI-10200,,Brisbane,2026-03-18
SKU-OFFI-10487,482,Melbourne,2026-07-03
SKU-APPA-02393,27,Melbourne,2026-05-18
SKU-AUTO-07999,295,Melbourne,2026-07-17
SKU-OFFI-09937,364,Wellington,2026-06-04
SKU-SPOR-03851,448,Adelaide,2026-06-24
SKU-APPA-02139,226,Auckland,2026-01-06
SKU-ELEC-00543,178,Brisbane,2026-03-25
SKU-GROC-09589,60,Sydney,2026-01-20
SKU-BEAU-06000,494,Brisbane,2026-04-11
SKU-ELEC-00459,259,Auckland,2026-03-04
SKU-AUTO-07276,279,Wellington,2026-05-21
SKU-OFFI-10160,78,Melbourne,2026-06-22
SKU-APPA-01218,16,Christchurch,2026-05-09
SKU-TOYS-06372,396,Christchurch,2026-06-11
SKU-SPOR-03617,11,Sydney,2026-05-03
SKU-ELEC-00276,112,Melbourne,2026-07-13
SKU-OFFI-10180,9,Christchurch,2026-07-20
SKU-GROC-09308,1,Adelaide,2026-02-09
SKU-SPOR-03689,393,Adelaide,2026-06-08
SKU-ELEC-00671,171,Wellington,2026-01-06
SKU-GROC-08427,338,Brisbane,2026-07-10
SKU-SPOR-04341,200,Adelaide,2026-03-21
SKU-HEAL-10980,284,Sydney,2026-06-26
SKU-HOME-03484,213,Sydney,2026-04-04
SKU-TOYS-06132,100,Sydney,2026-01-23
SKU-OFFI-10297,51,Brisbane,2026-01-20
SKU-SPOR-03647,164,Adelaide,2026-04-07
SKU-HEAL-11684,444,Wellington,2026-01-11
SKU-HOME-02902,193,Brisbane,2026-06-24
SKU-ELEC-00030,325,Perth,2026-03-12
SKU-ELEC-01050,269,Melbourne,2026-04-05
SKU-APPA-01315,194,Wellington,2026-02-14
SKU-OFFI-09781,312,Sydney,2026-05-17
SKU-OFFI-10446,437,Sydney,2026-04-25
SKU-OFFI-09952,356,Christchurch,2026-01-18
SKU-BEAU-04861,1,Perth,2026-04-08
SKU-ELEC-00980,169,Sydney,2026-02-13
SKU-HOME-02433,261,Wellington,2026-03-20
SKU-OFFI-10498,449,Melbourne,2026-03-04
SKU-HEAL-11374,141,Auckland,2026-02-03
SKU-APPA-01808,128,Christchurch,2026-04-09
SKU-GROC-09549,165,Christchurch,2026-05-15
SKU-BEAU-05770,471,Wellington,2026-05-21
SKU-APPA-01419,377,Sydney,2026-06-22
SKU-HOME-02717,208,Brisbane,2026-07-19
SKU-OFFI-10182,250,Christchurch,2026-06-12
SKU-HEAL-11541,289,Brisbane,2026-06-17
SKU-AUTO-07814,267,Brisbane,2026-02-27
SKU-GROC-08912,244,Perth,2026-01-28
SKU-ELEC-00071,,Perth,2026-01-23
SKU-TOYS-06326,400,Sydney,2026-01-25
SKU-AUTO-07495,163,Wellington,2026-05-28
SKU-TOYS-06917,392,Adelaide,2026-05-26
SKU-HEAL-11628,438,Adelaide,2026-04-26
SKU-GROC-08457,393,Brisbane,2026-06-07
SKU-APPA-02271,183,Adelaide,2026-07-04
SKU-HOME-03180,243,Auckland,2026-03-10
SKU-AUTO-08288,89,Auckland,2026-02-15
SKU-AUTO-07982,354,Perth,2026-01-08
SKU-TOYS-07030,256,Adelaide,2026-03-08
SKU-GROC-09086,486,Wellington,2026-03-13
SKU-OFFI-10509,378,Sydney,2026-05-01
SKU-OFFI-10546,157,Auckland,2026-01-04
SKU-GROC-09070,495,Brisbane,2026-06-11
SKU-ELEC-01023,364,Brisbane,2026-01-24
SKU-ELEC-00136,355,Melbourne,2026-04-10
SKU-ELEC-00456,328,Wellington,2026-04-07
SKU-SPOR-04413,203,Brisbane,2026-04-10
SKU-BEAU-05675,423,Wellington,2026-02-03
SKU-BEAU-05199,220,Melbourne,2026-02-10
SKU-SPOR-04451,205,Brisbane,2026-05-26
SKU-TOYS-07168,366,Melbourne,2026-04-03
SKU-ELEC-00004,218,Christchurch,2026-01-15
SKU-APPA-01932,285,Melbourne,2026-05-01
SKU-BEAU-05559,109,Auckland,2026-01-19
SKU-SPOR-03819,389,Melbourne,2026-03-12
SKU-SPOR-03637,204,Brisbane,2026-07-25
SKU-APPA-01898,220,Adelaide,2026-01-21
SKU-TOYS-06282,390,Christchurch,2026-03-21
SKU-ELEC-00209,465,Sydney,2026-02-19
SKU-ELEC-00211,322,Wellington,2026-04-03
SKU-BEAU-05286,138,Auckland,2026-03-10
SKU-SPOR-03758,347,Brisbane,2026-05-12
SKU-TOYS-07176,331,Perth,2026-07-23
SKU-APPA-02392,282,Christchurch,2026-07-06
SKU-HOME-03422,219,Christchurch,2026-03-19
SKU-APPA-01631,38,Christchurch,2026-03-10
SKU-AUTO-07488,318,Adelaide,2026-01-09
SKU-APPA-02365,374,Brisbane,2026-05-17
SKU-APPA-01834,350,Brisbane,2026-03-17
SKU-OFFI-10300,258,Auckland,2026-04-16
SKU-BEAU-04989,414,Perth,2026-01-16
SKU-ELEC-01126,268,Christchurch,2026-07-28
SKU-GROC-08782,292,Perth,2026-03-02
SKU-APPA-01621,236,Wellington,2026-06-01
SKU-GROC-09465,189,Wellington,2026-01-16
SKU-ELEC-00790,115,Sydney,2026-04-18
SKU-BEAU-05226,361,Christchurch,2026-05-11
SKU-HOME-02579,373,Adelaide,2026-07-04
SKU-GROC-09523,191,Wellington,2026-02-19
SKU-TOYS-06985,124,Melbourne,2026-03-04
SKU-TOYS-06289,242,Brisbane,2026-02-11
SKU-AUTO-08083,342,Perth,2026-04-04
SKU-ELEC-00124,100,Wellington,2026-06-05
SKU-BEAU-05699,366,Auckland,2026-03-09
SKU-HEAL-11746,103,Christchurch,2026-05-03
SKU-AUTO-07514,241,Christchurch,2026-03-08
SKU-BEAU-04990,312,Sydney,2026-05-09
SKU-GROC-08761,217,Brisbane,2026-07-16
SKU-APPA-01385,,Brisbane,2026-02-03
SKU-APPA-02014,30,Christchurch,2026-05-05
SKU-GROC-09401,445,Brisbane,2026-07-08
SKU-GROC-08461,336,Melbourne,2026-02-01
SKU-OFFI-09637,292,Wellington,2026-03-09
SKU-APPA-02307,16,Brisbane,2026-04-03
SKU-BEAU-05026,,Perth,2026-06-14
SKU-SPOR-03998,120,Perth,2026-04-19
SKU-OFFI-10055,15,Auckland,2026-07-03
SKU-HOME-03228,,Wellington,2026-07-17
SKU-OFFI-10366,321,Brisbane,2026-02-14
SKU-GROC-09129,273,Perth,2026-06-22
SKU-AUTO-08190,333,Auckland,2026-02-21
SKU-HEAL-11390,,Wellington,2026-04-21
SKU-APPA-01646,188,Sydney,2026-06-22
SKU-HEAL-11577,472,Melbourne,2026-01-11
SKU-SPOR-04189,256,Melbourne,2026-06-11
SKU-SPOR-03796,4,Sydney,2026-07-04
SKU-APPA-01433,343,Melbourne,2026-04-23
SKU-ELEC-00801,36,Adelaide,2026-02-26
SKU-SPOR-04466,40,Melbourne,2026-01-09
SKU-APPA-01410,112,Adelaide,2026-06-12
SKU-APPA-01711,204,Perth,2026-05-18
SKU-HOME-03593,481,Melbourne,2026-04-16
SKU-HEAL-11521,43,Auckland,2026-04-20
SKU-BEAU-05318,239,Melbourne,2026-06-18
SKU-ELEC-01084,190,Christchurch,2026-06-27
SKU-APPA-01832,169,Auckland,2026-06-12
SKU-SPOR-04260,22,Wellington,2026-03-10
SKU-OFFI-09949,480,Sydney,2026-01-20
SKU-BEAU-04944,42,Wellington,2026-06-07
SKU-APPA-01720,109,Sydney,2026-05-06
SKU-SPOR-04591,0,Christchurch,2026-03-22
SKU-GROC-08818,160,Wellington,2026-03-11
SKU-BEAU-05513,,Auckland,2026-03-10
SKU-APPA-01943,49,Wellington,2026-07-25
SKU-BEAU-05823,86,Sydney,2026-06-26
SKU-AUTO-08398,309,Sydney,2026-04-06
SKU-APPA-01256,339,Adelaide,2026-06-18
SKU-GROC-08605,395,Perth,2026-07-18
SKU-GROC-09000,88,Sydney,2026-06-28
SKU-HOME-03564,279,Melbourne,2026-04-17
SKU-TOYS-06385,51,Melbourne,2026-02-09
SKU-TOYS-07196,99,Christchurch,2026-05-15
SKU-HOME-02951,1,Wellington,2026-05-01
SKU-TOYS-07018,288,Melbourne,2026-04-14
SKU-ELEC-00315,66,Adelaide,2026-06-26
SKU-OFFI-10676,37,Auckland,2026-07-18
SKU-HOME-03363,308,Christchurch,2026-04-11
SKU-AUTO-08116,78,Brisbane,2026-07-12
SKU-BEAU-04876,391,Christchurch,2026-04-08
SKU-TOYS-06146,139,Perth,2026-06-09
SKU-APPA-01443,75,Auckland,2026-04-04
SKU-TOYS-07147,1,Melbourne,2026-05-09
SKU-GROC-09069,79,Adelaide,2026-04-04
SKU-APPA-02022,,Wellington,2026-02-08
SKU-SPOR-04198,281,Sydney,2026-05-16
SKU-HEAL-11125,,Perth,2026-01-11
SKU-OFFI-10021,352,Adelaide,2026-04-16
SKU-GROC-09527,448,Adelaide,2026-01-11
SKU-SPOR-03869,306,Auckland,2026-04-17
SKU-BEAU-04941,355,Auckland,2026-07-28
SKU-GROC-09277,142,Sydney,2026-02-08
SKU-AUTO-08298,154,Auckland,2026-01-28
SKU-HOME-02909,393,Melbourne,2026-06-20
SKU-HEAL-11383,34,Brisbane,2026-05-01
SKU-HOME-03254,114,Sydney,2026-04-06
SKU-BEAU-05988,237,Christchurch,2026-06-16
SKU-AUTO-07491,381,Perth,2026-05-05
SKU-OFFI-10404,494,Perth,2026-02-12
SKU-HOME-02529,11,Sydney,2026-04-03
SKU-GROC-08573,345,Adelaide,2026-03-02
SKU-SPOR-04277,,Sydney,2026-04-15
SKU-HOME-03189,16,Perth,2026-03-21
SKU-BEAU-05022,227,Melbourne,2026-01-26
SKU-GROC-08887,37,Wellington,2026-02-06
SKU-OFFI-10553,499,Brisbane,2026-04-05
SKU-SPOR-04742,22,Perth,2026-05-09
SKU-GROC-08528,320,Wellington,2026-04-02
SKU-HEAL-11272,355,Christchurch,2026-03-16
SKU-HEAL-10848,238,Melbourne,2026-05-21
SKU-TOYS-06462,340,Adelaide,2026-02-18
SKU-HEAL-11860,25,Auckland,2026-03-20
SKU-APPA-01375,281,Wellington,2026-02-22
SKU-APPA-01425,127,Perth,2026-01-13
SKU-APPA-02367,302,Wellington,2026-02-23
SKU-GROC-08985,459,Brisbane,2026-02-04
SKU-ELEC-00473,195,Melbourne,2026-02-04
SKU-SPOR-03615,28,Christchurch,2026-03-25
SKU-ELEC-00481,283,Melbourne,2026-04-01
SKU-HOME-03555,276,Wellington,2026-06-09
SKU-BEAU-05146,286,Christchurch,2026-05-16
SKU-HEAL-11358,297,Perth,2026-07-25
SKU-ELEC-00061,209,Wellington,2026-05-19
SKU-ELEC-00998,7,Christchurch,2026-07-17
SKU-HEAL-11193,199,Wellington,2026-05-03
SKU-HOME-02646,103,Wellington,2026-02-27
SKU-APPA-01274,144,Perth,2026-06-16
SKU-ELEC-01149,337,Wellington,2026-07-07
SKU-ELEC-00046,66,Sydney,2026-04-12
SKU-AUTO-07535,105,Sydney,2026-03-28
SKU-HEAL-10992,278,Sydney,2026-07-24
SKU-TOYS-06284,2,Perth,2026-06-17
SKU-AUTO-08258,165,Adelaide,2026-03-01
SKU-OFFI-10291,104,Sydney,2026-05-01
SKU-BEAU-05860,201,Adelaide,2026-07-12
SKU-HOME-03451,306,Wellington,2026-05-19
SKU-OFFI-09974,133,Adelaide,2026-04-02
SKU-SPOR-04050,208,Sydney,2026-04-17
SKU-APPA-01220,402,Brisbane,2026-06-23
SKU-AUTO-07529,182,Perth,2026-05-20
SKU-HEAL-10974,189,Christchurch,2026-07-08
SKU-APPA-02359,12,Wellington,2026-01-11
SKU-GROC-08989,15,Adelaide,2026-07-25
SKU-GROC-08797,242,Melbourne,2026-07-14
SKU-ELEC-00829,246,Melbourne,2026-06-20
SKU-AUTO-07397,249,Perth,2026-06-06
SKU-OFFI-10566,173,Sydney,2026-06-15
SKU-TOYS-06019,153,Brisbane,2026-02-19
SKU-AUTO-08362,152,Auckland,2026-03-06
SKU-GROC-08546,498,Adelaide,2026-03-01
SKU-APPA-01432,376,Christchurch,2026-05-01
SKU-APPA-02380,135,Melbourne,2026-04-04
SKU-TOYS-06552,388,Auckland,2026-04-03
SKU-APPA-02031,204,Christchurch,2026-06-28
SKU-APPA-01795,217,Wellington,2026-06-19
SKU-BEAU-05723,125,Wellington,2026-06-04
SKU-BEAU-05808,250,Wellington,2026-02-25
SKU-OFFI-10765,478,Christchurch,2026-03-07
SKU-TOYS-06473,132,Sydney,2026-05-18
SKU-GROC-09230,50,Christchurch,2026-02-27
SKU-GROC-08539,207,Wellington,2026-04-20
SKU-GROC-09068,133,Wellington,2026-02-23
SKU-APPA-02292,17,Christchurch,2026-03-06
SKU-GROC-08716,354,Brisbane,2026-06-01
SKU-TOYS-06849,314,Melbourne,2026-04-19
SKU-GROC-08624,112,Auckland,2026-01-16
SKU-HEAL-11110,313,Christchurch,2026-01-14
SKU-HOME-02547,128,Sydney,2026-01-07
SKU-TOYS-06248,,Brisbane,2026-03-27
SKU-BEAU-05324,408,Auckland,2026-03-05
SKU-HOME-03154,374,Melbourne,2026-04-28
SKU-ELEC-00216,499,Wellington,2026-07-21
SKU-TOYS-06388,89,Wellington,2026-02-27
SKU-BEAU-05738,169,Sydney,2026-04-10
SKU-ELEC-00746,104,Christchurch,2026-01-13
SKU-ELEC-00277,,Christchurch,2026-06-10
SKU-OFFI-10535,286,Auckland,2026-05-10
SKU-OFFI-09792,438,Melbourne,2026-06-17
SKU-APPA-01630,332,Brisbane,2026-04-02
SKU-ELEC-00544,204,Christchurch,2026-03-26
SKU-GROC-09188,414,Melbourne,2026-01-03
SKU-GROC-09374,348,Melbourne,2026-02-01
SKU-TOYS-06002,299,Auckland,2026-01-08
SKU-SPOR-04692,6,Sydney,2026-07-01
SKU-SPOR-04580,103,Sydney,2026-06-17
SKU-BEAU-05566,354,Auckland,2026-05-25
SKU-ELEC-00516,214,Perth,2026-03-09
SKU-GROC-08854,193,Melbourne,2026-07-10
SKU-SPOR-04353,415,Auckland,2026-02-06
SKU-ELEC-00900,483,Perth,2026-04-06
SKU-HOME-02435,120,Sydney,2026-05-01
SKU-AUTO-08090,354,Brisbane,2026-03-01
SKU-BEAU-05337,487,Sydney,2026-01-22
SKU-ELEC-00956,354,Perth,2026-03-08
SKU-BEAU-05970,198,Christchurch,2026-01-18
SKU-ELEC-00506,473,Perth,2026-02-18
SKU-AUTO-07420,195,Perth,2026-04-21
SKU-HOME-03143,241,Melbourne,2026-05-17
SKU-TOYS-06286,286,Auckland,2026-07-03
SKU-GROC-08581,481,Wellington,2026-04-10
SKU-HOME-03125,,Melbourne,2026-05-16
SKU-TOYS-07046,350,Brisbane,2026-04-22
SKU-HOME-02668,494,Brisbane,2026-06-01
SKU-BEAU-05076,478,Auckland,2026-04-22
SKU-ELEC-01042,365,Adelaide,2026-07-13
SKU-ELEC-00363,313,Sydney,2026-04-16
SKU-OFFI-10077,77,Brisbane,2026-03-11
SKU-HEAL-11685,396,Wellington,2026-04-06
SKU-HEAL-11519,,Wellington,2026-07-21
SKU-ELEC-00739,373,Perth,2026-06-09
SKU-ELEC-00764,86,Brisbane,2026-01-21
SKU-BEAU-05937,318,Melbourne,2026-02-13
SKU-AUTO-08061,270,Wellington,2026-06-21
SKU-AUTO-07376,239,Christchurch,2026-02-18
SKU-ELEC-00526,425,Auckland,2026-04-22
SKU-HEAL-10822,290,Perth,2026-07-23
SKU-GROC-09413,20,Sydney,2026-01-12
SKU-OFFI-10296,,Melbourne,2026-07-18
SKU-OFFI-10463,287,Perth,2026-07-19
SKU-TOYS-06604,,Christchurch,2026-07-05
SKU-GROC-09551,99,Auckland,2026-04-15
SKU-APPA-01983,74,Perth,2026-05-28
SKU-APPA-01854,47,Melbourne,2026-04-02
SKU-TOYS-06527,158,Sydney,2026-05-22
SKU-APPA-01285,196,Auckland,2026-01-19
SKU-TOYS-06725,278,Christchurch,2026-01-25
SKU-OFFI-09836,444,Perth,2026-03-13
SKU-AUTO-07704,157,Auckland,2026-03-07
SKU-ELEC-00999,40,Christchurch,2026-07-08
SKU-SPOR-04195,316,Adelaide,2026-05-18
SKU-TOYS-06035,,Christchurch,2026-07-26
SKU-HEAL-11467,241,Brisbane,2026-05-20
SKU-HEAL-11397,197,Wellington,2026-05-12
SKU-HOME-02988,271,Wellington,2026-06-28
SKU-HEAL-11147,401,Christchurch,2026-05-17
SKU-OFFI-10529,409,Wellington,2026-03-12
SKU-ELEC-00026,292,Perth,2026-06-22
SKU-BEAU-05586,3,Auckland,2026-02-08
SKU-TOYS-06656,226,Perth,2026-04-12
SKU-AUTO-07576,389,Melbourne,2026-07-19
SKU-HOME-02545,498,Perth,2026-07-17
SKU-TOYS-06806,331,Wellington,2026-07-14
SKU-SPOR-03895,383,Wellington,2026-04-28
SKU-OFFI-10625,321,Adelaide,2026-04-19
SKU-ELEC-00866,46,Auckland,2026-05-23
SKU-OFFI-10420,391,Adelaide,2026-03-18
SKU-OFFI-09775,403,Adelaide,2026-02-26
SKU-ELEC-00458,154,Auckland,2026-06-20
SKU-SPOR-03899,158,Christchurch,2026-03-20
SKU-GROC-08402,69,Brisbane,2026-03-23
SKU-BEAU-05529,176,Brisbane,2026-04-10
SKU-HOME-02813,371,Perth,2026-02-07
SKU-HEAL-11451,273,Sydney,2026-07-05
SKU-ELEC-00118,151,Perth,2026-03-09
SKU-HOME-02926,35,Wellington,2026-02-18
SKU-TOYS-06329,326,Melbourne,2026-02-09
SKU-TOYS-06475,126,Wellington,2026-04-12
SKU-HOME-03346,304,Brisbane,2026-01-15
SKU-HEAL-11821,473,Sydney,2026-03-22
SKU-SPOR-04480,147,Wellington,2026-01-25
SKU-APPA-02188,422,Auckland,2026-05-11
SKU-BEAU-04967,439,Sydney,2026-02-22
SKU-APPA-01680,151,Adelaide,2026-05-11
SKU-HEAL-11974,98,Sydney,2026-04-08
SKU-BEAU-05363,357,Adelaide,2026-05-21
SKU-ELEC-00945,472,Auckland,2026-07-04
SKU-GROC-08961,392,Melbourne,2026-07-11
SKU-AUTO-07998,67,Sydney,2026-07-20
SKU-TOYS-06583,271,Sydney,2026-02-05
SKU-GROC-09580,258,Sydney,2026-07-24
SKU-AUTO-07943,352,Melbourne,2026-01-18
SKU-OFFI-10355,241,Perth,2026-04-25
SKU-APPA-01476,430,Auckland,2026-03-18
SKU-ELEC-00379,157,Auckland,2026-07-15
SKU-TOYS-06874,113,Melbourne,2026-01-23
SKU-GROC-08548,341,Wellington,2026-02-25
SKU-APPA-02176,149,Adelaide,2026-05-16
SKU-HOME-02866,201,Melbourne,2026-04-09
SKU-APPA-01616,52,Melbourne,2026-05-10
SKU-BEAU-05983,499,Perth,2026-06-02
SKU-ELEC-01066,253,Christchurch,2026-01-21
SKU-TOYS-06738,361,Brisbane,2026-03-04
SKU-ELEC-00727,160,Brisbane,2026-03-18
SKU-ELEC-00308,57,Brisbane,2026-04-28
SKU-BEAU-05444,359,Adelaide,2026-02-22
SKU-BEAU-05947,462,Perth,2026-04-10
SKU-GROC-08439,118,Brisbane,2026-03-24
SKU-OFFI-10321,342,Christchurch,2026-01-14
SKU-OFFI-10053,257,Perth,2026-05-07
SKU-OFFI-10567,260,Brisbane,2026-06-26
SKU-HEAL-11917,155,Auckland,2026-05-19
SKU-HOME-02447,17,Perth,2026-05-17
SKU-GROC-08435,39,Perth,2026-05-13
SKU-SPOR-04732,90,Adelaide,2026-05-19
SKU-BEAU-05060,270,Christchurch,2026-02-14
SKU-ELEC-00267,,Sydney,2026-02-10
SKU-ELEC-00937,425,Brisbane,2026-04-25
SKU-AUTO-07989,132,Brisbane,2026-02-24
SKU-TOYS-06182,497,Christchurch,2026-03-22
SKU-HOME-03336,475,Christchurch,2026-07-27
SKU-BEAU-05335,448,Adelaide,2026-07-18
SKU-HEAL-10984,202,Perth,2026-07-19
SKU-OFFI-10134,47,Auckland,2026-06-05
SKU-SPOR-04083,71,Sydney,2026-03-02
SKU-TOYS-06986,287,Adelaide,2026-05-06
SKU-HOME-03289,100,Adelaide,2026-03-05
SKU-GROC-08635,4,Adelaide,2026-01-01
SKU-SPOR-03857,,Sydney,2026-07-16
SKU-AUTO-07334,91,Brisbane,2026-06-19
SKU-AUTO-08031,230,Perth,2026-05-15
SKU-HOME-03005,445,Christchurch,2026-04-23
SKU-APPA-02059,275,Auckland,2026-04-22
SKU-SPOR-04528,193,Perth,2026-03-19
SKU-APPA-01862,102,Adelaide,2026-03-24
SKU-HOME-02671,484,Auckland,2026-07-08
SKU-HOME-03229,96,Perth,2026-02-28
SKU-APPA-02347,435,Melbourne,2026-01-26
SKU-SPOR-03937,328,Sydney,2026-07-17
SKU-HOME-02505,130,Wellington,2026-04-05
SKU-TOYS-06943,254,Sydney,2026-06-02
SKU-SPOR-03920,244,Melbourne,2026-02-09
SKU-OFFI-10307,185,Melbourne,2026-07-25
SKU-SPOR-04038,124,Adelaide,2026-05-10
SKU-AUTO-07986,112,Christchurch,2026-07-16
SKU-SPOR-04124,123,Wellington,2026-05-06
SKU-OFFI-10271,121,Brisbane,2026-02-02
SKU-BEAU-05155,158,Perth,2026-07-07
SKU-GROC-09419,236,Christchurch,2026-03-09
SKU-BEAU-05157,,Perth,2026-03-15
SKU-GROC-08844,99,Perth,2026-03-28
SKU-HOME-02707,296,Melbourne,2026-01-12
SKU-GROC-09437,297,Perth,2026-01-15
SKU-APPA-01493,320,Sydney,2026-03-05
SKU-BEAU-05663,453,Brisbane,2026-03-18
SKU-HOME-02887,191,Sydney,2026-06-26
SKU-OFFI-09910,11,Auckland,2026-03-18
SKU-BEAU-05557,256,Melbourne,2026-02-03
SKU-ELEC-00464,352,Wellington,2026-02-23
SKU-TOYS-07100,57,Brisbane,2026-05-07
SKU-APPA-01236,486,Auckland,2026-03-17
SKU-AUTO-08379,187,Brisbane,2026-06-06
SKU-ELEC-00800,398,Wellington,2026-04-19
SKU-HOME-03298,170,Perth,2026-06-28
SKU-GROC-08506,339,Wellington,2026-02-22
SKU-APPA-02005,220,Auckland,2026-05-16
SKU-ELEC-00242,463,Sydney,2026-03-25
SKU-HOME-03384,276,Sydney,2026-03-03
SKU-AUTO-07808,267,Adelaide,2026-06-03
SKU-OFFI-10673,324,Perth,2026-04-27
SKU-APPA-01975,394,Wellington,2026-07-09
SKU-BEAU-05751,370,Brisbane,2026-05-18
SKU-HEAL-11704,260,Adelaide,2026-02-02
SKU-OFFI-09855,117,Sydney,2026-01-05
SKU-HEAL-10852,481,Christchurch,2026-05-02
SKU-BEAU-04820,385,Adelaide,2026-07-09
SKU-SPOR-04431,143,Auckland,2026-06-28
SKU-OFFI-09639,310,Wellington,2026-05-23
SKU-HOME-02418,192,Adelaide,2026-03-09
SKU-ELEC-00289,,Adelaide,2026-07-27
SKU-TOYS-07017,263,Sydney,2026-06-16
SKU-AUTO-07310,134,Auckland,2026-02-04
SKU-AUTO-07291,360,Auckland,2026-05-21
SKU-AUTO-08154,429,Melbourne,2026-03-11
SKU-APPA-01473,224,Wellington,2026-06-17
SKU-OFFI-09790,93,Adelaide,2026-07-08
SKU-GROC-09581,439,Perth,2026-03-28
SKU-SPOR-04503,101,Sydney,2026-05-16
SKU-HEAL-10814,10,Brisbane,2026-06-24
SKU-BEAU-04897,18,Melbourne,2026-06-26
SKU-APPA-01870,490,Wellington,2026-04-02
SKU-GROC-09273,425,Auckland,2026-04-06
SKU-BEAU-05822,486,Perth,2026-05-24
SKU-GROC-09421,338,Perth,2026-04-12
SKU-TOYS-06925,180,Sydney,2026-04-24
SKU-GROC-09184,75,Wellington,2026-04-27
SKU-GROC-08626,150,Auckland,2026-01-26
SKU-OFFI-10601,471,Auckland,2026-03-03
SKU-SPOR-04351,439,Perth,2026-04-05
SKU-AUTO-07322,183,Sydney,2026-07-19
SKU-SPOR-04382,340,Melbourne,2026-07-09
SKU-OFFI-10010,179,Melbourne,2026-03-21
SKU-AUTO-08102,241,Brisbane,2026-01-19
SKU-HEAL-10870,464,Wellington,2026-06-04
SKU-AUTO-08095,126,Christchurch,2026-04-04
SKU-SPOR-04505,96,Sydney,2026-03-02
SKU-APPA-01429,381,Auckland,2026-04-24
SKU-HOME-02542,348,Brisbane,2026-05-07
SKU-ELEC-01085,105,Brisbane,2026-06-20
SKU-AUTO-08400,418,Wellington,2026-05-27
SKU-GROC-08888,396,Perth,2026-04-09
SKU-HEAL-11616,15,Sydney,2026-06-02
SKU-AUTO-07861,282,Auckland,2026-06-16
SKU-TOYS-06807,240,Brisbane,2026-04-03
SKU-HEAL-11736,321,Wellington,2026-06-07
SKU-SPOR-04727,40,Perth,2026-02-21
SKU-ELEC-00964,280,Brisbane,2026-03-10
SKU-APPA-01735,27,Christchurch,2026-02-19
SKU-GROC-08837,321,Melbourne,2026-03-22
SKU-ELEC-00724,235,Wellington,2026-06-05
SKU-TOYS-06382,293,Auckland,2026-07-05
SKU-ELEC-00787,26,Perth,2026-07-08
SKU-ELEC-01179,109,Christchurch,2026-05-17
SKU-ELEC-00407,217,Christchurch,2026-01-06
SKU-APPA-02247,291,Christchurch,2026-02-11
SKU-HOME-03097,225,Brisbane,2026-05-06
SKU-APPA-01865,449,Melbourne,2026-04-10
SKU-HEAL-11672,429,Sydney,2026-05-03
SKU-OFFI-10169,335,Auckland,2026-01-15
SKU-BEAU-05178,197,Perth,2026-05-21
SKU-HEAL-11962,482,Sydney,2026-05-16
SKU-BEAU-05913,352,Brisbane,2026-07-19
SKU-GROC-09353,172,Christchurch,2026-01-19
SKU-APPA-01463,313,Christchurch,2026-01-10
SKU-HOME-02952,398,Brisbane,2026-05-13
SKU-OFFI-10784,366,Melbourne,2026-04-15
SKU-ELEC-00020,31,Perth,2026-02-16
SKU-OFFI-10409,273,Brisbane,2026-04-19
SKU-SPOR-04711,291,Auckland,2026-03-08
SKU-OFFI-10230,208,Adelaide,2026-03-24
SKU-GROC-09005,132,Melbourne,2026-07-23
SKU-GROC-08948,186,Wellington,2026-04-13
SKU-OFFI-10337,190,Wellington,2026-03-27
SKU-GROC-09264,119,Christchurch,2026-05-04
SKU-AUTO-08099,213,Sydney,2026-04-23
SKU-ELEC-00240,497,Melbourne,2026-05-09
SKU-SPOR-03691,168,Wellington,2026-03-14
SKU-BEAU-05162,129,Adelaide,2026-02-22
SKU-TOYS-07057,229,Adelaide,2026-04-19
SKU-HOME-03377,300,Melbourne,2026-01-10
SKU-HEAL-11082,140,Wellington,2026-02-21
SKU-OFFI-09809,323,Christchurch,2026-07-21
SKU-HOME-03504,434,Auckland,2026-01-13
SKU-APPA-02362,292,Perth,2026-01-25
SKU-TOYS-06361,394,Sydney,2026-05-27
SKU-HEAL-11023,199,Wellington,2026-05-04
SKU-HEAL-11090,257,Perth,2026-02-01
SKU-AUTO-07526,63,Auckland,2026-01-19
SKU-SPOR-03780,357,Brisbane,2026-05-23
SKU-TOYS-06547,99,Adelaide,2026-03-21
SKU-OFFI-10364,,Adelaide,2026-04-06
SKU-SPOR-03608,97,Sydney,2026-02-08
SKU-HEAL-10915,111,Auckland,2026-01-26
SKU-TOYS-06696,276,Sydney,2026-05-19
SKU-SPOR-04281,394,Brisbane,2026-01-10
SKU-HEAL-11553,186,Brisbane,2026-01-24
SKU-APPA-01773,216,Sydney,2026-03-19
SKU-HEAL-11940,355,Sydney,2026-05-10
SKU-ELEC-00450,318,Christchurch,2026-02-02
SKU-HEAL-10999,454,Adelaide,2026-02-28
SKU-TOYS-06883,401,Melbourne,2026-05-20
SKU-TOYS-07045,30,Christchurch,2026-05-14
SKU-AUTO-07884,450,Auckland,2026-03-12
SKU-APPA-01202,115,Melbourne,2026-03-25
SKU-APPA-02045,221,Sydney,2026-05-24
SKU-GROC-08746,,Wellington,2026-07-03
SKU-GROC-08747,283,Adelaide,2026-05-19
SKU-HOME-02427,238,Melbourne,2026-07-26
SKU-BEAU-04998,408,Melbourne,2026-04-20
SKU-BEAU-05291,373,Sydney,2026-03-07
SKU-ELEC-00530,314,Melbourne,2026-01-11
SKU-OFFI-10286,351,Perth,2026-02-17
SKU-AUTO-07954,403,Brisbane,2026-03-02
SKU-BEAU-04979,140,Christchurch,2026-06-23
SKU-TOYS-06961,344,Perth,2026-05-26
SKU-AUTO-08323,175,Wellington,2026-06-11
SKU-HEAL-11457,,Christchurch,2026-03-19
SKU-HEAL-11873,484,Adelaide,2026-05-25
SKU-HOME-02814,28,Adelaide,2026-06-02
SKU-BEAU-05831,244,Brisbane,2026-05-09
SKU-ELEC-01012,249,Melbourne,2026-02-09
SKU-HOME-02645,324,Brisbane,2026-01-15
SKU-GROC-08851,186,Perth,2026-05-01
SKU-HOME-03518,378,Auckland,2026-02-15
SKU-BEAU-05341,278,Adelaide,2026-01-15
SKU-BEAU-05612,367,Adelaide,2026-05-22
SKU-AUTO-07402,108,Wellington,2026-01-08
SKU-HOME-02874,37,Sydney,2026-06-05
SKU-HEAL-11881,459,Adelaide,2026-02-23
SKU-OFFI-09780,262,Melbourne,2026-07-10
SKU-BEAU-05033,455,Melbourne,2026-05-07
SKU-GROC-09354,405,Perth,2026-05-27
SKU-TOYS-07108,165,Perth,2026-01-01
SKU-OFFI-10489,125,Adelaide,2026-05-27
SKU-AUTO-07553,193,Auckland,2026-06-26
SKU-AUTO-07786,172,Brisbane,2026-07-22
SKU-GROC-09400,90,Wellington,2026-04-15
SKU-BEAU-05969,119,Adelaide,2026-01-17
SKU-BEAU-04863,220,Sydney,2026-02-09
SKU-GROC-08603,175,Perth,2026-07-23
SKU-APPA-01738,127,Perth,2026-03-11
SKU-HEAL-10908,409,Christchurch,2026-07-20
SKU-AUTO-07680,212,Wellington,2026-05-03
SKU-BEAU-05354,161,Perth,2026-01-25
SKU-TOYS-06751,428,Christchurch,2026-03-03
SKU-ELEC-00908,272,Perth,2026-07-28
SKU-HEAL-11756,259,Christchurch,2026-05-24
SKU-AUTO-08152,245,Auckland,2026-03-09
SKU-OFFI-09776,152,Wellington,2026-04-28
SKU-HOME-02896,242,Christchurch,2026-02-08
